Test,Animal,Treatment,Code,Stage,Trial,Apparatus,Date,Duration,Distance,Mean speed,NE : time,NE : distance,NE : average speed,NW : time,NW : distance,NW : average speed,SE : time,SE : distance,SE : average speed,SW : time,SW : distance,SW : average speed,Island : distance to first entry,Island : latency to first entry,Thigmitaxis : time,Thigmitaxis : distance,Thigmitaxis : average speed,Diet
1,210112_1,E4HN_F,D,Day1,1,MWM_150,4/19/21,11.5,0.463,0.04,0,0,,0,0,,0,0,,11.5,0.463,0.04,0.424,7.4,0,0,,HFD
2,210112_2,E4HN_F,D,Day1,1,MWM_150,4/19/21,49.3,6.519,0.132,0.4,0.05,0.137,25.6,3.392,0.133,2.3,0.422,0.184,14.4,1.698,0.118,6.481,45.3,6.7,0.957,0.143,HFD
3,210112_4,E4HN_F,D,Day1,1,MWM_150,4/19/21,60,9.482,0.158,13.1,2.67,0.203,18,3.215,0.179,1.4,0.296,0.211,4.2,0.62,0.148,,,23.3,2.681,0.115,HFD
4,210112_5,E4HN_M,F,Day1,1,MWM_150,4/19/21,60,11.398,0.19,19,4.303,0.227,11.8,1.679,0.142,2.6,0.471,0.18,2.5,0.23,0.091,,,24.1,4.715,0.196,Control
5,210112_6,E4HN_M,F,Day1,1,MWM_150,4/19/21,40.2,7.081,0.176,2.5,0.476,0.193,4.4,0.891,0.201,1.6,0.324,0.207,19.2,3.641,0.189,6.429,36.2,12.5,1.749,0.14,Control
6,210112_7,E4HN_M,F,Day1,1,MWM_150,4/19/21,60,10.741,0.179,1.6,0.387,0.237,19,2.764,0.145,5.3,1.199,0.226,10.1,2.328,0.231,,,23.9,4.062,0.17,Control
7,210112_8,E4HN_M,F,Day1,1,MWM_150,4/19/21,7.5,0.843,0.112,0,0,,0,0,,0,0,,7.5,0.843,0.112,0.566,3.5,0,0,,Control
8,210112_9,E4HN_M,F,Day1,1,MWM_150,4/19/21,60,11.801,0.197,6.1,1.35,0.221,6.3,1.334,0.211,15.3,3.49,0.228,8,1.744,0.219,,,24.3,3.884,0.16,HFD
9,210112_10,E4HN_M,F,Day1,1,MWM_150,4/19/21,8.8,0.938,0.107,0,0,,0,0,,2.3,0.49,0.213,6.5,0.449,0.069,0.853,4.8,0,0,,HFD
10,210112_11,E4HN_M,F,Day1,1,MWM_150,4/19/21,42.3,3.765,0.089,0,0,,0,0,,11.3,0.94,0.083,19,1.98,0.104,3.247,38.2,12.1,0.846,0.07,HFD
11,210112_12,E4HN_M,F,Day1,1,MWM_150,4/19/21,54.8,6.863,0.125,1.2,0.209,0.169,11.8,1.69,0.143,5.3,0.701,0.132,17.7,2.438,0.138,6.069,50.7,18.7,1.826,0.097,HFD
12,210112_13,E4HN_F,D,Day1,1,MWM_150,4/19/21,19.4,3.1,0.16,0,0,,8.7,1.676,0.193,0,0,,9.9,1.297,0.131,2.945,15.3,0.8,0.127,0.166,Control
13,210112_14,E4HN_F,D,Day1,1,MWM_150,4/19/21,60,9.275,0.155,3.6,0.629,0.175,9,1.67,0.187,1.6,0.333,0.208,9.3,1.554,0.167,,,37.8,5.293,0.14,Control
14,210112_15,E4HN_F,D,Day1,1,MWM_150,4/19/21,19,3.072,0.161,0,0,,2.1,0.334,0.156,1.1,0.201,0.177,15.8,2.538,0.161,2.97,15,0,0,,Control
15,210112_16,E4HN_F,D,Day1,1,MWM_150,4/19/21,60,10.068,0.168,18.2,3.542,0.195,8.7,1.642,0.189,9.2,1.875,0.204,5.4,0.929,0.172,,,18.5,2.08,0.112,Control
16,210112_17,E4HN_F,D,Day1,1,MWM_150,4/19/21,60,11.575,0.193,3.3,0.738,0.224,0.7,0.135,0.181,10.8,2.103,0.195,21.4,3.717,0.174,,,23.8,4.882,0.205,Control
17,210112_18,E3HN_M,C,Day1,1,MWM_150,4/19/21,60,9.054,0.151,1.6,0.3,0.192,29.3,4.488,0.153,0.9,0.174,0.193,5.8,0.981,0.168,,,23.3,3.297,0.142,HFD
18,210112_19,E3HN_M,C,Day1,1,MWM_150,4/19/21,60,7.739,0.129,0,0,,18.5,2.821,0.153,0.4,0.082,0.224,8.7,0.804,0.093,,,34.5,4.371,0.127,HFD
19,210112_20,E3HN_M,C,Day1,1,MWM_150,4/19/21,60,10.128,0.169,1.4,0.193,0.135,14,3.339,0.238,10.2,1.671,0.164,10.4,1.935,0.186,,,24.5,3.087,0.126,HFD
20,210112_21,E3HN_F,E,Day1,1,MWM_150,4/19/21,60,7.754,0.129,3.6,0.328,0.091,22.6,3.178,0.141,1.8,0.141,0.08,11.7,1.285,0.11,,,20.4,2.821,0.138,HFD
21,210112_23,E3HN_F,E,Day1,1,MWM_150,4/19/21,60,5.326,0.089,10.3,1.54,0.149,21.5,1.728,0.08,3.4,0.387,0.114,5.4,0.297,0.055,,,19.4,1.373,0.071,HFD
22,210112_24,E3HN_F,E,Day1,1,MWM_150,4/19/21,60,10.734,0.179,2.6,0.484,0.186,15,3.073,0.205,4.6,0.926,0.203,14.9,2.807,0.188,,,22.9,3.445,0.15,HFD
23,210112_25,E44_M,A,Day1,1,MWM_150,4/19/21,60,10.916,0.182,0,0,,0.5,0.088,0.177,1.7,0.298,0.179,10.1,1.289,0.128,,,48.3,9.363,0.194,HFD
24,210112_26,E44_M,A,Day1,1,MWM_150,4/19/21,57,6.712,0.118,0,0,,29.3,4.189,0.143,1,0.105,0.105,10.1,0.637,0.063,6.628,52.9,16.9,1.827,0.108,HFD
25,210112_27,E44_F,B,Day1,1,MWM_150,4/19/21,60,11.578,0.193,3.4,0.759,0.221,7.7,1.209,0.158,5.9,1.024,0.175,13.8,2.792,0.202,,,29.2,5.794,0.198,HFD
26,210112_28,E44_F,B,Day1,1,MWM_150,4/19/21,26.3,4.125,0.157,7,1.2,0.172,5.1,0.944,0.186,1.1,0.204,0.191,8.4,0.945,0.112,4.125,22.3,4.8,0.832,0.173,HFD
27,210112_29,E44_F,B,Day1,1,MWM_150,4/19/21,59.1,11.718,0.198,2.6,0.369,0.14,0,0,,9.3,2.041,0.22,16.4,2.406,0.147,11.678,55,30.7,6.902,0.225,HFD
28,210112_1,E4HN_F,D,Day1,2,MWM_150,4/19/21,60,8.018,0.134,27.1,3.597,0.133,6.5,1.056,0.162,9.5,1.646,0.173,0,0,,,,16.9,1.718,0.102,HFD
29,210112_2,E4HN_F,D,Day1,2,MWM_150,4/19/21,42,5.768,0.137,13.5,1.363,0.101,3.1,0.662,0.214,1,0.179,0.173,5.7,0.378,0.067,5.691,38,18.8,3.186,0.17,HFD
30,210112_4,E4HN_F,D,Day1,2,MWM_150,4/19/21,49,7.846,0.16,17.5,2.699,0.155,1.6,0.34,0.217,11.5,2.481,0.215,6.3,0.969,0.153,7.382,44.9,12.1,1.357,0.112,HFD
31,210112_5,E4HN_M,F,Day1,2,MWM_150,4/19/21,60,11.083,0.185,17.4,1.413,0.081,5.9,1.494,0.255,2.7,0.698,0.259,0,0,,,,34,7.479,0.22,Control
32,210112_6,E4HN_M,F,Day1,2,MWM_150,4/19/21,60,10.581,0.176,9.3,1.9,0.204,5.2,1.124,0.216,2.9,0.554,0.193,4,0.787,0.197,,,38.6,6.216,0.161,Control
33,210112_7,E4HN_M,F,Day1,2,MWM_150,4/19/21,60,9.48,0.158,15,1.089,0.073,4.1,0.815,0.199,3,0.638,0.214,0,0,,,,37.9,6.938,0.183,Control
34,210112_8,E4HN_M,F,Day1,2,MWM_150,4/19/21,44.7,8.005,0.179,20,2.939,0.147,8.6,2.122,0.248,2,0.432,0.216,5.7,1.157,0.204,7.107,40.6,8.4,1.356,0.161,Control
35,210112_9,E4HN_M,F,Day1,2,MWM_150,4/19/21,21.6,4.274,0.198,6.8,1.475,0.218,1.1,0.261,0.237,3.3,0.826,0.248,7.4,0.847,0.114,4.194,17.6,3,0.866,0.289,HFD
36,210112_10,E4HN_M,F,Day1,2,MWM_150,4/19/21,60,9.528,0.159,4.3,0.576,0.135,2.7,0.524,0.192,1.7,0.238,0.14,2.7,0.472,0.175,,,48.6,7.718,0.159,HFD
37,210112_11,E4HN_M,F,Day1,2,MWM_150,4/19/21,60,7.762,0.129,30.6,3.662,0.12,2.4,0.41,0.171,7.3,1.348,0.184,0,0,,,,19.7,2.343,0.119,HFD
38,210112_12,E4HN_M,F,Day1,2,MWM_150,4/19/21,60,9.041,0.151,8.4,1.149,0.136,1,0.212,0.219,10.4,1.699,0.163,2.2,0.342,0.156,,,38,5.639,0.148,HFD
39,210112_13,E4HN_F,D,Day1,2,MWM_150,4/19/21,60,11.914,0.199,18.5,3.883,0.21,8.3,1.926,0.232,4.6,0.996,0.215,2.7,0.535,0.198,,,25.8,4.574,0.177,Control
40,210112_14,E4HN_F,D,Day1,2,MWM_150,4/19/21,60,11.071,0.185,4.5,0.652,0.144,3.3,0.666,0.205,0,0,,5,1.005,0.201,,,47.2,8.748,0.185,Control
41,210112_15,E4HN_F,D,Day1,2,MWM_150,4/19/21,60,11.714,0.195,14.6,2.898,0.199,7.1,1.538,0.218,4.5,0.983,0.22,1,0.316,0.316,,,33.7,6.244,0.185,Control
42,210112_16,E4HN_F,D,Day1,2,MWM_150,4/19/21,60,11.617,0.194,5.3,0.958,0.179,0,0,0,0,0,,0,0,,,,54.7,10.659,0.195,Control
43,210112_17,E4HN_F,D,Day1,2,MWM_150,4/19/21,60,11.797,0.197,10.1,1.603,0.159,4.3,0.997,0.234,10.3,2.161,0.21,0.1,0.042,0.317,,,35.4,7.036,0.199,Control
44,210112_18,E3HN_M,C,Day1,2,MWM_150,4/19/21,60,9.51,0.159,18.8,2.606,0.139,0.4,0.096,0.222,7.3,1.408,0.193,0,0,,,,33.5,5.4,0.161,HFD
45,210112_19,E3HN_M,C,Day1,2,MWM_150,4/19/21,60,10.126,0.169,4.9,0.804,0.165,3.4,0.771,0.229,10,2.146,0.214,5.7,1.286,0.227,,,36.1,5.118,0.142,HFD
46,210112_20,E3HN_M,C,Day1,2,MWM_150,4/19/21,60,8.868,0.148,4.1,0.574,0.141,5.7,1.216,0.213,0,0,,1.7,0.357,0.206,,,48.5,6.72,0.139,HFD
47,210112_21,E3HN_F,E,Day1,2,MWM_150,4/19/21,60,9.389,0.156,14.9,2.397,0.161,16.9,2.906,0.172,9,1.425,0.159,7,0.957,0.137,,,12.2,1.704,0.139,HFD
48,210112_23,E3HN_F,E,Day1,2,MWM_150,4/19/21,60,9.141,0.152,16.9,2.16,0.128,9.8,1.564,0.16,3.8,0.799,0.212,0,0,,,,29.6,4.618,0.156,HFD
49,210112_24,E3HN_F,E,Day1,2,MWM_150,4/19/21,29.9,4.236,0.142,13,1.985,0.153,0,0,,4.6,0.823,0.179,8.5,0.869,0.102,4.198,25.9,3.8,0.559,0.148,HFD
50,210112_25,E44_M,A,Day1,2,MWM_150,4/19/21,33.3,5.842,0.175,7.2,1.561,0.216,8.7,1.664,0.192,2.4,0.497,0.21,6.1,0.446,0.073,5.762,29.2,9.2,1.714,0.186,HFD
51,210112_26,E44_M,A,Day1,2,MWM_150,4/19/21,35.3,4.525,0.128,13.4,1.706,0.127,0.5,0.046,0.099,0,0,,5.5,0.242,0.044,4.44,31.2,15.9,2.532,0.16,HFD
52,210112_27,E44_F,B,Day1,2,MWM_150,4/19/21,60,11.263,0.188,10.1,1.552,0.153,2.9,0.607,0.209,15,2.75,0.183,2.9,0.625,0.216,,,29.1,5.73,0.197,HFD
53,210112_28,E44_F,B,Day1,2,MWM_150,4/19/21,60,12.849,0.214,19.8,3.919,0.198,1.9,0.459,0.248,6,1.634,0.274,0.8,0.171,0.205,,,32,6.795,0.213,HFD
54,210112_29,E44_F,B,Day1,2,MWM_150,4/19/21,52.2,8.673,0.166,8.5,1.462,0.173,1,0.221,0.228,0.6,0.127,0.2,11.1,1.449,0.13,8.63,48.1,31,5.414,0.175,HFD
55,210112_1,E4HN_F,D,Day1,3,MWM_150,4/19/21,60,8.282,0.138,2,0.388,0.194,14.8,1.927,0.13,7.9,1.327,0.167,13.5,2.436,0.181,,,21.8,2.205,0.101,HFD
56,210112_2,E4HN_F,D,Day1,3,MWM_150,4/19/21,60,8.708,0.145,4,0.393,0.099,27.3,3.794,0.139,4,0.649,0.162,10.6,1.896,0.178,,,14.1,1.976,0.14,HFD
57,210112_4,E4HN_F,D,Day1,3,MWM_150,4/19/21,60,9.453,0.158,3.6,0.752,0.209,21.8,4.059,0.186,3.9,0.724,0.186,3.5,0.692,0.196,,,27.1,3.226,0.119,HFD
58,210112_5,E4HN_M,F,Day1,3,MWM_150,4/19/21,60,11.087,0.185,2.7,0.453,0.17,13.7,1.667,0.122,2,0.484,0.246,0.3,0.053,0.201,,,41.4,8.429,0.203,Control
59,210112_6,E4HN_M,F,Day1,3,MWM_150,4/19/21,60,10.585,0.176,9.4,1.934,0.206,12.7,2.184,0.172,2.8,0.645,0.228,7.7,1.681,0.217,,,27.4,4.14,0.151,Control
60,210112_7,E4HN_M,F,Day1,3,MWM_150,4/19/21,60,8.894,0.148,4.7,0.817,0.175,18.2,1.706,0.094,3,0.559,0.186,6.3,1.419,0.225,,,28,4.462,0.159,Control
61,210112_8,E4HN_M,F,Day1,3,MWM_150,4/19/21,60,10.515,0.175,2.8,0.598,0.216,22.9,3.905,0.171,3.5,0.732,0.211,4.5,0.938,0.208,,,27.1,4.468,0.165,Control
62,210112_9,E4HN_M,F,Day1,3,MWM_150,4/19/21,60,10.215,0.17,8.3,1.971,0.238,2.7,0.478,0.175,0,0,,0,0,,,,49.1,7.765,0.158,HFD
63,210112_10,E4HN_M,F,Day1,3,MWM_150,4/19/21,60,9.479,0.158,11.8,2.245,0.191,11.9,1.761,0.148,4.5,1.023,0.227,0.8,0.129,0.162,,,31.1,4.321,0.139,HFD
64,210112_11,E4HN_M,F,Day1,3,MWM_150,4/19/21,60,8.531,0.142,0,0,,13.8,2.088,0.151,4.1,0.855,0.209,11.8,1.954,0.166,,,30.3,3.633,0.12,HFD
65,210112_12,E4HN_M,F,Day1,3,MWM_150,4/19/21,60,7.88,0.131,7,0.691,0.099,14.7,1.909,0.13,5,0.657,0.132,11.4,2.223,0.194,,,22,2.401,0.109,HFD
66,210112_13,E4HN_F,D,Day1,3,MWM_150,4/19/21,60,13.302,0.222,2.4,0.617,0.257,9.3,1.869,0.201,4.8,1.205,0.253,9,2.267,0.251,,,34.8,7.425,0.213,Control
67,210112_14,E4HN_F,D,Day1,3,MWM_150,4/19/21,60,10.181,0.17,1.3,0.225,0.173,12.1,2.182,0.18,2.3,0.459,0.199,0,0,0,,,46.6,7.82,0.168,Control
68,210112_15,E4HN_F,D,Day1,3,MWM_150,4/19/21,60,12.102,0.202,4.1,1.003,0.243,9,2.051,0.229,4.1,0.98,0.239,4.4,0.973,0.22,,,39.3,7.3,0.186,Control
69,210112_16,E4HN_F,D,Day1,3,MWM_150,4/19/21,13.5,2.034,0.151,1.6,0.29,0.181,3.8,0.828,0.215,0,0,,5.8,0.373,0.064,1.966,9.4,2.2,0.543,0.247,Control
70,210112_17,E4HN_F,D,Day1,3,MWM_150,4/19/21,60,11.884,0.198,7.6,1.628,0.215,10,1.953,0.196,3.5,0.81,0.229,4.2,0.622,0.147,,,34.7,6.872,0.198,Control
71,210112_18,E3HN_M,C,Day1,3,MWM_150,4/19/21,60,8.897,0.148,5.3,1.103,0.209,7.9,1.681,0.213,2.2,0.532,0.238,2,0.502,0.255,,,42.8,5.08,0.119,HFD
72,210112_19,E3HN_M,C,Day1,3,MWM_150,4/19/21,60,9.73,0.162,1.7,0.3,0.176,16.7,2.604,0.156,0,0,,0,0,,,,41.6,6.825,0.164,HFD
73,210112_20,E3HN_M,C,Day1,3,MWM_150,4/19/21,60,12.664,0.211,17.6,2.987,0.17,11.8,2.094,0.178,6.1,1.34,0.219,8.2,2.692,0.328,10.988,57.2,16.3,3.551,0.218,HFD
74,210112_21,E3HN_F,E,Day1,3,MWM_150,4/19/21,60,7.788,0.13,15.9,2.728,0.172,15.8,1.173,0.074,5.3,0.825,0.156,7.1,0.909,0.129,,,16,2.152,0.135,HFD
75,210112_23,E3HN_F,E,Day1,3,MWM_150,4/19/21,24.4,2.987,0.123,2.5,0.277,0.112,10.6,1.571,0.148,0,0,,6.3,0.272,0.043,2.987,20.3,5,0.868,0.173,HFD
76,210112_24,E3HN_F,E,Day1,3,MWM_150,4/19/21,23.8,3.033,0.128,1.4,0.176,0.126,9.8,1.652,0.168,0,0,,5.8,0.344,0.06,2.956,19.7,6.8,0.861,0.127,HFD
77,210112_25,E44_M,A,Day1,3,MWM_150,4/19/21,36,5.018,0.139,2.7,0.62,0.233,8.5,1.224,0.144,3.3,0.546,0.164,6.9,0.467,0.068,4.951,32,14.6,2.161,0.148,HFD
78,210112_26,E44_M,A,Day1,3,MWM_150,4/19/21,60,9.429,0.157,26.8,4.728,0.176,7.8,0.837,0.107,10,1.85,0.184,0,0,,,,15.3,2.013,0.132,HFD
79,210112_27,E44_F,B,Day1,3,MWM_150,4/19/21,13.6,1.11,0.082,0,0,,7.8,0.855,0.109,0,0,,5.8,0.256,0.044,1.072,9.5,0,0,,HFD
80,210112_28,E44_F,B,Day1,3,MWM_150,4/19/21,60,11.355,0.189,9.9,2.482,0.25,14.3,2.795,0.196,7.4,1.571,0.211,5.9,1.301,0.219,,,22.4,3.206,0.143,HFD
81,210112_29,E44_F,B,Day1,3,MWM_150,4/19/21,60,12.661,0.211,15.1,3.192,0.211,12.6,2.91,0.231,4.2,1.145,0.273,6.6,1.673,0.255,,,21.5,3.742,0.174,HFD
82,210112_1,E4HN_F,D,Day1,4,MWM_150,4/19/21,60,8.22,0.137,4.4,0.889,0.203,10.9,1.76,0.162,19.5,1.889,0.097,8.3,1.333,0.16,,,17,2.35,0.139,HFD
83,210112_2,E4HN_F,D,Day1,4,MWM_150,4/19/21,60,9.502,0.158,11.8,2.059,0.174,7.1,1.158,0.163,10.8,1.515,0.14,7.5,1.022,0.136,,,22.8,3.748,0.165,HFD
84,210112_4,E4HN_F,D,Day1,4,MWM_150,4/19/21,39.9,6.175,0.155,2.7,0.528,0.196,0,0,,12.4,2.288,0.184,13.6,1.928,0.142,6.098,35.8,11.2,1.432,0.128,HFD
85,210112_5,E4HN_M,F,Day1,4,MWM_150,4/19/21,10.6,0.733,0.069,0,0,,0,0,,1.6,0.107,0.067,9,0.626,0.07,0.7,6.5,0,0,,Control
86,210112_6,E4HN_M,F,Day1,4,MWM_150,4/19/21,42.3,6.315,0.149,3.7,0.718,0.196,5,1.024,0.205,11,2.157,0.197,12.4,1.443,0.116,6.243,38.3,10.3,0.972,0.095,Control
87,210112_7,E4HN_M,F,Day1,4,MWM_150,4/19/21,60,10.419,0.174,4.1,0.76,0.187,8.6,1.799,0.21,17.6,2.565,0.146,5.6,1.227,0.22,,,24.2,4.069,0.168,Control
88,210112_8,E4HN_M,F,Day1,4,MWM_150,4/19/21,41.5,4.882,0.118,3.8,0.687,0.182,3.2,0.6,0.186,10.6,1.329,0.125,16.1,1.239,0.077,4.815,37.4,7.8,1.027,0.132,Control
89,210112_9,E4HN_M,F,Day1,4,MWM_150,4/19/21,60,10.648,0.177,0,0,,2.7,0.714,0.261,7.4,1.636,0.22,1.2,0.3,0.243,,,49,8.075,0.165,HFD
90,210112_10,E4HN_M,F,Day1,4,MWM_150,4/19/21,37.8,5.065,0.134,0,0,,2.3,0.437,0.193,8,1.577,0.198,13.6,1.832,0.134,5.026,33.7,13.9,1.219,0.088,HFD
91,210112_11,E4HN_M,F,Day1,4,MWM_150,4/19/21,60,8.132,0.136,0,0,,0,0,,18,2.292,0.127,10.7,1.372,0.128,,,31.3,4.469,0.143,HFD
92,210112_12,E4HN_M,F,Day1,4,MWM_150,4/19/21,54,4.411,0.082,0,0,,0,0,,16.3,1.884,0.115,8.3,0.558,0.067,4.369,50,29.4,1.969,0.067,HFD
93,210112_13,E4HN_F,D,Day1,4,MWM_150,4/19/21,60,13.124,0.219,4,0.743,0.186,3.6,0.815,0.226,10.9,2.321,0.212,2.1,0.447,0.209,,,39.7,8.897,0.224,Control
94,210112_14,E4HN_F,D,Day1,4,MWM_150,4/19/21,60,10.693,0.178,3.3,0.658,0.201,2.5,0.356,0.142,15.8,2.774,0.176,1.9,0.366,0.196,,,36.6,6.54,0.179,Control
95,210112_15,E4HN_F,D,Day1,4,MWM_150,4/19/21,60,10.707,0.178,11.6,2.105,0.182,4.2,0.8,0.191,13.6,2.696,0.198,1.3,0.328,0.252,,,29.3,4.778,0.163,Control
96,210112_16,E4HN_F,D,Day1,4,MWM_150,4/19/21,60,11.654,0.194,3.7,0.771,0.21,4.7,0.935,0.197,11.9,2.517,0.212,1.9,0.386,0.207,,,38.5,7.164,0.186,Control
97,210112_17,E4HN_F,D,Day1,4,MWM_150,4/19/21,60,11.949,0.199,0,0,,0.8,0.156,0.204,9,1.415,0.157,0,0,,,,51,10.534,0.207,Control
98,210112_18,E3HN_M,C,Day1,4,MWM_150,4/19/21,60,10.486,0.175,12.5,2.838,0.227,3,0.645,0.217,10.1,1.659,0.164,0,0,,,,34.4,5.343,0.155,HFD
99,210112_19,E3HN_M,C,Day1,4,MWM_150,4/19/21,60,10.128,0.169,7,1.424,0.203,2.7,0.54,0.202,14.7,2.414,0.164,3.2,0.637,0.201,,,32.4,5.112,0.158,HFD
100,210112_20,E3HN_M,C,Day1,4,MWM_150,4/19/21,60,11.175,0.186,8.1,1.592,0.196,8.7,1.849,0.213,23.6,3.206,0.136,1.8,0.446,0.252,,,17.9,4.081,0.228,HFD
101,210112_21,E3HN_F,E,Day1,4,MWM_150,4/19/21,60,9.235,0.154,12.7,1.926,0.151,4.2,0.666,0.16,5.5,0.602,0.109,0.8,0.154,0.2,,,36.8,5.888,0.16,HFD
102,210112_23,E3HN_F,E,Day1,4,MWM_150,4/19/21,60,9.859,0.164,2.8,0.434,0.155,5.1,0.924,0.181,15.9,2.83,0.178,14,2.254,0.161,,,22.2,3.417,0.154,HFD
103,210112_24,E3HN_F,E,Day1,4,MWM_150,4/19/21,48.9,7.846,0.16,1.8,0.347,0.196,7,1.438,0.205,11.3,1.732,0.154,9.5,0.833,0.088,7.764,44.8,19.4,3.496,0.181,HFD
104,210112_25,E44_M,A,Day1,4,MWM_150,4/19/21,43.2,6.817,0.158,8.1,1.468,0.181,11.3,2.618,0.231,6.9,1.14,0.166,10,0.983,0.099,6.779,39.1,6.9,0.609,0.088,HFD
105,210112_26,E44_M,A,Day1,4,MWM_150,4/19/21,52.6,8.086,0.154,10.1,1.936,0.192,6.4,1.388,0.217,19.8,2.661,0.135,7.5,0.732,0.098,7.998,48.5,8.8,1.368,0.155,HFD
106,210112_27,E44_F,B,Day1,4,MWM_150,4/19/21,19.1,2.146,0.112,0,0,,0,0,,6.5,0.951,0.146,11.1,0.997,0.09,2.108,15,1.5,0.197,0.129,HFD
107,210112_28,E44_F,B,Day1,4,MWM_150,4/19/21,60,10.957,0.183,18.7,3.913,0.21,4.6,1.005,0.217,19.5,3.546,0.182,2.4,0.469,0.195,,,14.8,2.024,0.137,HFD
108,210112_29,E44_F,B,Day1,4,MWM_150,4/19/21,15,1.357,0.09,0,0,,0,0,,7.6,0.865,0.113,7.4,0.491,0.066,1.323,11,0,0,,HFD
109,210112_1,E4HN_F,D,Day2,1,MWM_150,4/20/21,44.6,7.372,0.165,6.8,0.99,0.145,3.1,0.55,0.178,12,2.326,0.194,6.7,1.311,0.197,6.716,40.5,16,2.195,0.137,HFD
110,210112_2,E4HN_F,D,Day2,1,MWM_150,4/20/21,60,11.13,0.185,3.5,0.411,0.116,0.7,0.155,0.224,14.4,2.465,0.171,11,2.087,0.19,,,30.4,6.012,0.198,HFD
111,210112_4,E4HN_F,D,Day2,1,MWM_150,4/20/21,40.1,6.148,0.153,8.4,1.373,0.163,3.1,0.426,0.138,3.5,0.867,0.25,19.5,2.726,0.14,6.023,36.1,5.7,0.757,0.134,HFD
112,210112_5,E4HN_M,F,Day2,1,MWM_150,4/20/21,36.1,5.926,0.164,18.7,2.916,0.156,0,0,,0,0,,5.9,0.413,0.07,5.859,32,11.5,2.597,0.226,Control
113,210112_6,E4HN_M,F,Day2,1,MWM_150,4/20/21,60,11.684,0.195,22.2,4.484,0.202,13.2,2.594,0.197,7.3,1.603,0.22,4.5,0.927,0.204,,,12.8,2.076,0.162,Control
114,210112_7,E4HN_M,F,Day2,1,MWM_150,4/20/21,60,9.719,0.162,21.7,2.845,0.131,11.8,2.142,0.182,2.4,0.551,0.233,6.7,1.372,0.204,,,17.5,2.808,0.161,Control
115,210112_8,E4HN_M,F,Day2,1,MWM_150,4/20/21,60,12.017,0.2,14.4,3.14,0.218,13.4,3.184,0.238,15.9,2.722,0.171,2.7,0.536,0.198,,,13.6,2.435,0.179,Control
116,210112_9,E4HN_M,F,Day2,1,MWM_150,4/20/21,60,11.815,0.197,9,1.731,0.191,9.3,2.25,0.242,8.9,2.176,0.245,0,0,,,,32.8,5.658,0.173,HFD
117,210112_10,E4HN_M,F,Day2,1,MWM_150,4/20/21,60,9.4,0.157,7.7,0.877,0.114,15.1,2.305,0.153,6.6,1.118,0.168,8.4,1.706,0.203,,,22.2,3.395,0.153,HFD
118,210112_11,E4HN_M,F,Day2,1,MWM_150,4/20/21,60,8.287,0.138,15,1.201,0.08,2.6,0.175,0.068,0.4,0,0,4.5,0.636,0.14,,,37.6,6.274,0.167,HFD
119,210112_12,E4HN_M,F,Day2,1,MWM_150,4/20/21,29.5,2.52,0.085,17.5,1.512,0.086,5.3,0.628,0.118,0,0,,6.1,0.291,0.048,2.476,25.4,0.6,0.09,0.159,HFD
120,210112_13,E4HN_F,D,Day2,1,MWM_150,4/20/21,60,12.694,0.212,11.8,2.541,0.215,7.8,1.561,0.2,6.5,1.551,0.237,0.3,0.097,0.365,,,33.6,6.943,0.207,Control
121,210112_14,E4HN_F,D,Day2,1,MWM_150,4/20/21,60,10.697,0.178,24.3,4.119,0.17,11.2,2.252,0.2,4.9,0.999,0.205,4.7,0.737,0.157,,,15,2.59,0.173,Control
122,210112_15,E4HN_F,D,Day2,1,MWM_150,4/20/21,60,14.009,0.233,5.5,1.392,0.254,6.4,1.511,0.237,13.2,3.418,0.259,10,2.44,0.243,,,25.2,5.323,0.211,Control
123,210112_16,E4HN_F,D,Day2,1,MWM_150,4/20/21,42.8,8.624,0.202,4.2,1.013,0.239,10.1,2.321,0.231,6.9,1.542,0.222,11.1,1.558,0.14,8.624,38.7,10.4,2.189,0.211,Control
124,210112_17,E4HN_F,D,Day2,1,MWM_150,4/20/21,60,12.376,0.206,11.3,2.227,0.196,2.1,0.402,0.188,5.5,1.398,0.254,6.8,1.288,0.19,,,34.3,7.061,0.206,Control
125,210112_18,E3HN_M,C,Day2,1,MWM_150,4/20/21,60,10.326,0.172,17,2.445,0.144,5.7,1.396,0.244,6.7,1.565,0.234,8.4,1.793,0.213,,,22.5,3.176,0.141,HFD
126,210112_19,E3HN_M,C,Day2,1,MWM_150,4/20/21,60,10.85,0.181,15.4,2.722,0.176,6.4,1.193,0.185,0,0,,0,0,,,,38.2,6.971,0.183,HFD
127,210112_20,E3HN_M,C,Day2,1,MWM_150,4/20/21,60,11.954,0.199,12.1,2.208,0.183,9.9,2.132,0.215,13.9,2.941,0.212,3,0.82,0.273,,,21.2,3.854,0.182,HFD
128,210112_21,E3HN_F,E,Day2,1,MWM_150,4/20/21,60,10.414,0.174,14.8,1.936,0.131,7.3,1.447,0.199,4.9,0.96,0.195,0,0,,,,33,6.072,0.184,HFD
129,210112_23,E3HN_F,E,Day2,1,MWM_150,4/20/21,60,11.34,0.189,4.3,0.564,0.131,0.8,0.093,0.122,9.5,1.959,0.206,15.3,2.827,0.185,,,30.3,5.949,0.197,HFD
130,210112_24,E3HN_F,E,Day2,1,MWM_150,4/20/21,60,10.162,0.169,13.1,2.559,0.195,4.9,0.857,0.176,4.3,0.817,0.192,1.4,0.34,0.243,,,36.3,5.59,0.154,HFD
131,210112_25,E44_M,A,Day2,1,MWM_150,4/20/21,42.8,6.102,0.142,17.8,3.232,0.182,3.1,0.683,0.218,8.6,1.096,0.127,6.5,0.523,0.08,6.02,38.8,6.8,0.569,0.084,HFD
132,210112_26,E44_M,A,Day2,1,MWM_150,4/20/21,60,9.891,0.165,25.7,4.613,0.179,16.3,2.036,0.125,3.1,0.511,0.167,0,0,,,,15,2.732,0.183,HFD
133,210112_27,E44_F,B,Day2,1,MWM_150,4/20/21,60,10.44,0.174,13.6,1.983,0.146,2.2,0.445,0.202,13.5,2.259,0.167,7.8,1.238,0.159,,,23,4.515,0.197,HFD
134,210112_28,E44_F,B,Day2,1,MWM_150,4/20/21,28.6,4.657,0.163,6,0.971,0.162,5.1,0.838,0.164,2.5,0.678,0.271,10.7,1.231,0.115,4.619,24.6,4.3,0.939,0.217,HFD
135,210112_29,E44_F,B,Day2,1,MWM_150,4/20/21,60,13.11,0.219,8.6,1.971,0.228,8.4,1.886,0.224,19.3,3.824,0.198,11.3,2.645,0.234,,,12.3,2.784,0.226,HFD
136,210112_1,E4HN_F,D,Day2,2,MWM_150,4/20/21,44,6.47,0.147,2,0.444,0.222,2.5,0.598,0.239,4.7,0.924,0.197,19.4,1.205,0.062,6.432,40,15.4,3.298,0.214,HFD
137,210112_2,E4HN_F,D,Day2,2,MWM_150,4/20/21,5.7,0.21,0.037,0,0,,0,0,,0,0,,5.7,0.21,0.037,0.13,1.6,0,0,,HFD
138,210112_4,E4HN_F,D,Day2,2,MWM_150,4/20/21,60,10.544,0.176,6,1.241,0.208,14.9,2.888,0.194,4.2,1.012,0.241,15.1,2.456,0.163,,,19.9,2.947,0.148,HFD
139,210112_5,E4HN_M,F,Day2,2,MWM_150,4/20/21,60,12.323,0.205,4.9,1.132,0.231,8.6,1.799,0.209,13.6,2.815,0.207,15.1,2.603,0.172,,,17.8,3.974,0.224,Control
140,210112_6,E4HN_M,F,Day2,2,MWM_150,4/20/21,11.5,0.501,0.044,0,0,,0,0,,0,0,,11.5,0.501,0.044,0.352,7.4,0,0,,Control
141,210112_7,E4HN_M,F,Day2,2,MWM_150,4/20/21,60,7.567,0.126,4.5,0.935,0.209,16.9,2.475,0.146,4.7,0.877,0.187,30.4,2.768,0.091,,,3.5,0.512,0.145,Control
142,210112_8,E4HN_M,F,Day2,2,MWM_150,4/20/21,60,9.709,0.162,6.2,1.523,0.247,16.9,1.892,0.112,8.3,1.906,0.231,14.9,1.149,0.077,,,13.8,3.239,0.235,Control
143,210112_9,E4HN_M,F,Day2,2,MWM_150,4/20/21,60,13.788,0.23,1.3,0.394,0.311,7.7,1.892,0.245,8.4,1.767,0.212,9.6,2.577,0.269,,,33.1,7.159,0.216,HFD
144,210112_10,E4HN_M,F,Day2,2,MWM_150,4/20/21,6,0.402,0.067,0,0,,0.7,0.047,0.065,0,0,,5.3,0.355,0.067,0.316,2,0,0,,HFD
145,210112_11,E4HN_M,F,Day2,2,MWM_150,4/20/21,60,8.051,0.134,9.5,1.327,0.14,4.6,0.938,0.202,8.9,1.439,0.162,18,1.786,0.099,,,19,2.561,0.135,HFD
146,210112_12,E4HN_M,F,Day2,2,MWM_150,4/20/21,13.5,1.371,0.101,0,0,,2.2,0.234,0.108,0,0,,10.9,1.091,0.1,1.327,9.5,0.5,0.046,0.099,HFD
147,210112_13,E4HN_F,D,Day2,2,MWM_150,4/20/21,4.9,0.12,0.024,0,0,,0,0,,0,0,,4.9,0.12,0.024,0.084,0.8,0,0,,Control
148,210112_14,E4HN_F,D,Day2,2,MWM_150,4/20/21,27.4,4.513,0.165,0,0,,3.3,0.644,0.195,4.9,1.094,0.225,13.2,1.528,0.115,4.479,23.3,6,1.247,0.208,Control
149,210112_15,E4HN_F,D,Day2,2,MWM_150,4/20/21,8.5,1.334,0.157,0,0,,0.3,0.05,0.15,0,0,,8.1,1.284,0.158,0.921,4.4,0,0,,Control
150,210112_16,E4HN_F,D,Day2,2,MWM_150,4/20/21,60,11.816,0.197,6.1,1.4,0.228,4.9,1.147,0.234,9,1.877,0.209,7.9,1.265,0.16,,,32.1,6.127,0.191,Control
151,210112_17,E4HN_F,D,Day2,2,MWM_150,4/20/21,5.5,0.225,0.041,0,0,,0,0,,0,0,,5.5,0.225,0.041,0.158,1.4,0,0,,Control
152,210112_18,E3HN_M,C,Day2,2,MWM_150,4/20/21,10.6,0.878,0.083,0,0,,0.6,0.094,0.165,0,0,,10,0.784,0.078,0.835,6.5,0,0,,HFD
153,210112_19,E3HN_M,C,Day2,2,MWM_150,4/20/21,16.8,1.778,0.106,3.7,0.504,0.137,3.3,0.434,0.13,1.7,0.228,0.134,8.1,0.611,0.075,1.736,12.8,0,0,,HFD
154,210112_20,E3HN_M,C,Day2,2,MWM_150,4/20/21,9.9,0.845,0.085,0,0,,0,0,,0,0,,9.9,0.845,0.085,0.753,5.9,0,0,,HFD
155,210112_21,E3HN_F,E,Day2,2,MWM_150,4/20/21,26.5,3.696,0.14,0,0,,0,0,,3.2,0.626,0.196,10.5,1.275,0.122,3.609,22.4,12.8,1.795,0.14,HFD
156,210112_23,E3HN_F,E,Day2,2,MWM_150,4/20/21,60,12.536,0.209,4.6,1.084,0.234,6.1,1.217,0.198,2.4,0.445,0.188,17.1,3.527,0.207,,,29.8,6.263,0.21,HFD
157,210112_24,E3HN_F,E,Day2,2,MWM_150,4/20/21,60,11.543,0.192,9.5,1.758,0.186,6,1.314,0.218,4.8,1.033,0.214,5.6,0.873,0.156,,,34.1,6.565,0.193,HFD
158,210112_25,E44_M,A,Day2,2,MWM_150,4/20/21,22.6,2.038,0.09,0,0,,3.3,0.653,0.196,0,0,,7.9,0.493,0.062,2.005,18.6,11.3,0.892,0.079,HFD
159,210112_26,E44_M,A,Day2,2,MWM_150,4/20/21,7.5,0.421,0.056,0,0,,0,0,,0,0,,7.5,0.421,0.056,0.34,3.4,0,0,,HFD
160,210112_27,E44_F,B,Day2,2,MWM_150,4/20/21,30.8,4.143,0.134,0,0,,1.1,0.195,0.172,8.1,1.172,0.145,15.4,1.92,0.125,4.143,26.8,6.2,0.855,0.138,HFD
161,210112_28,E44_F,B,Day2,2,MWM_150,4/20/21,60,13.882,0.231,2.2,0.566,0.261,21.2,4.407,0.208,3.2,0.934,0.292,4.8,1.126,0.232,,,28.6,6.849,0.24,HFD
162,210112_29,E44_F,B,Day2,2,MWM_150,4/20/21,60,12.594,0.21,11.9,2.761,0.231,16.6,3.427,0.206,10.4,2.15,0.207,8.4,1.894,0.224,,,12.6,2.362,0.187,HFD
163,210112_1,E4HN_F,D,Day2,3,MWM_150,4/20/21,51.9,7.615,0.147,7.3,1.124,0.155,3.7,0.884,0.239,14.2,1.891,0.133,14.3,1.858,0.13,7.571,47.9,12.5,1.858,0.149,HFD
164,210112_2,E4HN_F,D,Day2,3,MWM_150,4/20/21,32.5,4.608,0.142,3.5,0.812,0.232,3.6,0.909,0.252,3,0.759,0.253,20.4,1.811,0.089,4.566,28.4,2,0.318,0.159,HFD
165,210112_4,E4HN_F,D,Day2,3,MWM_150,4/20/21,23.7,2.561,0.108,4.4,0.789,0.179,2,0.436,0.218,3.7,0.303,0.081,5.5,0.242,0.044,2.523,19.6,8.1,0.791,0.098,HFD
166,210112_5,E4HN_M,F,Day2,3,MWM_150,4/20/21,39.8,4.462,0.112,11.3,1.695,0.15,1.3,0.148,0.114,21.4,2.191,0.102,5.9,0.427,0.073,4.428,35.8,0,0,,Control
167,210112_6,E4HN_M,F,Day2,3,MWM_150,4/20/21,16.6,2.168,0.13,0,0,,0,0,,3.6,0.44,0.122,13,1.729,0.133,1.422,12.6,0,0,0,Control
168,210112_7,E4HN_M,F,Day2,3,MWM_150,4/20/21,32.6,2.395,0.073,7.5,0.69,0.092,2.4,0.338,0.143,17.4,0.709,0.041,5.4,0.657,0.122,1.941,28.6,0,0,,Control
169,210112_8,E4HN_M,F,Day2,3,MWM_150,4/20/21,38.9,4.14,0.107,0.4,0.067,0.182,0,0,,12.4,1.496,0.121,9.5,1.406,0.148,3.792,34.8,16.6,1.171,0.071,Control
170,210112_9,E4HN_M,F,Day2,3,MWM_150,4/20/21,60,13.18,0.22,3.2,0.911,0.284,6.3,1.541,0.245,17.5,4.039,0.23,6.9,1.522,0.222,,,26.6,5.213,0.196,HFD
171,210112_10,E4HN_M,F,Day2,3,MWM_150,4/20/21,27.5,3.54,0.129,0,0,,3.6,0.695,0.191,6.6,1.131,0.172,11,1.098,0.1,3.497,23.5,6.3,0.616,0.098,HFD
172,210112_11,E4HN_M,F,Day2,3,MWM_150,4/20/21,60,8.297,0.138,0,0,,2.3,0.394,0.169,16,2.345,0.147,14.6,2.065,0.142,,,27.1,3.494,0.129,HFD
173,210112_12,E4HN_M,F,Day2,3,MWM_150,4/20/21,8.2,0.751,0.092,0,0,,0,0,,2.6,0.402,0.152,5.6,0.349,0.063,0.659,4.1,0,0,,HFD
174,210112_13,E4HN_F,D,Day2,3,MWM_150,4/20/21,60,11.732,0.196,4.4,1.067,0.243,6.5,1.368,0.21,11,2.197,0.199,12.2,2.412,0.197,,,26.6,4.778,0.18,Control
175,210112_14,E4HN_F,D,Day2,3,MWM_150,4/20/21,9.5,1.111,0.117,0,0,,0,0,,3.2,0.503,0.16,6.3,0.608,0.096,1.003,5.5,0,0,,Control
176,210112_15,E4HN_F,D,Day2,3,MWM_150,4/20/21,22.5,3.426,0.152,1.2,0.192,0.16,0.4,0.046,0.125,6.9,1.306,0.19,7.9,0.962,0.121,3.359,18.5,6.2,0.92,0.149,Control
177,210112_16,E4HN_F,D,Day2,3,MWM_150,4/20/21,60,12.148,0.202,6.7,1.468,0.218,5.4,1.17,0.217,10,2.061,0.206,6.9,1.462,0.211,,,31.3,6.033,0.193,Control
178,210112_17,E4HN_F,D,Day2,3,MWM_150,4/20/21,60,10.92,0.182,7.7,1.572,0.205,7.2,1.429,0.199,17.2,3.332,0.193,14.1,2.444,0.174,10.92,59.2,13.9,2.143,0.155,Control
179,210112_18,E3HN_M,C,Day2,3,MWM_150,4/20/21,26.8,3.861,0.144,4.3,0.726,0.169,0.8,0.234,0.293,7.6,1.379,0.181,7.2,0.686,0.095,3.819,22.8,6.9,0.836,0.122,HFD
180,210112_19,E3HN_M,C,Day2,3,MWM_150,4/20/21,28.1,3.063,0.109,2.9,0.447,0.154,0,0,,9,1.339,0.149,6.6,0.458,0.07,3.025,24,9.6,0.819,0.086,HFD
181,210112_20,E3HN_M,C,Day2,3,MWM_150,4/20/21,60,12.08,0.201,6.7,1.475,0.219,5.2,1.146,0.219,18.7,3.295,0.176,2.5,0.457,0.183,,,26.8,5.706,0.213,HFD
182,210112_21,E3HN_F,E,Day2,3,MWM_150,4/20/21,60,9.829,0.164,9.1,1.874,0.206,10.8,1.748,0.162,2.9,0.538,0.183,14.7,2.449,0.167,,,22.5,3.22,0.143,HFD
183,210112_23,E3HN_F,E,Day2,3,MWM_150,4/20/21,44.2,7.155,0.162,12.3,2.185,0.177,5.6,0.984,0.176,9.7,1.831,0.189,9.5,1.093,0.116,7.113,40.1,7.1,1.062,0.15,HFD
184,210112_24,E3HN_F,E,Day2,3,MWM_150,4/20/21,20.9,3.078,0.147,0,0,,0,0,,5.5,1.09,0.199,6,0.337,0.056,3.04,16.9,9.4,1.651,0.176,HFD
185,210112_25,E44_M,A,Day2,3,MWM_150,4/20/21,39.5,4.277,0.108,0,0,,0,0,,19.3,2.06,0.106,14.9,1.919,0.128,4.234,35.5,5.2,0.298,0.057,HFD
186,210112_26,E44_M,A,Day2,3,MWM_150,4/20/21,55.2,9.055,0.164,12.8,2.626,0.205,10,2.031,0.202,12.1,1.877,0.155,14.4,1.586,0.11,9.017,51.1,5.8,0.935,0.162,HFD
187,210112_27,E44_F,B,Day2,3,MWM_150,4/20/21,24.8,3.314,0.134,3.2,0.531,0.166,2.8,0.577,0.206,10,1.41,0.141,6.4,0.525,0.083,3.274,20.7,2.4,0.271,0.113,HFD
188,210112_28,E44_F,B,Day2,3,MWM_150,4/20/21,60,11.277,0.188,3.1,0.819,0.267,6.5,1.714,0.262,11.4,2.548,0.224,0,0,,,,39.2,6.264,0.16,HFD
189,210112_29,E44_F,B,Day2,3,MWM_150,4/20/21,60,8.015,0.134,5.6,0.52,0.093,7.9,1.087,0.138,18.1,2.272,0.126,10.1,1.718,0.171,,,18.5,2.419,0.131,HFD
190,210112_1,E4HN_F,D,Day2,4,MWM_150,4/20/21,60,9.066,0.151,5,0.924,0.186,28.7,4.069,0.142,4.5,1.019,0.226,10.8,2.143,0.199,,,11.1,0.912,0.082,HFD
191,210112_2,E4HN_F,D,Day2,4,MWM_150,4/20/21,41,5.829,0.142,0,0,,2.5,0.183,0.072,12.2,2.202,0.181,19.4,2.373,0.122,5.787,37,6.9,1.071,0.155,HFD
192,210112_4,E4HN_F,D,Day2,4,MWM_150,4/20/21,42.9,6.283,0.147,7.1,1.313,0.186,19.9,3.185,0.16,0,0,,8.9,0.925,0.104,6.244,38.8,7,0.861,0.123,HFD
193,210112_5,E4HN_M,F,Day2,4,MWM_150,4/20/21,31.1,3.127,0.101,4.2,0.938,0.222,19.4,1.32,0.068,0.9,0.256,0.274,6.5,0.613,0.094,3.057,27.1,0,0,,Control
194,210112_6,E4HN_M,F,Day2,4,MWM_150,4/20/21,60,10.05,0.168,6.3,1.086,0.172,32.1,5.123,0.159,4.6,0.956,0.209,10.5,1.633,0.156,,,6.5,1.251,0.193,Control
195,210112_7,E4HN_M,F,Day2,4,MWM_150,4/20/21,17.6,1.138,0.065,0,0,,12.2,0.873,0.072,0,0,,5.4,0.265,0.049,1.096,13.5,0,0,,Control
196,210112_8,E4HN_M,F,Day2,4,MWM_150,4/20/21,43.2,5.849,0.135,2.1,0.46,0.223,23.5,2.2,0.094,1.6,0.439,0.28,10.6,1.476,0.139,5.775,39.1,5.5,1.273,0.23,Control
197,210112_9,E4HN_M,F,Day2,4,MWM_150,4/20/21,37.1,6.676,0.18,2.5,0.68,0.276,5.1,0.919,0.18,2.2,0.639,0.29,14.4,2.394,0.166,6.524,33,12.9,2.044,0.159,HFD
198,210112_10,E4HN_M,F,Day2,4,MWM_150,4/20/21,26.9,3.325,0.124,0,0,,10.4,1.314,0.126,3.4,0.599,0.176,13,1.411,0.108,3.286,22.8,0,0,,HFD
199,210112_11,E4HN_M,F,Day2,4,MWM_150,4/20/21,60,9.135,0.152,2.8,0.514,0.184,17.1,1.928,0.113,3.9,0.665,0.171,5,0.816,0.163,,,31.2,5.211,0.167,HFD
200,210112_12,E4HN_M,F,Day2,4,MWM_150,4/20/21,17.5,1.846,0.106,0,0,,1.1,0.165,0.149,0,0,,15.1,1.59,0.106,1.762,13.4,1.3,0.091,0.07,HFD
201,210112_13,E4HN_F,D,Day2,4,MWM_150,4/20/21,60,11.765,0.196,1.1,0.246,0.218,9.1,1.561,0.172,8.4,1.898,0.227,14.8,3.183,0.215,,,26.6,4.877,0.183,Control
202,210112_14,E4HN_F,D,Day2,4,MWM_150,4/20/21,32.3,4.743,0.147,1.1,0.199,0.181,8.8,1.338,0.152,0.5,0.08,0.171,18.1,2.48,0.137,4.707,28.2,3.8,0.645,0.168,Control
203,210112_15,E4HN_F,D,Day2,4,MWM_150,4/20/21,16,2.561,0.16,5.3,1.067,0.201,1.3,0.228,0.177,1.8,0.45,0.25,6.3,0.562,0.089,2.491,12,1.3,0.254,0.195,Control
204,210112_16,E4HN_F,D,Day2,4,MWM_150,4/20/21,44.2,8.725,0.197,6.4,1.505,0.235,5.1,1.042,0.206,5.5,1.175,0.212,6.9,1.255,0.182,8.108,40.2,20.4,3.748,0.183,Control
205,210112_17,E4HN_F,D,Day2,4,MWM_150,4/20/21,39.2,6,0.153,3.2,0.669,0.207,8.5,1.187,0.14,5.8,1.327,0.227,13.9,1.962,0.141,6,35.1,7.7,0.855,0.111,Control
206,210112_18,E3HN_M,C,Day2,4,MWM_150,4/20/21,60,11.569,0.193,4.8,1.205,0.251,16.6,2.956,0.178,1.9,0.383,0.202,13.7,2.611,0.191,,,23.3,4.466,0.192,HFD
207,210112_19,E3HN_M,C,Day2,4,MWM_150,4/20/21,60,10.515,0.175,4.8,0.782,0.163,11.2,2.059,0.184,2.4,0.339,0.141,3,0.422,0.139,,,38.6,6.913,0.179,HFD
208,210112_20,E3HN_M,C,Day2,4,MWM_150,4/20/21,60,10.087,0.168,15.7,2.728,0.173,15,2.234,0.149,9.1,1.446,0.159,6.6,1.058,0.16,,,13.6,2.621,0.193,HFD
209,210112_21,E3HN_F,E,Day2,4,MWM_150,4/20/21,60,11.023,0.184,11.5,2.33,0.202,17,2.846,0.167,6.9,1.48,0.216,12.6,2.326,0.185,,,12.1,2.04,0.169,HFD
210,210112_23,E3HN_F,E,Day2,4,MWM_150,4/20/21,54.3,7.954,0.147,6.6,1.225,0.185,15.4,2.706,0.176,3.4,0.777,0.229,13.8,1.574,0.114,7.913,50.2,15,1.672,0.111,HFD
211,210112_24,E3HN_F,E,Day2,4,MWM_150,4/20/21,21.3,2.972,0.14,0,0,,2.3,0.391,0.168,0,0,,15.1,2.129,0.141,2.93,17.2,3.9,0.452,0.117,HFD
212,210112_25,E44_M,A,Day2,4,MWM_150,4/20/21,9.8,0.725,0.074,0,0,,4.1,0.445,0.109,0,0,,5.8,0.28,0.048,0.655,5.8,0,0,,HFD
213,210112_26,E44_M,A,Day2,4,MWM_150,4/20/21,45.8,5.778,0.126,8.3,0.987,0.119,22.5,2.8,0.124,0.7,0.166,0.237,11.5,1.404,0.122,5.736,41.7,2.7,0.421,0.154,HFD
214,210112_27,E44_F,B,Day2,4,MWM_150,4/20/21,45.5,6.75,0.148,3.1,0.657,0.214,17.1,2.585,0.151,2.7,0.481,0.178,12.3,1.42,0.116,6.665,41.5,10.4,1.607,0.155,HFD
215,210112_28,E44_F,B,Day2,4,MWM_150,4/20/21,22.9,2.806,0.123,0,0,,1.3,0.252,0.197,0,0,,10.4,1.322,0.127,2.732,18.8,11.2,1.232,0.11,HFD
216,210112_29,E44_F,B,Day2,4,MWM_150,4/20/21,60,10.164,0.169,4.6,1.051,0.227,17.4,3.24,0.187,2,0.519,0.264,4,0.648,0.163,,,32.6,4.745,0.145,HFD
217,210112_1,E4HN_F,D,Day3,1,MWM_150,4/21/21,35.5,6.936,0.196,3.9,0.783,0.203,15.8,2.792,0.177,3.7,1.735,0.469,7.5,0.828,0.111,6.856,31.4,5,0.841,0.169,HFD
218,210112_2,E4HN_F,D,Day3,1,MWM_150,4/21/21,16.5,1.618,0.098,0,0,,7.7,0.851,0.11,0,0,,7.7,0.622,0.081,1.573,12.5,1.1,0.144,0.131,HFD
219,210112_4,E4HN_F,D,Day3,1,MWM_150,4/21/21,60,9.666,0.161,0,0,,4.4,0.506,0.115,4.6,1.109,0.239,4.4,0.818,0.187,,,46.6,7.232,0.155,HFD
220,210112_5,E4HN_M,F,Day3,1,MWM_150,4/21/21,29.8,2.87,0.096,0,0,,7.2,0.627,0.086,0,0,,11,1.187,0.107,2.835,25.7,11.5,1.057,0.092,Control
221,210112_6,E4HN_M,F,Day3,1,MWM_150,4/21/21,50.3,7.19,0.143,0,0,,14.9,1.589,0.107,1.7,0.232,0.134,16.8,2.2,0.131,7.155,46.3,16.9,3.169,0.187,Control
222,210112_7,E4HN_M,F,Day3,1,MWM_150,4/21/21,22.1,2.596,0.117,0,0,,4.4,0.411,0.093,6.6,1.168,0.176,11.1,1.017,0.092,2.56,18.1,0,0,,Control
223,210112_8,E4HN_M,F,Day3,1,MWM_150,4/21/21,34.7,3.709,0.107,4.1,0.929,0.225,21.3,1.304,0.061,2.4,0.589,0.249,5.9,0.63,0.107,3.487,30.6,1,0.257,0.248,Control
224,210112_9,E4HN_M,F,Day3,1,MWM_150,4/21/21,24.3,4.379,0.181,0.2,0.04,0.238,4.1,0.929,0.228,3.7,0.907,0.245,6.9,0.605,0.088,4.307,20.2,9.4,1.898,0.202,HFD
225,210112_10,E4HN_M,F,Day3,1,MWM_150,4/21/21,32.2,4.063,0.126,0,0,,5.3,0.661,0.125,4.9,0.687,0.139,15.4,2.218,0.144,3.979,28.2,6.6,0.496,0.075,HFD
226,210112_11,E4HN_M,F,Day3,1,MWM_150,4/21/21,60,8.53,0.142,0,0,,2.7,0.426,0.155,1.8,0.235,0.131,15.4,1.935,0.126,,,40.1,5.934,0.148,HFD
227,210112_12,E4HN_M,F,Day3,1,MWM_150,4/21/21,28.3,3.945,0.139,0.8,0.14,0.175,9.3,1.234,0.133,0.8,0.198,0.248,9.5,1.527,0.161,3.422,24.2,7.9,0.845,0.106,HFD
228,210112_13,E4HN_F,D,Day3,1,MWM_150,4/21/21,13.7,1.667,0.122,0,0,,2.9,0.589,0.203,0,0,,7.3,0.552,0.076,1.631,9.6,3.5,0.526,0.149,Control
229,210112_14,E4HN_F,D,Day3,1,MWM_150,4/21/21,23.7,4.005,0.169,0,0,,10.3,2.166,0.211,0,0,,10.4,1.336,0.128,3.902,19.7,3,0.504,0.168,Control
230,210112_15,E4HN_F,D,Day3,1,MWM_150,4/21/21,60,12.299,0.205,4.1,0.864,0.209,9.8,2.047,0.209,15.7,3.702,0.236,10.1,2.231,0.222,,,20.3,3.456,0.17,Control
231,210112_16,E4HN_F,D,Day3,1,MWM_150,4/21/21,8.9,1.16,0.13,0,0,,2.3,0.445,0.197,0,0,,6.1,0.588,0.097,1.076,4.8,0.6,0.127,0.224,Control
232,210112_17,E4HN_F,D,Day3,1,MWM_150,4/21/21,37.2,6.462,0.174,3.5,0.851,0.245,6.7,1.321,0.197,5.6,1.022,0.184,16.8,2.531,0.151,6.429,33.1,4.7,0.737,0.158,Control
233,210112_18,E3HN_M,C,Day3,1,MWM_150,4/21/21,60,11.351,0.189,7.4,1.675,0.225,15.8,2.641,0.167,9.3,1.82,0.196,14,2.902,0.207,,,13.5,2.312,0.172,HFD
234,210112_19,E3HN_M,C,Day3,1,MWM_150,4/21/21,60,8.395,0.14,0,0,,17.6,1.858,0.105,1.8,0.363,0.205,6.4,1.133,0.177,,,34.2,5.042,0.147,HFD
235,210112_20,E3HN_M,C,Day3,1,MWM_150,4/21/21,60,11.782,0.196,1.7,0.378,0.218,10,1.587,0.158,3.5,0.968,0.279,2.6,0.687,0.261,,,42.5,8.212,0.193,HFD
236,210112_21,E3HN_F,E,Day3,1,MWM_150,4/21/21,21.7,2.616,0.121,0,0,,3.6,0.439,0.121,2.4,0.315,0.131,12.7,1.268,0.1,2.577,17.6,3,0.593,0.2,HFD
237,210112_23,E3HN_F,E,Day3,1,MWM_150,4/21/21,60,10.501,0.175,4.2,0.79,0.188,8.4,1.299,0.154,11.4,2.188,0.191,22.6,4.323,0.191,,,13.3,1.902,0.143,HFD
238,210112_24,E3HN_F,E,Day3,1,MWM_150,4/21/21,14.6,1.946,0.134,0,0,,3.2,0.589,0.184,0,0,,9.7,1.14,0.117,1.823,10.5,1.6,0.217,0.133,HFD
239,210112_25,E44_M,A,Day3,1,MWM_150,4/21/21,40.7,5.014,0.123,4.2,0.837,0.198,8.3,1.788,0.215,5.3,0.217,0.041,17.4,1.894,0.109,4.975,36.6,5.4,0.278,0.051,HFD
240,210112_26,E44_M,A,Day3,1,MWM_150,4/21/21,10.8,0.787,0.073,0,0,,4.4,0.384,0.087,0,0,,6.4,0.403,0.062,0.743,6.8,0,0,,HFD
241,210112_27,E44_F,B,Day3,1,MWM_150,4/21/21,21.3,2.15,0.101,0,0,,9.8,1.105,0.113,0,0,,10.3,0.908,0.089,2.062,17.3,1.3,0.137,0.105,HFD
242,210112_28,E44_F,B,Day3,1,MWM_150,4/21/21,60,9.185,0.153,16.6,2.807,0.169,10.4,1.81,0.175,6.3,1.425,0.226,6.3,1.369,0.216,,,20.4,1.775,0.087,HFD
243,210112_29,E44_F,B,Day3,1,MWM_150,4/21/21,60,9.37,0.156,8,1.833,0.228,7.6,1.734,0.227,4.1,1.095,0.265,4.3,1.201,0.277,,,35.9,3.507,0.098,HFD
244,210112_1,E4HN_F,D,Day3,2,MWM_150,4/21/21,31.8,5.108,0.16,7.5,1.128,0.15,5.3,0.853,0.16,2.8,0.722,0.255,12.2,0.993,0.081,5.067,27.8,4,1.413,0.358,HFD
245,210112_2,E4HN_F,D,Day3,2,MWM_150,4/21/21,13.4,1.682,0.125,3.1,0.481,0.155,0,0,,5.2,0.892,0.171,5.2,0.309,0.06,1.597,9.4,0,0,,HFD
246,210112_4,E4HN_F,D,Day3,2,MWM_150,4/21/21,43.4,6.978,0.161,8.2,1.342,0.164,2.5,0.637,0.251,10.4,2.069,0.2,14.5,1.701,0.117,6.832,39.3,7.8,1.228,0.157,HFD
247,210112_5,E4HN_M,F,Day3,2,MWM_150,4/21/21,24.1,2.536,0.105,12.7,1.21,0.096,0,0,,2.4,0.613,0.252,6.6,0.404,0.061,2.536,20,2.4,0.309,0.13,Control
248,210112_6,E4HN_M,F,Day3,2,MWM_150,4/21/21,60,11.489,0.191,21.5,4.145,0.193,12.8,2.772,0.216,6.2,1.328,0.214,6.8,1.42,0.208,,,12.7,1.825,0.144,Control
249,210112_7,E4HN_M,F,Day3,2,MWM_150,4/21/21,29.1,3.481,0.12,8,0.249,0.031,4.4,0.824,0.186,4,0.797,0.198,9.1,1.113,0.123,3.409,25,3.6,0.498,0.138,Control
250,210112_8,E4HN_M,F,Day3,2,MWM_150,4/21/21,32.6,4.827,0.148,11.6,1.057,0.091,3.5,0.922,0.261,0,0,,17.5,2.848,0.163,4.787,28.6,0,0,,Control
251,210112_9,E4HN_M,F,Day3,2,MWM_150,4/21/21,60,13.288,0.221,6.3,1.595,0.254,4.2,0.961,0.231,9,2.34,0.26,5.2,1.244,0.241,,,35.6,7.182,0.202,HFD
252,210112_10,E4HN_M,F,Day3,2,MWM_150,4/21/21,13.4,1.672,0.125,0,0,,0,0,,5.1,0.654,0.128,8.3,1.018,0.123,1.382,9.3,0,0,,HFD
253,210112_11,E4HN_M,F,Day3,2,MWM_150,4/21/21,54.4,8.531,0.157,6.3,0.894,0.143,4.3,0.781,0.182,9.7,1.934,0.199,6.9,0.504,0.073,8.482,50.4,27.2,4.417,0.162,HFD
254,210112_12,E4HN_M,F,Day3,2,MWM_150,4/21/21,60,8.711,0.145,3.1,0.488,0.158,4.9,0.54,0.11,8.7,1.478,0.171,17.5,2.321,0.133,,,26.2,3.931,0.15,HFD
255,210112_13,E4HN_F,D,Day3,2,MWM_150,4/21/21,19.8,3.601,0.182,5.2,1.118,0.216,0,0,,7.3,1.391,0.191,5.9,0.773,0.131,3.197,15.7,1.4,0.319,0.222,Control
256,210112_14,E4HN_F,D,Day3,2,MWM_150,4/21/21,38.9,7.594,0.195,4.8,1.007,0.209,2.6,0.438,0.171,13.4,3.057,0.229,14.9,2.652,0.178,7.249,34.8,3.2,0.44,0.136,Control
257,210112_15,E4HN_F,D,Day3,2,MWM_150,4/21/21,29.6,4.725,0.159,2.2,0.455,0.203,4,0.904,0.224,0.7,0.139,0.199,19.9,2.831,0.142,4.654,25.6,2.8,0.396,0.143,Control
258,210112_16,E4HN_F,D,Day3,2,MWM_150,4/21/21,43.8,8.109,0.185,7.6,1.453,0.19,4.3,0.93,0.215,10.6,2.408,0.227,17.3,2.638,0.153,8.073,39.7,3.9,0.68,0.173,Control
259,210112_17,E4HN_F,D,Day3,2,MWM_150,4/21/21,34.3,6.716,0.196,5,1.098,0.22,4.4,1.069,0.241,9.8,2.196,0.225,10.7,1.374,0.129,6.681,30.3,4.4,0.979,0.221,Control
260,210112_18,E3HN_M,C,Day3,2,MWM_150,4/21/21,22.9,3.029,0.132,3,0.588,0.196,4.6,0.919,0.2,1.6,0.151,0.094,7.4,0.664,0.09,2.986,18.9,6.3,0.708,0.112,HFD
261,210112_19,E3HN_M,C,Day3,2,MWM_150,4/21/21,60,9.876,0.165,9.2,1.418,0.155,1.7,0.185,0.109,1.9,0.452,0.238,0,0,,,,47.5,7.855,0.165,HFD
262,210112_20,E3HN_M,C,Day3,2,MWM_150,4/21/21,60,10.209,0.17,11.1,1.058,0.095,6.8,1.551,0.229,2.2,0.528,0.244,2.1,0.464,0.217,,,37.9,6.609,0.175,HFD
263,210112_21,E3HN_F,E,Day3,2,MWM_150,4/21/21,16.1,1.899,0.118,2.9,0.44,0.149,2.6,0.578,0.225,0,0,,8.7,0.619,0.071,1.854,12,1.8,0.262,0.145,HFD
264,210112_23,E3HN_F,E,Day3,2,MWM_150,4/21/21,60,11.608,0.193,14,2.553,0.183,8.3,1.725,0.209,6.5,1.548,0.238,5.4,1.176,0.216,,,25.8,4.606,0.178,HFD
265,210112_24,E3HN_F,E,Day3,2,MWM_150,4/21/21,60,11.439,0.191,8.7,1.742,0.2,10.3,1.988,0.192,6.7,1.447,0.215,10.4,2.228,0.214,,,23.8,4.034,0.17,HFD
266,210112_25,E44_M,A,Day3,2,MWM_150,4/21/21,60,9.533,0.159,7.3,1.422,0.195,4.1,0.98,0.241,14.4,2.602,0.181,21,3.67,0.175,,,13.3,0.859,0.065,HFD
267,210112_26,E44_M,A,Day3,2,MWM_150,4/21/21,59,10.358,0.176,6.8,1,0.146,16.1,2.646,0.164,17.6,3.395,0.193,14.6,2.782,0.19,9.802,54.9,3.8,0.534,0.139,HFD
268,210112_27,E44_F,B,Day3,2,MWM_150,4/21/21,26,2.614,0.101,9.9,0.917,0.093,0,0,,5.1,0.847,0.166,5.9,0.308,0.052,2.521,22,5.1,0.541,0.106,HFD
269,210112_28,E44_F,B,Day3,2,MWM_150,4/21/21,26.3,3.557,0.135,8.6,1.284,0.15,0,0,,3.3,0.737,0.226,6,0.465,0.077,3.446,22.2,8.5,1.072,0.127,HFD
270,210112_29,E44_F,B,Day3,2,MWM_150,4/21/21,60,10.797,0.18,12.4,2.62,0.212,5.1,1.057,0.207,4.3,1.171,0.272,4.5,1.232,0.274,,,33.7,4.717,0.14,HFD
271,210112_1,E4HN_F,D,Day3,3,MWM_150,4/21/21,60,9.675,0.161,3.5,0.615,0.178,3.2,0.751,0.235,27.2,4.215,0.155,10.2,1.594,0.156,,,15.9,2.5,0.157,HFD
272,210112_2,E4HN_F,D,Day3,3,MWM_150,4/21/21,14.6,1.153,0.079,0,0,,0,0,,5.3,0.669,0.127,9.3,0.484,0.052,1.106,10.5,0,0,,HFD
273,210112_4,E4HN_F,D,Day3,3,MWM_150,4/21/21,35.7,5.648,0.158,8.4,1.606,0.191,3,0.618,0.204,6.2,1.007,0.162,14.6,1.881,0.129,5.511,31.7,3.5,0.536,0.155,HFD
274,210112_5,E4HN_M,F,Day3,3,MWM_150,4/21/21,21.9,1.926,0.088,3,0.739,0.249,1.1,0.267,0.236,9.8,0.269,0.027,5.5,0.294,0.053,1.892,17.8,2.4,0.357,0.149,Control
275,210112_6,E4HN_M,F,Day3,3,MWM_150,4/21/21,27.3,2.034,0.074,11.5,0.971,0.084,0,0,,6.4,0.334,0.052,9.4,0.73,0.078,1.998,23.3,0,0,,Control
276,210112_7,E4HN_M,F,Day3,3,MWM_150,4/21/21,22.2,1.251,0.056,0,0,,0,0,,6.7,0.809,0.12,5.2,0.289,0.055,1.216,18.1,10.2,0.153,0.015,Control
277,210112_8,E4HN_M,F,Day3,3,MWM_150,4/21/21,25.7,2.369,0.092,0.5,0.148,0.317,2.2,0.546,0.248,12.4,1.041,0.084,5.2,0.366,0.07,2.29,21.7,5.4,0.268,0.049,Control
278,210112_9,E4HN_M,F,Day3,3,MWM_150,4/21/21,7.1,0.661,0.093,0,0,,0,0,,1.6,0.307,0.188,5.5,0.353,0.064,0.588,3,0,0,,HFD
279,210112_10,E4HN_M,F,Day3,3,MWM_150,4/21/21,60,8.509,0.142,4,0.462,0.116,7.7,0.998,0.13,12.9,1.944,0.151,33.2,4.931,0.149,8.467,56.5,2.3,0.173,0.076,HFD
280,210112_11,E4HN_M,F,Day3,3,MWM_150,4/21/21,25.2,3.055,0.121,4.4,0.81,0.184,3.7,0.731,0.2,6.7,0.691,0.103,6.9,0.394,0.057,3.014,21.1,3.5,0.429,0.124,HFD
281,210112_12,E4HN_M,F,Day3,3,MWM_150,4/21/21,60,8.265,0.138,2.7,0.543,0.199,4.8,0.901,0.189,28.5,3.485,0.122,10,1.608,0.161,,,14,1.728,0.124,HFD
282,210112_13,E4HN_F,D,Day3,3,MWM_150,4/21/21,10.9,1.477,0.136,0,0,,0,0,,3.7,0.748,0.204,6.8,0.69,0.101,1.442,6.8,0.4,0.038,0.105,Control
283,210112_14,E4HN_F,D,Day3,3,MWM_150,4/21/21,27.9,4.152,0.149,0.1,0,0,0.8,0.113,0.142,11.9,2.131,0.179,14.4,1.827,0.127,4.083,23.8,0.7,0.081,0.121,Control
284,210112_15,E4HN_F,D,Day3,3,MWM_150,4/21/21,12.5,1.218,0.097,0,0,,0,0,,1.4,0.172,0.127,11.2,1.046,0.093,1.185,8.5,0,0,,Control
285,210112_16,E4HN_F,D,Day3,3,MWM_150,4/21/21,60,10.21,0.17,3.3,0.77,0.233,6.8,1.201,0.177,17.4,3.196,0.184,24,4.114,0.172,,,8.6,0.928,0.108,Control
286,210112_17,E4HN_F,D,Day3,3,MWM_150,4/21/21,11.9,1.493,0.126,0,0,,0,0,,6.2,1.172,0.189,5.3,0.321,0.061,1.421,7.8,0.4,0,0,Control
287,210112_18,E3HN_M,C,Day3,3,MWM_150,4/21/21,60,10.387,0.173,21.4,4.269,0.199,3.4,0.598,0.176,19,3.081,0.162,0.2,0.034,0.144,,,15.9,2.405,0.151,HFD
288,210112_19,E3HN_M,C,Day3,3,MWM_150,4/21/21,17.3,4.282,0.248,0,0,,0,0,,0.9,0.086,0.095,8.6,0.611,0.071,4.205,13.2,7.8,3.585,0.462,HFD
289,210112_20,E3HN_M,C,Day3,3,MWM_150,4/21/21,60,10.985,0.183,10.2,2.363,0.232,3.1,0.699,0.225,14.4,1.924,0.133,5.2,1.179,0.228,,,27.1,4.82,0.178,HFD
290,210112_21,E3HN_F,E,Day3,3,MWM_150,4/21/21,22.1,2.428,0.11,7.5,0.9,0.121,1.3,0.194,0.149,3.5,0.44,0.125,9,0.756,0.084,2.389,18,0.9,0.137,0.159,HFD
291,210112_23,E3HN_F,E,Day3,3,MWM_150,4/21/21,29.2,4.348,0.149,0.5,0.106,0.228,3.7,0.713,0.191,7.3,1.291,0.176,11.4,1.213,0.106,4.305,25.1,6.3,1.025,0.164,HFD
292,210112_24,E3HN_F,E,Day3,3,MWM_150,4/21/21,5.9,0.308,0.052,0,0,,0,0,,0,0,,5,0.265,0.052,0.225,1.8,0.8,0.044,0.051,HFD
293,210112_25,E44_M,A,Day3,3,MWM_150,4/21/21,6.6,0.477,0.073,0,0,,0,0,,1.1,0.195,0.176,5.4,0.283,0.052,0.438,2.5,0,0,,HFD
294,210112_26,E44_M,A,Day3,3,MWM_150,4/21/21,34.6,5.296,0.153,1,0.253,0.253,5.2,1.033,0.2,16.8,2.302,0.137,10,1.543,0.154,4.64,30.5,1.6,0.164,0.105,HFD
295,210112_27,E44_F,B,Day3,3,MWM_150,4/21/21,18.2,1.992,0.109,0.6,0.085,0.15,0,0,,8.9,1.129,0.127,5.8,0.33,0.056,1.912,14.1,2.9,0.448,0.155,HFD
296,210112_28,E44_F,B,Day3,3,MWM_150,4/21/21,56.1,6.574,0.117,7.1,1.264,0.178,4.8,0.927,0.195,12,2.256,0.189,6.2,0.419,0.068,6.487,52,26.1,1.709,0.066,HFD
297,210112_29,E44_F,B,Day3,3,MWM_150,4/21/21,60,8.483,0.141,8,1.784,0.224,2.6,0.538,0.207,18,3.222,0.179,0,0,,,,31.4,2.939,0.094,HFD
298,210112_1,E4HN_F,D,Day3,4,MWM_150,4/21/21,14.9,1.484,0.1,0,0,,0,0,,0,0,,11.9,1.287,0.108,1.407,10.9,3,0.196,0.065,HFD
299,210112_2,E4HN_F,D,Day3,4,MWM_150,4/21/21,49.6,7.137,0.144,3.7,0.757,0.204,5.9,1.129,0.19,4.7,0.94,0.2,31.6,3.606,0.114,7.099,45.5,3.7,0.706,0.191,HFD
300,210112_4,E4HN_F,D,Day3,4,MWM_150,4/21/21,9.6,0.966,0.1,0,0,,0,0,,0,0,,8.9,0.88,0.099,0.844,5.6,0.8,0.086,0.112,HFD
301,210112_5,E4HN_M,F,Day3,4,MWM_150,4/21/21,57.5,9.418,0.164,4.8,1.135,0.235,1.4,0.344,0.246,4.9,1.332,0.272,31.7,3.618,0.114,9.382,53.4,14.7,2.989,0.203,Control
302,210112_6,E4HN_M,F,Day3,4,MWM_150,4/21/21,36.4,4.695,0.129,0,0,,4.1,0.698,0.172,0.6,0.138,0.218,28.1,3.353,0.119,4.659,32.4,3.6,0.506,0.139,Control
303,210112_7,E4HN_M,F,Day3,4,MWM_150,4/21/21,18,1.095,0.061,2.2,0.23,0.103,2,0.278,0.137,7.9,0.208,0.026,5.8,0.379,0.065,1.025,13.9,0,0,,Control
304,210112_8,E4HN_M,F,Day3,4,MWM_150,4/21/21,40.8,4.662,0.114,0,0,,15,0.621,0.041,7.1,1.422,0.201,18,2.489,0.139,4.59,36.6,0.7,0.13,0.185,Control
305,210112_9,E4HN_M,F,Day3,4,MWM_150,4/21/21,6.6,0.352,0.053,0,0,,0,0,,0,0,,6.6,0.352,0.053,0.269,2.6,0,0,,HFD
306,210112_10,E4HN_M,F,Day3,4,MWM_150,4/21/21,13.1,0.562,0.043,0,0,,1,0,0,0,0,,12.1,0.562,0.047,0.475,9,0,0,,HFD
307,210112_11,E4HN_M,F,Day3,4,MWM_150,4/21/21,20.2,2.491,0.123,0,0,,0,0,,3.3,0.625,0.187,12.2,1.297,0.107,2.452,16.1,4.7,0.568,0.12,HFD
308,210112_12,E4HN_M,F,Day3,4,MWM_150,4/21/21,17.1,0.682,0.04,0,0,,0,0,,0,0,,17.1,0.682,0.04,0.638,13,0,0,,HFD
309,210112_13,E4HN_F,D,Day3,4,MWM_150,4/21/21,6.2,0.286,0.046,0,0,,0,0,,0,0,,6.2,0.286,0.046,0.286,2.2,0,0,,Control
310,210112_14,E4HN_F,D,Day3,4,MWM_150,4/21/21,18.3,2.368,0.129,0,0,,3.9,0.675,0.174,0,0,,14.5,1.693,0.117,2.291,14.3,0,0,,Control
311,210112_15,E4HN_F,D,Day3,4,MWM_150,4/21/21,9.5,1.079,0.114,0,0,,2.3,0.427,0.188,0,0,,7.2,0.652,0.09,1.031,5.4,0,0,,Control
312,210112_16,E4HN_F,D,Day3,4,MWM_150,4/21/21,30.9,4.552,0.147,2.8,0.431,0.156,0.9,0.167,0.186,8.8,1.68,0.19,16.6,2.084,0.126,4.513,26.8,1.8,0.19,0.107,Control
313,210112_17,E4HN_F,D,Day3,4,MWM_150,4/21/21,27.4,5.678,0.207,3.6,0.931,0.256,8.5,1.937,0.229,5,1.192,0.24,3.6,0.762,0.214,4.841,23.4,6.8,0.857,0.126,Control
314,210112_18,E3HN_M,C,Day3,4,MWM_150,4/21/21,60,11.58,0.193,3.5,0.853,0.246,10.9,2.31,0.211,4.4,1.017,0.233,29.1,4.882,0.168,,,12.1,2.518,0.208,HFD
315,210112_19,E3HN_M,C,Day3,4,MWM_150,4/21/21,8.3,0.334,0.04,0,0,,0,0,,0,0,,8.3,0.334,0.04,0.286,4.2,0,0,,HFD
316,210112_20,E3HN_M,C,Day3,4,MWM_150,4/21/21,15.7,0.99,0.063,0,0,,7,0.564,0.08,0,0,,8.7,0.426,0.049,0.952,11.6,0,0,,HFD
317,210112_21,E3HN_F,E,Day3,4,MWM_150,4/21/21,7.4,0.561,0.075,0,0,,0,0,,2,0.281,0.142,5.5,0.281,0.051,0.524,3.4,0,0,,HFD
318,210112_23,E3HN_F,E,Day3,4,MWM_150,4/21/21,31.8,5.293,0.167,0,0,,2.1,0.357,0.173,9.9,1.899,0.192,15.1,2.253,0.149,5.253,27.7,4.7,0.784,0.167,HFD
319,210112_24,E3HN_F,E,Day3,4,MWM_150,4/21/21,17.6,2.4,0.137,0,0,,0,0,,0,0,,14.7,2.179,0.148,2.361,13.5,2.9,0.221,0.077,HFD
320,210112_25,E44_M,A,Day3,4,MWM_150,4/21/21,6.4,0.337,0.053,0,0,,1.2,0.098,0.081,0,0,,5.2,0.239,0.046,0.295,2.3,0,0,,HFD
321,210112_26,E44_M,A,Day3,4,MWM_150,4/21/21,5.4,0.256,0.047,0,0,,0,0,,0,0,,5.4,0.256,0.047,0.159,1.3,0,0,,HFD
322,210112_27,E44_F,B,Day3,4,MWM_150,4/21/21,14.8,1.088,0.073,0,0,,0,0,,6.8,0.544,0.08,8,0.544,0.068,1.088,10.7,0,0,,HFD
323,210112_28,E44_F,B,Day3,4,MWM_150,4/21/21,14.3,1.662,0.116,4.1,0.526,0.129,0,0,,4.6,0.83,0.18,5.7,0.306,0.054,1.622,10.3,0,0,,HFD
324,210112_29,E44_F,B,Day3,4,MWM_150,4/21/21,9.7,0.627,0.065,0,0,,0,0,,0,0,,9.7,0.627,0.065,0.557,5.6,0,0,,HFD
325,210112_1,E4HN_F,D,Day4,1,MWM_150,4/22/21,33.1,5.281,0.159,7.3,1.327,0.183,0,0,,10.3,1.931,0.188,11.3,1.228,0.108,5.243,29.1,4.2,0.794,0.188,HFD
326,210112_2,E4HN_F,D,Day4,1,MWM_150,4/22/21,12.9,1.438,0.112,0,0,,0,0,,7.2,0.761,0.105,3.8,0.602,0.158,1.078,8.8,1.8,0.075,0.041,HFD
327,210112_4,E4HN_F,D,Day4,1,MWM_150,4/22/21,23.8,3.306,0.139,0,0,,0,0,,8.2,1.266,0.155,14,1.795,0.129,3.227,19.7,1.7,0.245,0.147,HFD
328,210112_5,E4HN_M,F,Day4,1,MWM_150,4/22/21,24.4,1.501,0.062,0,0,,0,0,,3.4,0.711,0.209,5.6,0.292,0.052,1.461,20.3,15.4,0.497,0.032,Control
329,210112_6,E4HN_M,F,Day4,1,MWM_150,4/22/21,44.8,6.095,0.136,6,1.199,0.201,6.1,1.095,0.179,19.2,2.379,0.124,13.5,1.423,0.105,6.095,40.7,0,0,,Control
330,210112_7,E4HN_M,F,Day4,1,MWM_150,4/22/21,14.3,0.867,0.061,0,0,,0,0,,8.8,0.488,0.056,5.6,0.38,0.068,0.793,10.3,0,0,,Control
331,210112_8,E4HN_M,F,Day4,1,MWM_150,4/22/21,17.6,1.495,0.085,5.5,0.598,0.109,0,0,,4.7,0.229,0.049,7.5,0.668,0.09,1.451,13.5,0,0,,Control
332,210112_9,E4HN_M,F,Day4,1,MWM_150,4/22/21,27.2,5.188,0.191,0.4,0.111,0.302,3.7,0.86,0.23,6.3,1.41,0.224,9.1,1.285,0.141,5.067,23.1,7.7,1.523,0.198,HFD
333,210112_10,E4HN_M,F,Day4,1,MWM_150,4/22/21,18.1,1.823,0.101,0,0,,0,0,,4.8,0.686,0.142,13.2,1.137,0.086,1.785,14,0,0,,HFD
334,210112_11,E4HN_M,F,Day4,1,MWM_150,4/22/21,49.3,8.56,0.174,2.9,0.595,0.205,3.9,0.951,0.242,5.2,0.88,0.168,14.6,1.875,0.128,8.519,45.2,22.5,4.258,0.189,HFD
335,210112_12,E4HN_M,F,Day4,1,MWM_150,4/22/21,14.4,1.159,0.081,0.7,0.081,0.11,0,0,,6,0.731,0.123,7.7,0.347,0.045,1.121,10.3,0,0,,HFD
336,210112_13,E4HN_F,D,Day4,1,MWM_150,4/22/21,29.7,4.482,0.151,4.2,0.749,0.18,0,0,,5.1,1.22,0.239,17.9,2.26,0.126,4.449,25.6,2.5,0.253,0.101,Control
337,210112_14,E4HN_F,D,Day4,1,MWM_150,4/22/21,29.3,4.452,0.152,0,0,,3.9,0.791,0.204,6.8,1.374,0.202,14,1.75,0.125,4.301,25.3,4.6,0.538,0.116,Control
338,210112_15,E4HN_F,D,Day4,1,MWM_150,4/22/21,60,9.076,0.151,14.8,2.296,0.155,3.9,0.819,0.212,12.8,1.843,0.145,20.8,3.416,0.164,9.042,57.8,7.7,0.701,0.091,Control
339,210112_16,E4HN_F,D,Day4,1,MWM_150,4/22/21,40.4,6.315,0.156,7.3,1.278,0.175,3.6,0.907,0.252,16.5,2.843,0.172,11.4,1.076,0.094,6.315,36.3,1.6,0.211,0.134,Control
340,210112_17,E4HN_F,D,Day4,1,MWM_150,4/22/21,23.6,4.507,0.191,2.1,0.574,0.278,4.9,1.091,0.223,5.7,1.401,0.244,9,1.2,0.133,4.43,19.5,1.9,0.242,0.129,Control
341,210112_18,E3HN_M,C,Day4,1,MWM_150,4/22/21,21.1,1.643,0.078,0.2,0.054,0.326,1.6,0.344,0.22,12.8,0.793,0.062,6.6,0.451,0.068,1.605,17.1,0,0,,HFD
342,210112_19,E3HN_M,C,Day4,1,MWM_150,4/22/21,60,9.727,0.162,2.1,0.325,0.152,2.8,0.519,0.183,9.1,1.634,0.179,6.6,1.114,0.169,,,39.3,6.136,0.156,HFD
343,210112_20,E3HN_M,C,Day4,1,MWM_150,4/22/21,60,12.359,0.206,10.4,2.383,0.228,5.6,1.408,0.25,24.5,4.876,0.199,5.5,1.432,0.262,,,14,2.26,0.161,HFD
344,210112_21,E3HN_F,E,Day4,1,MWM_150,4/22/21,38.4,5.138,0.134,10.7,1.282,0.12,15.3,2.51,0.164,2,0.309,0.156,8.9,0.789,0.088,5.053,34.3,1.5,0.248,0.162,HFD
345,210112_23,E3HN_F,E,Day4,1,MWM_150,4/22/21,29.3,4.536,0.155,2.4,0.562,0.238,3.7,0.736,0.197,14.3,2.199,0.154,8.9,1.039,0.117,4.498,25.2,0,0,,HFD
346,210112_24,E3HN_F,E,Day4,1,MWM_150,4/22/21,35.4,7.118,0.201,3.1,0.661,0.213,3.9,0.791,0.205,8.1,1.945,0.24,9.6,1.303,0.136,7.08,31.4,10.8,2.417,0.224,HFD
347,210112_25,E44_M,A,Day4,1,MWM_150,4/22/21,60,11.627,0.194,6.4,1.223,0.19,18.4,3.556,0.193,15,2.778,0.185,5.3,1.023,0.192,,,14.8,3.047,0.206,HFD
348,210112_26,E44_M,A,Day4,1,MWM_150,4/22/21,20.5,2.418,0.118,0,0,,0,0,,5.6,0.692,0.123,12.6,1.365,0.108,2.374,16.4,2.3,0.361,0.157,HFD
349,210112_27,E44_F,B,Day4,1,MWM_150,4/22/21,46.1,5.635,0.122,0,0,,2.4,0.39,0.16,11,1.859,0.168,23,2.319,0.101,5.549,42,9.7,1.067,0.11,HFD
350,210112_28,E44_F,B,Day4,1,MWM_150,4/22/21,32.8,5.17,0.158,4,1.099,0.277,0.8,0.222,0.277,6.4,1.283,0.201,11,1.338,0.121,5.137,28.7,10.6,1.229,0.116,HFD
351,210112_29,E44_F,B,Day4,1,MWM_150,4/22/21,15.8,2.104,0.133,0,0,,0,0,,9.1,1.67,0.183,5.3,0.307,0.058,2.029,11.7,1.3,0.127,0.095,HFD
352,210112_1,E4HN_F,D,Day4,2,MWM_150,4/22/21,23.6,2.693,0.114,0.7,0.094,0.135,10.9,1.34,0.123,0,0,,9.8,1.127,0.115,2.646,19.5,2.2,0.131,0.06,HFD
353,210112_2,E4HN_F,D,Day4,2,MWM_150,4/22/21,25,3.114,0.125,0,0,,7.6,0.682,0.09,0,0,,15,2.182,0.145,2.707,20.9,2.4,0.25,0.105,HFD
354,210112_4,E4HN_F,D,Day4,2,MWM_150,4/22/21,9.1,1.015,0.112,0,0,,2.8,0.541,0.193,0,0,,6.3,0.474,0.076,0.977,5,0,0,,HFD
355,210112_5,E4HN_M,F,Day4,2,MWM_150,4/22/21,17.7,1.528,0.087,0,0,,8.7,0.478,0.055,0,0,,9,1.05,0.116,1.453,13.6,0,0,,Control
356,210112_6,E4HN_M,F,Day4,2,MWM_150,4/22/21,17.8,0.98,0.055,0,0,,12.6,0.728,0.058,0,0,,5.3,0.252,0.048,0.946,13.8,0,0,,Control
357,210112_7,E4HN_M,F,Day4,2,MWM_150,4/22/21,18.9,1.532,0.081,0,0,,6.3,0.33,0.052,0,0,,12.6,1.203,0.096,1.532,14.8,0,0,,Control
358,210112_8,E4HN_M,F,Day4,2,MWM_150,4/22/21,42.4,7.034,0.166,6.3,1.499,0.237,14.1,2.012,0.143,2.8,0.661,0.233,16.9,2.526,0.15,6.959,38.4,2.3,0.337,0.144,Control
359,210112_9,E4HN_M,F,Day4,2,MWM_150,4/22/21,50.1,9.831,0.196,1.5,0.349,0.228,9.7,2.069,0.214,8.6,2.01,0.233,21.3,4.256,0.2,9.79,46,9,1.147,0.128,HFD
360,210112_10,E4HN_M,F,Day4,2,MWM_150,4/22/21,27.4,4.177,0.152,0,0,,9.4,1.368,0.146,6,1.16,0.193,12,1.649,0.137,4.092,23.3,0,0,,HFD
361,210112_11,E4HN_M,F,Day4,2,MWM_150,4/22/21,8.8,0.889,0.101,0,0,,2.6,0.472,0.184,0,0,,6.2,0.417,0.067,0.842,4.8,0,0,,HFD
362,210112_12,E4HN_M,F,Day4,2,MWM_150,4/22/21,24.7,2.284,0.092,0,0,,9.2,1.103,0.12,0,0,,13.4,1.141,0.085,2.208,20.7,2.2,0.04,0.018,HFD
363,210112_13,E4HN_F,D,Day4,2,MWM_150,4/22/21,13.4,1.402,0.105,0,0,,1.1,0.252,0.236,0,0,,9.9,0.911,0.092,1.366,9.4,2.4,0.238,0.099,Control
364,210112_14,E4HN_F,D,Day4,2,MWM_150,4/22/21,25.8,3.463,0.134,0,0,,7.9,1.041,0.132,2.6,0.371,0.141,14.9,1.984,0.133,3.353,21.7,0.4,0.067,0.183,Control
365,210112_15,E4HN_F,D,Day4,2,MWM_150,4/22/21,22.6,3.422,0.152,1.6,0.242,0.151,11.2,2.071,0.185,0,0,,9.8,1.108,0.113,3.387,18.5,0,0,,Control
366,210112_16,E4HN_F,D,Day4,2,MWM_150,4/22/21,43.2,6.555,0.152,5.7,1.164,0.203,6.5,1.141,0.177,6.2,1.167,0.189,23.2,2.728,0.118,6.522,39.2,1.6,0.355,0.218,Control
367,210112_17,E4HN_F,D,Day4,2,MWM_150,4/22/21,38.7,6.321,0.163,1,0.166,0.172,7.2,1.499,0.208,5.6,1.023,0.183,19.4,2.978,0.154,6.251,34.6,5.5,0.654,0.119,Control
368,210112_18,E3HN_M,C,Day4,2,MWM_150,4/22/21,24.8,3.864,0.156,0,0,,5.9,1.111,0.187,2.3,0.498,0.214,15.3,2.117,0.138,3.777,20.7,1.2,0.137,0.114,HFD
369,210112_19,E3HN_M,C,Day4,2,MWM_150,4/22/21,60,10.631,0.177,1.9,0.421,0.226,11.5,1.303,0.113,7.5,1.62,0.217,3.4,0.66,0.196,,,35.8,6.627,0.185,HFD
370,210112_20,E3HN_M,C,Day4,2,MWM_150,4/22/21,16.5,2.737,0.166,0,0,,4.9,0.976,0.198,1.7,0.375,0.221,9.9,1.387,0.14,2.698,12.5,0,0,,HFD
371,210112_21,E3HN_F,E,Day4,2,MWM_150,4/22/21,31,3.964,0.128,0,0,,8.6,1.099,0.128,6.9,1.115,0.162,15.3,1.751,0.115,3.914,26.9,0.2,0,0,HFD
372,210112_23,E3HN_F,E,Day4,2,MWM_150,4/22/21,26.6,3.672,0.138,3.1,0.267,0.087,3.6,0.576,0.162,2.5,0.465,0.184,17.5,2.364,0.135,3.634,22.6,0,0,,HFD
373,210112_24,E3HN_F,E,Day4,2,MWM_150,4/22/21,60,13.252,0.221,6.8,1.565,0.229,12.8,2.811,0.22,7.3,1.754,0.239,19.2,4.44,0.232,,,13.9,2.681,0.193,HFD
374,210112_25,E44_M,A,Day4,2,MWM_150,4/22/21,8.4,0.674,0.08,0,0,,2,0.247,0.121,0,0,,6.4,0.428,0.067,0.595,4.3,0,0,,HFD
375,210112_26,E44_M,A,Day4,2,MWM_150,4/22/21,17.1,1.904,0.112,0,0,,4.9,0.751,0.154,0,0,,12.2,1.153,0.095,1.865,13,0,0,,HFD
376,210112_27,E44_F,B,Day4,2,MWM_150,4/22/21,23.9,2.541,0.107,0,0,,5.8,0.712,0.123,3.8,0.306,0.081,13.3,1.433,0.108,2.499,19.8,1,0.09,0.093,HFD
377,210112_28,E44_F,B,Day4,2,MWM_150,4/22/21,12.9,1.326,0.102,0,0,,4.5,0.737,0.163,0,0,,5.2,0.243,0.047,1.241,8.8,3.3,0.346,0.106,HFD
378,210112_29,E44_F,B,Day4,2,MWM_150,4/22/21,21.8,3.04,0.14,0,0,,4.6,1.041,0.226,4.5,0.788,0.174,8.2,0.86,0.104,3.006,17.7,4.4,0.352,0.08,HFD
379,210112_1,E4HN_F,D,Day4,3,MWM_150,4/22/21,16.3,1.896,0.117,4.6,0.45,0.098,0,0,,4.2,0.842,0.202,6.6,0.466,0.07,1.857,12.2,0.9,0.137,0.158,HFD
380,210112_2,E4HN_F,D,Day4,3,MWM_150,4/22/21,12.9,1.144,0.089,3.3,0.503,0.154,0,0,,0.5,0.142,0.303,9.2,0.499,0.055,1.105,8.8,0,0,,HFD
381,210112_4,E4HN_F,D,Day4,3,MWM_150,4/22/21,24,2.46,0.102,1.9,0.315,0.166,0,0,,2.5,0.484,0.196,19.7,1.661,0.084,2.391,20,0,0,,HFD
382,210112_5,E4HN_M,F,Day4,3,MWM_150,4/22/21,18.7,1.993,0.106,9.2,0.823,0.09,0,0,,0.1,0.041,0.306,9.4,1.129,0.12,1.959,14.7,0,0,,Control
383,210112_6,E4HN_M,F,Day4,3,MWM_150,4/22/21,22.3,2.339,0.105,11.6,1.084,0.094,0,0,,2.2,0.481,0.215,8.5,0.774,0.091,2.339,18.3,0,0,,Control
384,210112_7,E4HN_M,F,Day4,3,MWM_150,4/22/21,21.6,1.729,0.08,11.8,0.553,0.047,2.4,0.357,0.147,0.4,0.095,0.259,7.1,0.724,0.102,1.635,17.6,0,0,,Control
385,210112_8,E4HN_M,F,Day4,3,MWM_150,4/22/21,44,5.511,0.125,16.9,0.775,0.046,5.6,1.271,0.228,4.3,0.839,0.197,12.6,1.897,0.15,5.436,39.9,4.7,0.73,0.156,Control
386,210112_9,E4HN_M,F,Day4,3,MWM_150,4/22/21,60,11.194,0.187,7.4,1.22,0.165,7.5,1.844,0.247,9.6,1.558,0.163,21.3,4.759,0.223,,,14.3,1.813,0.127,HFD
387,210112_10,E4HN_M,F,Day4,3,MWM_150,4/22/21,20,1.983,0.099,2.9,0.216,0.075,0,0,,5.6,0.791,0.14,11.4,0.975,0.085,1.941,15.9,0,0,,HFD
388,210112_11,E4HN_M,F,Day4,3,MWM_150,4/22/21,42.6,6.396,0.15,8.2,1.423,0.174,3,0.732,0.244,10,1.652,0.165,14.2,1.534,0.108,6.353,38.5,7.2,1.055,0.147,HFD
389,210112_12,E4HN_M,F,Day4,3,MWM_150,4/22/21,15.4,1.294,0.084,7.9,0.635,0.08,0,0,,2,0.353,0.18,5.4,0.306,0.056,1.256,11.3,0,0,,HFD
390,210112_13,E4HN_F,D,Day4,3,MWM_150,4/22/21,7,0.7,0.1,1.1,0.201,0.191,0,0,,0.8,0.213,0.278,5.2,0.286,0.055,0.7,2.9,0,0,,Control
391,210112_14,E4HN_F,D,Day4,3,MWM_150,4/22/21,8.6,0.933,0.108,1.6,0.298,0.185,0,0,,0.9,0.183,0.203,6.1,0.452,0.074,0.864,4.5,0,0,,Control
392,210112_15,E4HN_F,D,Day4,3,MWM_150,4/22/21,49,7.072,0.144,6.7,1.243,0.185,20.8,2.998,0.144,4.4,0.76,0.174,15.3,1.826,0.119,7.003,44.9,1.7,0.246,0.142,Control
393,210112_16,E4HN_F,D,Day4,3,MWM_150,4/22/21,19.2,2.956,0.154,5.6,0.976,0.173,1.8,0.49,0.267,5.3,1.026,0.195,6.5,0.464,0.072,2.882,15.1,0,0,,Control
394,210112_17,E4HN_F,D,Day4,3,MWM_150,4/22/21,7.8,0.88,0.113,1,0.185,0.189,1.7,0.448,0.263,0,0,,5.1,0.247,0.049,0.841,3.7,0,0,,Control
395,210112_18,E3HN_M,C,Day4,3,MWM_150,4/22/21,30.8,4.63,0.15,7.3,0.992,0.135,3,0.655,0.218,6.2,1.154,0.186,11.7,1.636,0.14,4.592,26.7,2.6,0.193,0.075,HFD
396,210112_19,E3HN_M,C,Day4,3,MWM_150,4/22/21,60,8.775,0.146,6.7,0.504,0.076,0.7,0.153,0.208,21.7,3.556,0.164,7.5,1.652,0.22,,,23.4,2.91,0.124,HFD
397,210112_20,E3HN_M,C,Day4,3,MWM_150,4/22/21,22.8,3.586,0.157,10.3,1.544,0.15,2.1,0.437,0.211,3,0.746,0.249,7.5,0.86,0.115,3.544,18.8,0,0,,HFD
398,210112_21,E3HN_F,E,Day4,3,MWM_150,4/22/21,37.9,5.179,0.137,14.5,2.102,0.145,2.2,0.372,0.169,11.2,1.617,0.145,8.3,0.802,0.097,5.132,33.8,1.8,0.287,0.162,HFD
399,210112_23,E3HN_F,E,Day4,3,MWM_150,4/22/21,20.1,2.574,0.128,4.4,0.469,0.106,0,0,,3.6,0.669,0.188,12.1,1.436,0.119,2.536,16,0,0,,HFD
400,210112_24,E3HN_F,E,Day4,3,MWM_150,4/22/21,15,2.011,0.134,2.3,0.332,0.142,0,0,,4.7,1.036,0.22,7,0.558,0.08,1.932,10.9,1,0.084,0.084,HFD
401,210112_25,E44_M,A,Day4,3,MWM_150,4/22/21,9.1,0.81,0.089,0,0,,0,0,,2.4,0.381,0.161,6.8,0.429,0.063,0.732,5.1,0,0,,HFD
402,210112_26,E44_M,A,Day4,3,MWM_150,4/22/21,19.3,2.713,0.14,2.4,0.366,0.15,3.5,0.742,0.214,0.8,0.104,0.13,12.6,1.5,0.119,2.65,15.3,0,0,,HFD
403,210112_27,E44_F,B,Day4,3,MWM_150,4/22/21,10.5,0.924,0.088,3.6,0.504,0.138,0,0,,0.3,0,0,6.6,0.42,0.063,0.884,6.4,0,0,,HFD
404,210112_28,E44_F,B,Day4,3,MWM_150,4/22/21,39.4,5.501,0.14,4.9,0.817,0.167,8.2,1.467,0.179,3.4,0.655,0.195,10.3,1.279,0.124,5.43,35.3,12.6,1.284,0.102,HFD
405,210112_29,E44_F,B,Day4,3,MWM_150,4/22/21,32.7,6.333,0.194,4.6,0.74,0.159,1.4,0.327,0.234,8.5,1.604,0.188,13,2.931,0.225,5.465,28.6,5.1,0.731,0.144,HFD
406,210112_1,E4HN_F,D,Day4,4,MWM_150,4/22/21,12.3,1.124,0.092,0,0,,1.7,0.253,0.149,0,0,,10.6,0.871,0.082,1.011,8.2,0,0,,HFD
407,210112_2,E4HN_F,D,Day4,4,MWM_150,4/22/21,14.5,1.166,0.081,0,0,,7.3,0.816,0.112,0,0,,7.2,0.35,0.049,1.132,10.4,0,0,,HFD
408,210112_4,E4HN_F,D,Day4,4,MWM_150,4/22/21,5.3,1.125,0.212,0,0,,0,0,,0,0,,4.7,1.074,0.228,0.15,1.2,0.6,0.052,0.086,HFD
409,210112_5,E4HN_M,F,Day4,4,MWM_150,4/22/21,14.9,1.24,0.083,0,0,,0,0,,1.2,0.269,0.219,13.6,0.971,0.071,1.196,10.8,0,0,,Control
410,210112_6,E4HN_M,F,Day4,4,MWM_150,4/22/21,22.1,2.97,0.134,0,0,,0.8,0.123,0.154,4.5,0.72,0.16,16.8,2.127,0.126,2.937,18.1,0,0,,Control
411,210112_7,E4HN_M,F,Day4,4,MWM_150,4/22/21,17.1,1.468,0.086,0,0,,0,0,,1.6,0.306,0.195,14.1,1.051,0.075,1.468,13,1.4,0.111,0.078,Control
412,210112_8,E4HN_M,F,Day4,4,MWM_150,4/22/21,46.7,6.823,0.146,3.5,0.851,0.245,7.4,1.669,0.225,14.9,1.719,0.116,21,2.584,0.123,6.756,42.7,0,0,,Control
413,210112_9,E4HN_M,F,Day4,4,MWM_150,4/22/21,7.1,0.526,0.074,0,0,,0,0,,0,0,,7.1,0.526,0.074,0.43,3.1,0,0,,HFD
414,210112_10,E4HN_M,F,Day4,4,MWM_150,4/22/21,13.7,1.393,0.101,0,0,,0,0,,1.5,0.121,0.079,12.2,1.272,0.104,1.354,9.7,0,0,,HFD
415,210112_11,E4HN_M,F,Day4,4,MWM_150,4/22/21,4.5,0.708,0.159,0,0,,0,0,,0,0.076,2.25,3.6,0.555,0.152,0,0,0.8,0.076,0.099,HFD
416,210112_12,E4HN_M,F,Day4,4,MWM_150,4/22/21,6.2,0.723,0.118,0,0,,0,0,,0,0,,6.2,0.723,0.118,0.165,2.1,0,0,,HFD
417,210112_13,E4HN_F,D,Day4,4,MWM_150,4/22/21,5.4,0.309,0.057,0,0,,0,0,,0,0,,5.4,0.309,0.057,0.274,1.4,0,0,,Control
418,210112_14,E4HN_F,D,Day4,4,MWM_150,4/22/21,4.5,0.71,0.157,0,0,,0,0,,0,0.062,1.822,3.9,0.583,0.149,,0.4,0.6,0.065,0.114,Control
419,210112_15,E4HN_F,D,Day4,4,MWM_150,4/22/21,20.4,2.744,0.135,0,0,,3.6,0.621,0.171,1.3,0.153,0.118,15.4,1.97,0.128,2.385,16.3,0,0,,Control
420,210112_16,E4HN_F,D,Day4,4,MWM_150,4/22/21,4.9,0.516,0.106,0,0,,0,0,,1.3,0.059,0.047,3.6,0.457,0.127,0.039,0.8,0,0,,Control
421,210112_17,E4HN_F,D,Day4,4,MWM_150,4/22/21,14.5,2.534,0.174,0,0,,2.5,0.494,0.197,0.4,0.05,0.136,10.7,1.99,0.186,1.868,10.5,1,0,0,Control
422,210112_18,E3HN_M,C,Day4,4,MWM_150,4/22/21,7.4,0.944,0.128,0,0,,0,0,,0.7,0.076,0.107,6.6,0.868,0.131,0.38,3.3,0,0,,HFD
423,210112_19,E3HN_M,C,Day4,4,MWM_150,4/22/21,6.9,0.647,0.094,0,0,,0,0,,0,0,,6.9,0.647,0.094,0.245,2.8,0,0,,HFD
424,210112_20,E3HN_M,C,Day4,4,MWM_150,4/22/21,15.2,2.439,0.161,0,0,,0,0,,2.3,0.404,0.178,11,1.725,0.157,1.969,11.1,1.9,0.311,0.166,HFD
425,210112_21,E3HN_F,E,Day4,4,MWM_150,4/22/21,48,8.364,0.174,7.8,1.227,0.157,17.2,3.177,0.185,3.8,0.809,0.215,16.4,2.658,0.162,7.619,43.9,2.7,0.494,0.181,HFD
426,210112_23,E3HN_F,E,Day4,4,MWM_150,4/22/21,13.3,1.35,0.101,0,0,,0,0,,0,0,,11.9,1.12,0.094,1.273,9.2,1.4,0.23,0.168,HFD
427,210112_24,E3HN_F,E,Day4,4,MWM_150,4/22/21,19.4,2.936,0.151,0,0,,1.4,0.193,0.138,4.6,0.746,0.163,13.4,1.997,0.149,2.579,15.3,0,0,0,HFD
428,210112_25,E44_M,A,Day4,4,MWM_150,4/22/21,16.8,2.48,0.148,0,0,,5.6,0.572,0.102,0.9,0.136,0.151,10.1,1.727,0.172,1.786,12.7,0.2,0.045,0.218,HFD
429,210112_26,E44_M,A,Day4,4,MWM_150,4/22/21,20.3,3.178,0.157,2.1,0.51,0.243,0.1,0,0,9.2,1.877,0.205,8.9,0.791,0.089,3.139,16.2,0,0,,HFD
430,210112_27,E44_F,B,Day4,4,MWM_150,4/22/21,58,8.728,0.151,6,1.083,0.182,10.9,1.634,0.15,16.4,2.968,0.181,17.4,1.973,0.113,8.63,53.9,7.3,1.07,0.146,HFD
431,210112_28,E44_F,B,Day4,4,MWM_150,4/22/21,5.8,0.231,0.04,0,0,,0,0,,0,0,,5.8,0.231,0.04,0.188,1.7,0,0,,HFD
432,210112_29,E44_F,B,Day4,4,MWM_150,4/22/21,20.3,3.158,0.156,2.2,0.477,0.217,1.1,0.241,0.219,5.2,0.923,0.178,10.9,1.357,0.125,3.118,16.2,0.9,0.16,0.178,HFD
433,210112_1,E4HN_F,D,Day5,1,MWM_150,4/23/21,6,0.177,0.029,0,0,,0,0,,0,0,,6,0.177,0.029,0.097,2,0,0,,HFD
434,210112_2,E4HN_F,D,Day5,1,MWM_150,4/23/21,9.9,1.138,0.115,0,0,,0.8,0,0,0.7,0.042,0.062,8.4,1.096,0.13,0.84,5.8,0,0,,HFD
435,210112_4,E4HN_F,D,Day5,1,MWM_150,4/23/21,5.8,0.334,0.058,0,0,,0,0,,0,0,,5.8,0.334,0.058,0.259,1.7,0,0,,HFD
436,210112_5,E4HN_M,F,Day5,1,MWM_150,4/23/21,24.1,3.95,0.164,3.8,0.462,0.122,4.4,0.735,0.168,1.4,0.209,0.149,14.1,2.544,0.18,3.379,20,0.4,0,0,Control
437,210112_6,E4HN_M,F,Day5,1,MWM_150,4/23/21,16.7,2.885,0.173,0.4,0.095,0.22,4.2,0.709,0.167,5.7,1.224,0.216,6,0.856,0.143,2.067,12.6,0.3,0,0,Control
438,210112_7,E4HN_M,F,Day5,1,MWM_150,4/23/21,9.1,1.113,0.122,0,0,,0,0,,0,0,,8.7,1.113,0.127,0.413,5,0.4,0,0,Control
439,210112_8,E4HN_M,F,Day5,1,MWM_150,4/23/21,21,2.133,0.101,0,0,,0,0,,0.1,0.222,1.656,20.8,1.849,0.089,1.231,17,0.1,0.062,0.516,Control
440,210112_9,E4HN_M,F,Day5,1,MWM_150,4/23/21,7.3,0.78,0.107,0,0,,0,0,,0,0,,7.3,0.78,0.107,0.411,3.2,0,0,,HFD
441,210112_10,E4HN_M,F,Day5,1,MWM_150,4/23/21,9.3,0.83,0.09,0,0,,0,0,,0,0,,9.3,0.83,0.09,0.744,5.2,0,0,,HFD
442,210112_11,E4HN_M,F,Day5,1,MWM_150,4/23/21,6.3,1.036,0.165,0,0,,0.7,0.05,0.075,0.1,0.264,1.984,4.9,0.722,0.147,0.24,2.2,0.6,0,0,HFD
443,210112_12,E4HN_M,F,Day5,1,MWM_150,4/23/21,7.5,1.228,0.163,0,0,,0.8,0.09,0.108,0,0.066,1.996,5.8,1.072,0.186,0.499,3.5,0.9,0,0,HFD
444,210112_13,E4HN_F,D,Day5,1,MWM_150,4/23/21,23.7,3.712,0.157,0.6,0.085,0.142,7.3,1.64,0.224,0,0,,14.2,1.792,0.126,3.676,19.6,1.5,0.195,0.127,Control
445,210112_14,E4HN_F,D,Day5,1,MWM_150,4/23/21,5.6,0.22,0.04,0,0,,0,0,,0,0,,5.6,0.22,0.04,0.114,1.5,0,0,,Control
446,210112_15,E4HN_F,D,Day5,1,MWM_150,4/23/21,9.2,1.017,0.111,0,0,,0.9,0.157,0.168,0.3,0.088,0.331,8,0.773,0.097,0.945,5.1,0,0,,Control
447,210112_16,E4HN_F,D,Day5,1,MWM_150,4/23/21,14.3,1.855,0.13,0,0,,2.3,0.35,0.152,1.2,0.201,0.163,10.7,1.304,0.121,1.784,10.2,0,0,,Control
448,210112_17,E4HN_F,D,Day5,1,MWM_150,4/23/21,8.4,1.757,0.21,0,0,,0,0,,0.2,0.377,1.613,8,1.204,0.151,0.799,4.3,0.1,0.176,1.322,Control
449,210112_18,E3HN_M,C,Day5,1,MWM_150,4/23/21,14.5,1.475,0.101,0,0,,0,0,,1.3,0.165,0.127,13.2,1.31,0.099,1.435,10.5,0,0,,HFD
450,210112_19,E3HN_M,C,Day5,1,MWM_150,4/23/21,60,10.629,0.177,2.5,0.58,0.235,0.9,0.184,0.212,13.4,2.249,0.168,17.7,3.737,0.211,,,25.5,3.88,0.152,HFD
451,210112_20,E3HN_M,C,Day5,1,MWM_150,4/23/21,31.9,6.198,0.194,0.3,0.066,0.248,7.4,1.357,0.184,4.2,0.886,0.211,17.2,3.221,0.187,5.534,27.9,2.9,0.669,0.233,HFD
452,210112_21,E3HN_F,E,Day5,1,MWM_150,4/23/21,16.6,2.269,0.137,0,0,,9.7,1.21,0.124,1.1,0.078,0.072,5.8,0.98,0.17,1.681,12.5,0,0,,HFD
453,210112_23,E3HN_F,E,Day5,1,MWM_150,4/23/21,10.8,1.544,0.142,0,0,,0,0,,5.6,0.708,0.126,5.2,0.836,0.16,0.997,6.8,0,0,,HFD
454,210112_24,E3HN_F,E,Day5,1,MWM_150,4/23/21,7.7,1.352,0.175,0,0,,0,0,,0,0,,6.4,1.267,0.197,0.577,3.7,1.3,0.086,0.065,HFD
455,210112_25,E44_M,A,Day5,1,MWM_150,4/23/21,38.3,5.702,0.149,6.7,1.123,0.168,12.3,1.999,0.162,5.7,0.933,0.164,13.6,1.647,0.121,5.625,34.2,0,0,,HFD
456,210112_26,E44_M,A,Day5,1,MWM_150,4/23/21,5.7,0.289,0.051,0,0,,0,0,,0,0,,5.7,0.289,0.051,0.174,1.6,0,0,,HFD
457,210112_27,E44_F,B,Day5,1,MWM_150,4/23/21,6.1,0.797,0.131,0,0,,0,0,,0,0,,5.6,0.797,0.141,0.19,2,0.5,0,0,HFD
458,210112_28,E44_F,B,Day5,1,MWM_150,4/23/21,5.2,0.434,0.084,0,0,,0,0,,0,0,,5.2,0.434,0.084,0.126,1.1,0,0,,HFD
459,210112_29,E44_F,B,Day5,1,MWM_150,4/23/21,8.9,1.055,0.119,0,0,,0,0,,1.2,0.161,0.135,7.3,0.894,0.122,0.66,4.8,0.4,0,0,HFD
460,210112_1,E4HN_F,D,Day5,2,MWM_150,4/23/21,9.6,0.98,0.102,0,0,,0,0,,3.4,0.518,0.15,6.2,0.462,0.075,0.903,5.5,0,0,,HFD
461,210112_2,E4HN_F,D,Day5,2,MWM_150,4/23/21,9.6,1.609,0.167,0,0,,0,0,,3.7,0.378,0.102,5.6,1.231,0.222,0.724,5.6,0.4,0,0,HFD
462,210112_4,E4HN_F,D,Day5,2,MWM_150,4/23/21,9.9,1.064,0.107,0,0,,0,0,,2.6,0.409,0.157,7.3,0.655,0.089,0.819,5.9,0,0,,HFD
463,210112_5,E4HN_M,F,Day5,2,MWM_150,4/23/21,16.7,2.723,0.163,0,0,,1.4,0.164,0.117,6.4,1.042,0.164,8.9,1.517,0.17,2.172,12.6,0,0,,Control
464,210112_6,E4HN_M,F,Day5,2,MWM_150,4/23/21,21.5,3.046,0.142,0,0,,1.2,0.257,0.214,7,0.897,0.128,13.3,1.892,0.142,2.552,17.4,0,0,,Control
465,210112_7,E4HN_M,F,Day5,2,MWM_150,4/23/21,11.7,2.044,0.174,0,0,,1.3,0.16,0.123,1.8,0.235,0.133,8.7,1.649,0.19,1.19,7.7,0,0,,Control
466,210112_8,E4HN_M,F,Day5,2,MWM_150,4/23/21,26.7,2.627,0.099,0,0,,0.9,0.185,0.198,12.2,0.647,0.053,13.5,1.795,0.133,2.451,22.6,0,0,,Control
467,210112_9,E4HN_M,F,Day5,2,MWM_150,4/23/21,7.9,0.766,0.097,0,0,,0,0,,2.8,0.456,0.161,5.1,0.31,0.061,0.689,3.8,0,0,,HFD
468,210112_10,E4HN_M,F,Day5,2,MWM_150,4/23/21,10.5,1.133,0.108,0,0,,0,0,,4.9,0.774,0.157,5.5,0.359,0.065,1.045,6.4,0,0,,HFD
469,210112_11,E4HN_M,F,Day5,2,MWM_150,4/23/21,16.2,1.537,0.095,0,0,,0,0,,9.1,1.09,0.12,7.1,0.447,0.063,1.454,12.1,0,0,,HFD
470,210112_12,E4HN_M,F,Day5,2,MWM_150,4/23/21,9.8,0.83,0.085,1.3,0.204,0.157,0,0,,2.5,0.3,0.119,6,0.326,0.054,0.788,5.7,0,0,,HFD
471,210112_13,E4HN_F,D,Day5,2,MWM_150,4/23/21,44,7.178,0.163,2.3,0.639,0.278,3.5,0.817,0.231,10.7,2.21,0.206,23,3.093,0.135,7.144,39.9,4.5,0.419,0.094,Control
472,210112_14,E4HN_F,D,Day5,2,MWM_150,4/23/21,23.5,3.135,0.133,0,0,,0.7,0.098,0.146,7.1,1.002,0.141,15.8,2.035,0.129,3.091,19.5,0,0,,Control
473,210112_15,E4HN_F,D,Day5,2,MWM_150,4/23/21,9.4,1.25,0.133,0,0,,0,0,,4.1,0.928,0.226,5.3,0.322,0.061,1.216,5.3,0,0,,Control
474,210112_16,E4HN_F,D,Day5,2,MWM_150,4/23/21,15.8,1.755,0.111,0,0,,0,0,,7.8,1.032,0.133,8,0.723,0.09,1.755,11.8,0,0,,Control
475,210112_17,E4HN_F,D,Day5,2,MWM_150,4/23/21,11.4,1.647,0.145,0,0,,0,0,,2.7,0.499,0.187,8.7,1.148,0.132,1.546,7.3,0,0,,Control
476,210112_18,E3HN_M,C,Day5,2,MWM_150,4/23/21,11.5,1.011,0.088,0,0,,0,0,,4.2,0.605,0.145,7.3,0.406,0.056,0.934,7.4,0,0,,HFD
477,210112_19,E3HN_M,C,Day5,2,MWM_150,4/23/21,16.5,2.44,0.148,0,0,,0,0,,4.6,0.695,0.151,8.2,1.312,0.16,1.955,12.4,3.7,0.433,0.118,HFD
478,210112_20,E3HN_M,C,Day5,2,MWM_150,4/23/21,14.1,1.49,0.106,0,0,,0,0,,7.1,0.822,0.115,6.9,0.668,0.097,1.451,10,0,0,,HFD
479,210112_21,E3HN_F,E,Day5,2,MWM_150,4/23/21,13.5,1.424,0.106,0,0,,0,0,,5.7,0.823,0.145,7.8,0.601,0.077,1.336,9.5,0,0,,HFD
480,210112_23,E3HN_F,E,Day5,2,MWM_150,4/23/21,13.4,1.432,0.107,0,0,,0,0,,3.2,0.454,0.143,8.9,0.771,0.087,1.362,9.3,1.4,0.207,0.151,HFD
481,210112_24,E3HN_F,E,Day5,2,MWM_150,4/23/21,11,1.228,0.112,0,0,,0,0,,2.6,0.496,0.19,8.4,0.732,0.088,1.19,6.9,0,0,,HFD
482,210112_25,E44_M,A,Day5,2,MWM_150,4/23/21,12.7,1.201,0.095,0,0,,0,0,,6.2,0.786,0.127,6.5,0.415,0.064,1.085,8.6,0,0,,HFD
483,210112_26,E44_M,A,Day5,2,MWM_150,4/23/21,42.9,6.976,0.163,0,0,,0,0,,20.8,4.036,0.194,17,2.622,0.154,6.892,38.8,5.1,0.318,0.062,HFD
484,210112_27,E44_F,B,Day5,2,MWM_150,4/23/21,10.2,1.094,0.107,0,0,,0,0,,4,0.664,0.167,5.8,0.379,0.066,0.969,6.2,0.5,0.051,0.109,HFD
485,210112_28,E44_F,B,Day5,2,MWM_150,4/23/21,60,9.672,0.161,11.3,1.952,0.173,9.3,1.724,0.185,18,2.914,0.162,12.9,2.358,0.183,,,8.6,0.724,0.085,HFD
486,210112_29,E44_F,B,Day5,2,MWM_150,4/23/21,15.1,2.622,0.174,0,0,,0.7,0.075,0.113,3.8,0.67,0.178,10.6,1.876,0.177,1.98,11,0,0,,HFD
487,210112_1,E4HN_F,D,Day5,3,MWM_150,4/23/21,17,1.379,0.081,0,0,,11.4,1.098,0.096,0,0,,5.6,0.281,0.051,1.339,12.9,0,0,,HFD
488,210112_2,E4HN_F,D,Day5,3,MWM_150,4/23/21,8.8,0.605,0.069,0,0,,3.1,0.318,0.102,0,0,,5.7,0.287,0.051,0.552,4.7,0,0,,HFD
489,210112_4,E4HN_F,D,Day5,3,MWM_150,4/23/21,16.9,1.387,0.082,0,0,,9.3,0.996,0.107,0,0,,7.6,0.392,0.052,1.319,12.8,0,0,,HFD
490,210112_5,E4HN_M,F,Day5,3,MWM_150,4/23/21,17.3,1.253,0.072,0,0,,12.1,0.94,0.078,0,0,,5.3,0.313,0.059,1.219,13.3,0,0,,Control
491,210112_6,E4HN_M,F,Day5,3,MWM_150,4/23/21,22.2,3.285,0.148,1.1,0.097,0.088,8,1.081,0.135,3.3,0.502,0.151,9.4,1.541,0.165,2.655,18.1,0.4,0.064,0.159,Control
492,210112_7,E4HN_M,F,Day5,3,MWM_150,4/23/21,10.1,0.562,0.056,0,0,,4.9,0.334,0.068,0,0,,5.2,0.228,0.044,0.525,6,0,0,,Control
493,210112_8,E4HN_M,F,Day5,3,MWM_150,4/23/21,37.6,6.252,0.166,2.8,0.591,0.213,8.7,1.048,0.12,8.9,1.729,0.195,15.3,2.552,0.166,6.206,33.6,1.9,0.333,0.175,Control
494,210112_9,E4HN_M,F,Day5,3,MWM_150,4/23/21,18.8,2.589,0.138,0,0,,6.7,1.036,0.154,1.1,0.092,0.082,10.9,1.461,0.134,2.501,14.7,0,0,,HFD
495,210112_10,E4HN_M,F,Day5,3,MWM_150,4/23/21,15,2.244,0.15,0,0,,3.7,0.622,0.169,0,0,,11.2,1.579,0.141,1.828,11,0.1,0.042,0.366,HFD
496,210112_11,E4HN_M,F,Day5,3,MWM_150,4/23/21,17.2,1.919,0.112,4.5,0.699,0.154,4.7,0.473,0.1,1.8,0.418,0.236,6.1,0.329,0.054,1.875,13.1,0,0,,HFD
497,210112_12,E4HN_M,F,Day5,3,MWM_150,4/23/21,6.8,0.347,0.051,0,0,,1.2,0.131,0.108,0,0,,5.6,0.216,0.039,0.31,2.7,0,0,,HFD
498,210112_13,E4HN_F,D,Day5,3,MWM_150,4/23/21,7.7,0.823,0.107,0,0,,1.1,0.196,0.186,0,0,,6.6,0.627,0.095,0.753,3.6,0,0,,Control
499,210112_14,E4HN_F,D,Day5,3,MWM_150,4/23/21,16,1.271,0.08,0,0,,6.8,0.654,0.097,0,0,,9.2,0.616,0.067,1.235,11.9,0,0,,Control
500,210112_15,E4HN_F,D,Day5,3,MWM_150,4/23/21,12.2,1.569,0.129,0,0,,2.5,0.517,0.207,0,0,,8.3,0.779,0.094,1.533,8.1,1.4,0.274,0.191,Control
501,210112_16,E4HN_F,D,Day5,3,MWM_150,4/23/21,8.7,0.67,0.077,0,0,,3.1,0.375,0.122,0,0,,5.6,0.295,0.053,0.634,4.6,0,0,,Control
502,210112_17,E4HN_F,D,Day5,3,MWM_150,4/23/21,17.2,2.042,0.119,0,0,,4.9,0.871,0.178,0,0,,11.9,1.132,0.095,2.006,13.1,0.5,0.039,0.084,Control
503,210112_18,E3HN_M,C,Day5,3,MWM_150,4/23/21,16.3,1.781,0.11,0,0,,6.5,0.963,0.147,0,0,,9.7,0.818,0.084,1.735,12.2,0,0,,HFD
504,210112_19,E3HN_M,C,Day5,3,MWM_150,4/23/21,9.4,1.017,0.108,0,0,,2,0.372,0.185,0,0,,6,0.424,0.071,0.975,5.3,1.4,0.221,0.157,HFD
505,210112_20,E3HN_M,C,Day5,3,MWM_150,4/23/21,39.5,7.58,0.192,0.9,0.217,0.241,7.7,1.487,0.193,8.2,1.843,0.225,21.9,3.906,0.178,7.54,35.4,0.8,0.127,0.159,HFD
506,210112_21,E3HN_F,E,Day5,3,MWM_150,4/23/21,9.4,0.709,0.076,0,0,,3.2,0.412,0.127,0,0,,6.1,0.297,0.048,0.709,5.3,0,0,,HFD
507,210112_23,E3HN_F,E,Day5,3,MWM_150,4/23/21,16.7,2.096,0.125,2.3,0.406,0.176,4,0.523,0.13,3.2,0.609,0.188,7.2,0.558,0.078,2.057,12.7,0,0,,HFD
508,210112_24,E3HN_F,E,Day5,3,MWM_150,4/23/21,33,5.151,0.156,0,0,,19.2,3.369,0.175,0,0,,11.8,1.494,0.127,5.108,29,2.1,0.287,0.139,HFD
509,210112_25,E44_M,A,Day5,3,MWM_150,4/23/21,49.1,5.949,0.121,0.5,0.123,0.231,13.5,1.611,0.119,3.1,0.357,0.114,30.5,3.625,0.119,5.913,45,1.3,0.233,0.179,HFD
510,210112_26,E44_M,A,Day5,3,MWM_150,4/23/21,8.8,0.732,0.083,0,0,,2.9,0.388,0.132,0,0,,5.9,0.344,0.059,0.694,4.8,0,0,,HFD
511,210112_27,E44_F,B,Day5,3,MWM_150,4/23/21,12.6,1.292,0.103,0,0,,1.7,0.281,0.165,1.3,0.123,0.095,9.6,0.887,0.093,1.292,8.5,0,0,,HFD
512,210112_28,E44_F,B,Day5,3,MWM_150,4/23/21,28.1,3.28,0.117,0.9,0.171,0.183,4.4,0.374,0.084,5,0.897,0.181,15.9,1.631,0.102,3.246,24,1.8,0.206,0.113,HFD
513,210112_29,E44_F,B,Day5,3,MWM_150,4/23/21,5.8,0.376,0.065,0,0,,1,0.157,0.16,0,0,,4.8,0.219,0.045,0.339,1.8,0,0,,HFD
514,210112_1,E4HN_F,D,Day5,4,MWM_150,4/23/21,20.6,2.531,0.123,5,0.49,0.097,0.5,0.116,0.232,5.8,0.924,0.159,9.3,1,0.108,2.531,16.5,0,0,,HFD
515,210112_2,E4HN_F,D,Day5,4,MWM_150,4/23/21,14.4,1.279,0.089,4.7,0.61,0.129,1,0.145,0.15,0,0,,8.7,0.524,0.06,1.237,10.3,0,0,,HFD
516,210112_4,E4HN_F,D,Day5,4,MWM_150,4/23/21,22.1,2.646,0.12,8.8,1.081,0.124,0,0,,3.4,0.566,0.168,10,1,0.1,2.608,18.1,0,0,,HFD
517,210112_5,E4HN_M,F,Day5,4,MWM_150,4/23/21,9.2,1.108,0.121,2.8,0.422,0.152,0,0,,1.3,0.404,0.311,5.1,0.282,0.055,1.072,5.1,0,0,,Control
518,210112_6,E4HN_M,F,Day5,4,MWM_150,4/23/21,25.8,3.282,0.127,3.7,0.415,0.111,0.3,0.038,0.115,5,1.009,0.203,10.9,1.183,0.109,3.246,21.7,5.9,0.636,0.108,Control
519,210112_7,E4HN_M,F,Day5,4,MWM_150,4/23/21,10.8,0.988,0.092,4.6,0.526,0.114,0,0,,0.5,0.149,0.279,5.7,0.313,0.055,0.988,6.7,0,0,,Control
520,210112_8,E4HN_M,F,Day5,4,MWM_150,4/23/21,16.5,1.186,0.072,10.5,0.787,0.075,0,0,,0.5,0.116,0.233,5.5,0.282,0.052,1.152,12.4,0,0,,Control
521,210112_9,E4HN_M,F,Day5,4,MWM_150,4/23/21,14.3,2.22,0.156,4.6,0.883,0.192,0.9,0.084,0.097,2.8,0.337,0.119,5.6,0.857,0.154,1.733,10.2,0.4,0.059,0.151,HFD
522,210112_10,E4HN_M,F,Day5,4,MWM_150,4/23/21,11.8,1.2,0.101,4.8,0.666,0.138,1.1,0.225,0.199,0,0,,5.9,0.308,0.052,1.158,7.8,0,0,,HFD
523,210112_11,E4HN_M,F,Day5,4,MWM_150,4/23/21,14.7,1.401,0.095,4,0.375,0.093,0,0,,4.1,0.597,0.147,6.6,0.429,0.065,1.354,10.7,0,0,,HFD
524,210112_12,E4HN_M,F,Day5,4,MWM_150,4/23/21,16.3,1.783,0.109,6.3,0.679,0.108,1.6,0.088,0.054,0.7,0.091,0.136,7.6,0.926,0.121,1.227,12.3,0.1,0,0,HFD
525,210112_13,E4HN_F,D,Day5,4,MWM_150,4/23/21,17.2,3.391,0.197,1,0.168,0.169,0,0,,9.9,1.868,0.189,5.9,0.873,0.148,1.952,13.1,0.4,0.483,1.207,Control
526,210112_14,E4HN_F,D,Day5,4,MWM_150,4/23/21,13.8,1.684,0.122,5.5,0.524,0.095,2.4,0.251,0.106,0,0,,4.9,0.908,0.187,1.119,9.8,1.1,0,0,Control
527,210112_15,E4HN_F,D,Day5,4,MWM_150,4/23/21,52.5,9.724,0.185,1,0.178,0.175,10.1,2.06,0.205,4.2,0.884,0.209,30.5,5.37,0.176,9.69,48.5,6.7,1.232,0.185,Control
528,210112_16,E4HN_F,D,Day5,4,MWM_150,4/23/21,13.3,1.613,0.122,2.8,0.462,0.168,0,0,,2.9,0.521,0.18,7.6,0.63,0.083,1.576,9.2,0,0,,Control
529,210112_17,E4HN_F,D,Day5,4,MWM_150,4/23/21,21.5,3.583,0.167,4,0.654,0.164,2.9,0.696,0.237,3.1,0.647,0.209,11.5,1.587,0.138,3.337,17.5,0,0,,Control
530,210112_18,E3HN_M,C,Day5,4,MWM_150,4/23/21,27.9,4.795,0.172,11,2.037,0.185,7.5,1.419,0.188,3.3,0.686,0.206,6,0.653,0.108,4.59,23.9,0,0,,HFD
531,210112_19,E3HN_M,C,Day5,4,MWM_150,4/23/21,60,11.207,0.187,7.7,1.371,0.177,3.8,0.732,0.194,8.4,1.651,0.197,16.2,3.39,0.209,,,23.9,4.062,0.17,HFD
532,210112_20,E3HN_M,C,Day5,4,MWM_150,4/23/21,18,3.521,0.195,6.4,1.031,0.162,2.5,0.703,0.277,3.3,0.821,0.249,4.9,0.966,0.196,2.814,13.9,0.9,0,0,HFD
533,210112_21,E3HN_F,E,Day5,4,MWM_150,4/23/21,14.5,1.908,0.132,3.8,0.448,0.12,5.2,0.721,0.139,0,0,,5.5,0.738,0.134,1.373,10.5,0,0,,HFD
534,210112_23,E3HN_F,E,Day5,4,MWM_150,4/23/21,12.8,1.887,0.147,4.5,0.63,0.14,0.7,0.106,0.16,1.4,0.056,0.042,4.6,0.902,0.196,1.231,8.8,1.7,0.191,0.113,HFD
535,210112_24,E3HN_F,E,Day5,4,MWM_150,4/23/21,16.1,1.81,0.112,1.4,0.198,0.145,0.4,0.101,0.233,5.9,0.461,0.078,8.4,1.05,0.125,1.592,12,0,0,,HFD
536,210112_25,E44_M,A,Day5,4,MWM_150,4/23/21,16.4,1.835,0.112,2.1,0.282,0.134,3.3,0.563,0.172,3.1,0.451,0.144,7.9,0.539,0.068,1.746,12.3,0,0,,HFD
537,210112_26,E44_M,A,Day5,4,MWM_150,4/23/21,51.6,9.69,0.188,8.4,1.268,0.151,2.8,0.672,0.24,14.4,3.209,0.223,19.2,3.45,0.179,8.935,47.5,6.8,1.091,0.16,HFD
538,210112_27,E44_F,B,Day5,4,MWM_150,4/23/21,11.4,1.898,0.167,1.9,0.31,0.166,0,0,,1.4,0.339,0.242,8.1,1.248,0.154,1.288,7.3,0,0,,HFD
539,210112_28,E44_F,B,Day5,4,MWM_150,4/23/21,48.3,7.302,0.151,16.9,2.029,0.12,10.8,1.841,0.171,4.1,0.881,0.217,13.8,2.263,0.164,6.719,44.2,2.8,0.287,0.104,HFD
540,210112_29,E44_F,B,Day5,4,MWM_150,4/23/21,11.2,2.193,0.196,2.2,0.406,0.187,0,0,,3.6,0.876,0.246,4.4,0.854,0.194,1.541,7.1,1,0.057,0.054,HFD
541,210112_1,E4HN_F,D,Probe_D5,1,MWM_150,4/23/21,60,11.095,0.185,4.7,1.025,0.216,10,1.816,0.181,10.3,2.135,0.207,24.4,4.198,0.172,2.289,13.3,10.5,1.922,0.184,HFD
542,210112_2,E4HN_F,D,Probe_D5,1,MWM_150,4/23/21,60,9.843,0.164,10.8,1.54,0.142,8.4,1.856,0.22,4.1,0.778,0.19,28.1,4.733,0.168,1.377,10.6,8.5,0.935,0.11,HFD
543,210112_4,E4HN_F,D,Probe_D5,1,MWM_150,4/23/21,60,10.68,0.178,8.3,1.469,0.177,4.3,0.882,0.205,16,2.818,0.177,22.1,4.374,0.198,2.237,12.4,9.3,1.137,0.122,HFD
544,210112_5,E4HN_M,F,Probe_D5,1,MWM_150,4/23/21,60,11.154,0.186,5.1,0.732,0.144,3.2,0.457,0.141,12.8,2.814,0.22,32,6.307,0.197,2.036,11.1,6.9,0.844,0.122,Control
545,210112_6,E4HN_M,F,Probe_D5,1,MWM_150,4/23/21,60,8.249,0.137,12.6,0.833,0.066,3,0.541,0.18,17,2.407,0.142,26.3,4.297,0.164,1.509,15.8,1.2,0.171,0.147,Control
546,210112_7,E4HN_M,F,Probe_D5,1,MWM_150,4/23/21,60,12.154,0.203,8.6,1.535,0.178,7.8,1.607,0.205,13.1,3.02,0.23,30.4,5.992,0.197,1.419,9.7,0,0,,Control
547,210112_8,E4HN_M,F,Probe_D5,1,MWM_150,4/23/21,60,10.939,0.182,11.4,2.227,0.196,20.1,4.349,0.216,3.8,0.851,0.224,15.7,2.975,0.19,1.462,13.7,9.1,0.537,0.059,Control
548,210112_9,E4HN_M,F,Probe_D5,1,MWM_150,4/23/21,60,11.726,0.195,3.1,0.425,0.139,13.6,2.554,0.188,13.8,2.751,0.2,24.8,5.421,0.218,3.326,19.3,4.7,0.575,0.122,HFD
549,210112_10,E4HN_M,F,Probe_D5,1,MWM_150,4/23/21,60,9.429,0.157,6,0.826,0.138,3.7,0.743,0.201,16.5,2.449,0.148,33.8,5.411,0.16,1.852,12.3,0,0,,HFD
550,210112_11,E4HN_M,F,Probe_D5,1,MWM_150,4/23/21,60,9.8,0.163,12,1.635,0.136,12,1.867,0.156,12.6,2.455,0.195,13.5,2.595,0.193,4.935,33.9,10,1.248,0.125,HFD
551,210112_12,E4HN_M,F,Probe_D5,1,MWM_150,4/23/21,60,8.895,0.148,6.3,0.671,0.106,3.2,0.619,0.196,9,1.259,0.14,36.6,5.769,0.158,1.114,10.8,5,0.577,0.116,HFD
552,210112_13,E4HN_F,D,Probe_D5,1,MWM_150,4/23/21,60,11.305,0.188,5.5,1.413,0.256,10.3,2.065,0.201,3.2,0.771,0.238,38.5,6.689,0.174,4.914,24.1,2.4,0.367,0.151,Control
553,210112_14,E4HN_F,D,Probe_D5,1,MWM_150,4/23/21,60,10.721,0.179,10.8,1.715,0.159,8.1,1.437,0.178,8.8,1.715,0.195,20.1,3.799,0.189,1.43,9.5,12.2,2.055,0.168,Control
554,210112_15,E4HN_F,D,Probe_D5,1,MWM_150,4/23/21,60,12.263,0.204,7,1.348,0.194,13.8,2.81,0.203,2.5,0.469,0.185,24.6,5.102,0.207,8.789,43.8,12,2.534,0.211,Control
555,210112_16,E4HN_F,D,Probe_D5,1,MWM_150,4/23/21,60,11.073,0.185,6.6,1.308,0.197,7.5,1.573,0.211,16.3,3.046,0.187,27.8,4.832,0.174,1.133,7.1,1.8,0.315,0.175,Control
556,210112_17,E4HN_F,D,Probe_D5,1,MWM_150,4/23/21,60,9.174,0.153,5,0.923,0.183,8.6,1.026,0.12,7.8,1.624,0.208,34.1,5.283,0.155,4.603,30.6,4.5,0.319,0.071,Control
557,210112_18,E3HN_M,C,Probe_D5,1,MWM_150,4/23/21,60,11.758,0.196,18.8,3.236,0.172,12.4,2.989,0.241,10,2.067,0.207,14.5,2.807,0.194,2.429,16.3,4.3,0.658,0.152,HFD
558,210112_19,E3HN_M,C,Probe_D5,1,MWM_150,4/23/21,60,10.666,0.178,5.3,0.62,0.116,3.7,0.791,0.212,17.1,3.067,0.179,19.6,3.87,0.197,2.187,16.2,14.2,2.318,0.163,HFD
559,210112_20,E3HN_M,C,Probe_D5,1,MWM_150,4/23/21,60,12.246,0.204,5.9,1.029,0.175,10.1,2.4,0.238,9.6,1.793,0.188,27.9,5.828,0.209,1.088,7.5,6.6,1.195,0.182,HFD
560,210112_21,E3HN_F,E,Probe_D5,1,MWM_150,4/23/21,60,9.934,0.166,8.2,1.296,0.157,13.9,2.314,0.166,4.3,0.901,0.21,32.3,5.249,0.162,1.1,8.9,1.2,0.173,0.144,HFD
561,210112_23,E3HN_F,E,Probe_D5,1,MWM_150,4/23/21,60,9.983,0.166,4.7,0.731,0.157,9.8,1.744,0.179,9.1,1.619,0.178,35.8,5.753,0.161,0.806,5,0.7,0.137,0.196,HFD
562,210112_24,E3HN_F,E,Probe_D5,1,MWM_150,4/23/21,60,12.214,0.204,9.3,1.871,0.202,7.9,1.491,0.189,15.8,3.431,0.217,22.9,4.403,0.192,2.136,10.6,4.1,1.018,0.25,HFD
563,210112_25,E44_M,A,Probe_D5,1,MWM_150,4/23/21,60,9.21,0.154,7.6,0.691,0.09,24.4,3.973,0.163,3.1,0.481,0.155,23.8,4.031,0.17,2.484,22.2,1.1,0.034,0.032,HFD
564,210112_26,E44_M,A,Probe_D5,1,MWM_150,4/23/21,60,11.26,0.188,11.5,1.971,0.171,7.8,1.538,0.197,21.3,4.155,0.195,15.5,3.012,0.195,1.022,7.8,3.9,0.583,0.151,HFD
565,210112_27,E44_F,B,Probe_D5,1,MWM_150,4/23/21,60,9.258,0.154,9.1,1.407,0.155,4.6,0.629,0.137,17.3,2.798,0.162,26.6,4.206,0.158,0.809,5.7,2.4,0.218,0.092,HFD
566,210112_28,E44_F,B,Probe_D5,1,MWM_150,4/23/21,60,10.217,0.17,18.3,2.984,0.163,5.8,1.09,0.187,20.7,3.48,0.168,11.9,2.243,0.188,3.38,21.5,3.3,0.421,0.126,HFD
567,210112_29,E44_F,B,Probe_D5,1,MWM_150,4/23/21,60,12.245,0.204,10.1,1.986,0.197,11.6,2.562,0.221,12.3,2.429,0.197,22.6,4.624,0.205,2.594,14.4,3.5,0.644,0.186,HFD
568,210112_1,E4HN_F,D,Probe_D8,1,MWM_150,4/26/21,60,11.918,0.199,13.1,2.48,0.189,13.2,2.658,0.201,9.7,1.766,0.182,15.2,3.164,0.208,10.094,51.2,8.8,1.849,0.211,HFD
569,210112_2,E4HN_F,D,Probe_D8,1,MWM_150,4/26/21,60,10.366,0.173,9.8,1.387,0.142,8.3,1.595,0.192,4,0.696,0.173,26,4.256,0.163,1.942,15.6,11.8,2.432,0.205,HFD
570,210112_4,E4HN_F,D,Probe_D8,1,MWM_150,4/26/21,60,11.342,0.189,2.2,0.479,0.215,1.2,0.255,0.206,11.2,2.127,0.19,36.7,7.108,0.193,0.316,1.6,8.6,1.373,0.16,HFD
571,210112_5,E4HN_M,F,Probe_D8,1,MWM_150,4/26/21,60,13.153,0.219,6.7,1.408,0.21,3.3,0.583,0.178,19.3,4.474,0.232,23.5,5.489,0.234,1.573,8.4,7.3,1.2,0.164,Control
572,210112_6,E4HN_M,F,Probe_D8,1,MWM_150,4/26/21,60,11.7,0.195,7.2,1.248,0.172,9.2,1.701,0.184,13.8,2.758,0.2,28.1,5.698,0.203,2.505,12.9,1.6,0.295,0.185,Control
573,210112_7,E4HN_M,F,Probe_D8,1,MWM_150,4/26/21,60,12.434,0.207,12,2.495,0.208,7,1.669,0.237,6.1,1.216,0.2,33.7,6.85,0.203,1.557,9.1,1.2,0.204,0.17,Control
574,210112_8,E4HN_M,F,Probe_D8,1,MWM_150,4/26/21,60,12.942,0.216,23.3,3.718,0.16,16.6,4.297,0.259,4.5,1.132,0.253,15.6,3.796,0.243,1.466,13.1,0,0,,Control
575,210112_9,E4HN_M,F,Probe_D8,1,MWM_150,4/26/21,60,14.259,0.238,7.6,1.643,0.217,6.9,1.572,0.227,20.1,4.991,0.248,21.9,5.394,0.246,3.251,15,3.5,0.659,0.188,HFD
576,210112_10,E4HN_M,F,Probe_D8,1,MWM_150,4/26/21,60,12.515,0.209,6.1,1.144,0.188,8.7,1.878,0.217,13.6,2.845,0.209,31.3,6.603,0.211,2.551,12.4,0.3,0.044,0.133,HFD
577,210112_11,E4HN_M,F,Probe_D8,1,MWM_150,4/26/21,60,11.335,0.189,16.9,3.007,0.178,9.6,2.109,0.219,17.5,3.158,0.18,11.6,2.442,0.211,4.336,23.5,4.4,0.618,0.14,HFD
578,210112_12,E4HN_M,F,Probe_D8,1,MWM_150,4/26/21,60,10.177,0.17,3,0.433,0.143,5.2,1.089,0.208,23.3,4.058,0.174,20.3,3.709,0.183,,,8.2,0.888,0.108,HFD
579,210112_13,E4HN_F,D,Probe_D8,1,MWM_150,4/26/21,60,13.77,0.23,9.8,2.24,0.228,4.6,1.048,0.227,15.4,3.857,0.25,27.9,6.18,0.222,1.17,5.5,2.3,0.445,0.196,Control
580,210112_14,E4HN_F,D,Probe_D8,1,MWM_150,4/26/21,60,11.24,0.187,12.2,2.068,0.17,0.6,0.135,0.213,23,4.64,0.202,13.3,2.541,0.191,6.419,34.7,10.9,1.857,0.17,Control
581,210112_15,E4HN_F,D,Probe_D8,1,MWM_150,4/26/21,60,14.258,0.238,7.6,1.607,0.211,10.9,2.543,0.233,13.6,3.517,0.259,11,2.714,0.247,,,16.9,3.877,0.229,Control
582,210112_16,E4HN_F,D,Probe_D8,1,MWM_150,4/26/21,60,12.106,0.202,5.3,1.124,0.213,6.2,1.351,0.218,15.3,3.101,0.202,30.5,6.163,0.202,1.073,4.5,2.7,0.367,0.137,Control
583,210112_17,E4HN_F,D,Probe_D8,1,MWM_150,4/26/21,60,12.677,0.211,5.6,1.192,0.214,7.6,1.721,0.225,8,1.693,0.212,29,6.408,0.221,9.319,44.8,9.8,1.663,0.169,Control
584,210112_18,E3HN_M,C,Probe_D8,1,MWM_150,4/26/21,60,13.446,0.224,17.8,3.679,0.206,9.9,2.377,0.241,9.4,2.304,0.244,15.6,3.667,0.235,4.399,21.7,7.3,1.417,0.195,HFD
585,210112_19,E3HN_M,C,Probe_D8,1,MWM_150,4/26/21,60,12,0.2,7.1,1.261,0.177,6.3,1.166,0.186,12.9,2.277,0.176,15.8,3.591,0.227,5.234,27.9,17.9,3.705,0.207,HFD
586,210112_20,E3HN_M,C,Probe_D8,1,MWM_150,4/26/21,60,14.91,0.249,8.7,2.088,0.24,14.8,3.852,0.26,10.5,2.653,0.252,22.5,5.609,0.25,0.54,2.5,3.5,0.707,0.202,HFD
587,210112_21,E3HN_F,E,Probe_D8,1,MWM_150,4/26/21,60,12.237,0.204,13.3,2.749,0.207,6.1,1.296,0.212,14.5,3.183,0.219,26.1,5.009,0.192,1.113,7.7,0,0,,HFD
588,210112_23,E3HN_F,E,Probe_D8,1,MWM_150,4/26/21,60,11.293,0.188,5.4,0.786,0.145,2.3,0.453,0.197,18.9,3.808,0.201,30.3,5.615,0.185,1.26,7.8,3,0.631,0.21,HFD
589,210112_24,E3HN_F,E,Probe_D8,1,MWM_150,4/26/21,60,12.247,0.204,11.4,1.738,0.153,9.2,1.994,0.216,15.4,3.634,0.236,19.3,4.302,0.223,6.059,32.3,4.7,0.579,0.122,HFD
590,210112_25,E44_M,A,Probe_D8,1,MWM_150,4/26/21,60,10.352,0.173,26.4,4.462,0.169,11.9,2.506,0.211,2.5,0.5,0.197,6.3,1.355,0.215,5.116,30.2,12.8,1.529,0.119,HFD
591,210112_26,E44_M,A,Probe_D8,1,MWM_150,4/26/21,60,12.084,0.201,19.4,3.728,0.192,2.2,0.494,0.224,25.6,5.484,0.214,11.5,2.201,0.191,,,1.2,0.178,0.148,HFD
592,210112_27,E44_F,B,Probe_D8,1,MWM_150,4/26/21,60,11.015,0.184,6.7,1.33,0.199,7.5,1.454,0.194,10.2,2.291,0.225,19,3.847,0.203,1.315,6.7,16.7,2.093,0.125,HFD
593,210112_28,E44_F,B,Probe_D8,1,MWM_150,4/26/21,60,12.817,0.214,11.9,2.212,0.186,8.5,1.967,0.232,17.4,4.002,0.23,12.2,3.045,0.249,5.68,28,10,1.591,0.159,HFD
594,210112_29,E44_F,B,Probe_D8,1,MWM_150,4/26/21,60,11.245,0.187,13.6,2.516,0.185,8.2,1.863,0.226,11.9,2.528,0.213,20.4,3.855,0.189,7.489,40.7,5.9,0.484,0.082,HFD