Test,Animal,Treatment,Code,Stage,Trial,Apparatus,Date,Duration,Distance,Mean speed,NE : time,NE : distance,NE : average speed,NW : time,NW : distance,NW : average speed,SE : time,SE : distance,SE : average speed,SW : time,SW : distance,SW : average speed,Island : distance to first entry,Island : latency to first entry,Thigmitaxis : time,Thigmitaxis : distance,Thigmitaxis : average speed,Diet,Sex,Age
1,211004_1,E33_M,C,Day1,1,MWM_150,10/11/21,5.5,0.18,0.033,0,0,,0,0,,0,0,,5.5,0.18,0.033,0.042,1.4,0,0,,Control,M,12
2,211004_2,E33_M,C,Day1,1,MWM_150,10/11/21,6.3,0.368,0.059,0,0,,0,0,,0.8,0.045,0.057,5.5,0.323,0.059,0.283,2.2,0,0,,Control,M,12
3,211004_3,E33_M,C,Day1,1,MWM_150,10/11/21,13.6,1.874,0.137,0,0,,0,0,,0,0,,13.6,1.874,0.137,1.749,9.6,1.9,0.295,0.158,Control,M,12
4,211004_5,E33_F,C,Day1,1,MWM_150,10/11/21,60,9.923,0.165,39,6.19,0.159,1.8,0.279,0.155,10.8,2.102,0.194,8.3,1.352,0.162,,,43,7.357,0.171,HFD,F,12
5,211004_9,E33_F,C,Day1,1,MWM_150,10/11/21,15.3,2.299,0.15,0,0,,0,0,,6.5,1.325,0.204,8.8,0.975,0.111,2.252,11.2,5.2,1.193,0.229,HFD,F,12
6,211004_10,E4HN_F,B,Day1,1,MWM_150,10/11/21,20,2.383,0.119,6.8,0.891,0.132,5.2,0.815,0.157,0,0,,8,0.677,0.084,2.267,15.9,0,0,,Control,F,12
7,211004_11,E4HN_F,B,Day1,1,MWM_150,10/11/21,60,8.796,0.147,0,0,,5.8,0.794,0.136,40,5.28,0.132,14.2,2.722,0.192,,,31.2,3.798,0.122,Control,F,12
8,211004_12,E4HN_F,B,Day1,1,MWM_150,10/11/21,46.6,6.968,0.15,0,0,,0,0,,34.4,5.644,0.164,12.1,1.324,0.109,6.968,42.5,15.8,2.4,0.152,Control,F,12
9,211004_13,E4HN_F,B,Day1,1,MWM_150,10/11/21,60,10.803,0.18,19,3.2,0.169,4.5,1.149,0.257,28.1,4.646,0.166,8.5,1.807,0.212,,,29.1,5.577,0.191,Control,F,12
10,211004_14,E4HN_M,B,Day1,1,MWM_150,10/11/21,60,8.089,0.135,0,0,,5.6,1.099,0.195,29.2,3.267,0.112,25.2,3.723,0.148,,,34.6,4.411,0.128,HFD,M,12
11,211004_15,E4HN_M,B,Day1,1,MWM_150,10/11/21,60,7.52,0.125,0.6,0.095,0.154,0,0,,39.3,4.911,0.125,20.1,2.514,0.125,,,31.4,3.298,0.105,HFD,M,12
12,211004_16,E4HN_M,B,Day1,1,MWM_150,10/11/21,60,9.372,0.156,7,1.412,0.201,0.7,0.101,0.144,20.6,3.155,0.153,31.7,4.704,0.148,,,34,5.43,0.16,HFD,M,12
13,211004_17,E4HN_M,B,Day1,1,MWM_150,10/11/21,60,8.362,0.139,4.5,0.755,0.167,2.8,0.611,0.216,20.5,3.426,0.167,32.1,3.57,0.111,,,29.4,2.89,0.098,HFD,M,12
14,211004_19,E44_M,A,Day1,1,MWM_150,10/11/21,8.3,0.82,0.098,0,0,,0,0,,0,0,,8.3,0.82,0.098,0.53,4.2,0,0,,Control,M,18
15,211004_20,E44_F,A,Day1,1,MWM_150,10/11/21,60,11.8,0.197,16.7,3.072,0.184,8.1,1.525,0.188,22.2,4.344,0.196,13,2.858,0.22,,,30.4,6.113,0.201,Control,F,18
16,211004_21,E4HN_M,B,Day1,1,MWM_150,10/11/21,5.5,0.173,0.031,0,0,,0,0,,0,0,,5.5,0.173,0.031,0.132,1.4,0,0,,Control,M,18
17,211004_1,E33_M,C,Day1,2,MWM_150,10/11/21,60,12.19,0.203,29.3,6.01,0.205,6,1.02,0.169,15,2.986,0.199,9.7,2.174,0.225,,,37.1,6.812,0.184,Control,M,12
18,211004_2,E33_M,C,Day1,2,MWM_150,10/11/21,60,12.416,0.207,3.4,0.684,0.198,17.8,3.793,0.214,11,2.23,0.203,27.8,5.709,0.205,,,22.9,3.858,0.168,Control,M,12
19,211004_3,E33_M,C,Day1,2,MWM_150,10/11/21,9,1.327,0.148,2.4,0.553,0.229,0,0,,0.1,0.06,0.603,6.5,0.713,0.11,1.201,4.9,0,0,,Control,M,12
20,211004_5,E33_F,C,Day1,2,MWM_150,10/11/21,9.7,0.959,0.099,2.6,0.312,0.12,1.3,0.293,0.22,0,0,,5.8,0.353,0.061,0.865,5.6,0,0,,HFD,F,12
21,211004_9,E33_F,C,Day1,2,MWM_150,10/11/21,12.5,2.176,0.175,3.2,0.645,0.204,0,0,,2.8,0.808,0.289,6.5,0.722,0.111,2.092,8.4,2.4,0.56,0.23,HFD,F,12
22,211004_10,E4HN_F,B,Day1,2,MWM_150,10/11/21,32,4.84,0.151,10.4,1.668,0.16,10.9,1.979,0.182,3.8,0.891,0.234,6.9,0.303,0.044,4.802,27.9,15,2.549,0.17,Control,F,12
23,211004_11,E4HN_F,B,Day1,2,MWM_150,10/11/21,60,7.721,0.129,1.7,0.32,0.191,3.6,0.596,0.168,35.3,3.983,0.113,19.5,2.822,0.145,,,32.1,4.027,0.126,Control,F,12
24,211004_12,E4HN_F,B,Day1,2,MWM_150,10/11/21,60,11.3,0.188,23.4,4.368,0.187,15.6,2.583,0.166,16.1,3.258,0.202,5,1.092,0.22,,,29.6,4.921,0.166,Control,F,12
25,211004_13,E4HN_F,B,Day1,2,MWM_150,10/11/21,60,9.133,0.152,30.6,3.282,0.107,14,2.412,0.172,9.9,2.176,0.22,5.5,1.263,0.229,,,28.7,4.663,0.162,Control,F,12
26,211004_14,E4HN_M,B,Day1,2,MWM_150,10/11/21,60,10.243,0.171,12.2,2.169,0.178,14.1,2.016,0.143,22,3.651,0.166,11.8,2.407,0.205,,,49.7,8.703,0.175,HFD,M,12
27,211004_15,E4HN_M,B,Day1,2,MWM_150,10/11/21,60,7.142,0.119,17.2,2.732,0.159,2.5,0.46,0.184,40.3,3.95,0.098,0,0,,,,40.3,4.27,0.106,HFD,M,12
28,211004_16,E4HN_M,B,Day1,2,MWM_150,10/11/21,33.4,4.809,0.144,11.4,1.869,0.164,4,0.816,0.202,8,1.307,0.163,10,0.818,0.082,4.764,29.3,9.8,1.477,0.15,HFD,M,12
29,211004_17,E4HN_M,B,Day1,2,MWM_150,10/11/21,60,9.114,0.152,25.3,3.392,0.134,12.3,1.36,0.111,15.7,3.043,0.194,6.7,1.319,0.195,,,35.8,5.267,0.147,HFD,M,12
30,211004_19,E44_M,A,Day1,2,MWM_150,10/11/21,60,10.731,0.179,8.4,1.684,0.2,32.2,5.505,0.171,13.2,2.387,0.181,6.2,1.155,0.187,,,32.7,5.822,0.178,Control,M,18
31,211004_20,E44_F,A,Day1,2,MWM_150,10/11/21,60,11.832,0.197,21.2,3.782,0.178,13.5,2.682,0.199,10.6,2.134,0.202,14.7,3.234,0.22,,,39.4,8.13,0.207,Control,F,18
32,211004_21,E4HN_M,B,Day1,2,MWM_150,10/11/21,31.9,5.234,0.164,11.7,2.091,0.178,6.6,1.124,0.169,7.2,1.687,0.234,6.3,0.331,0.052,5.144,27.8,12.3,1.841,0.149,Control,M,18
33,211004_1,E33_M,C,Day1,3,MWM_150,10/11/21,57.7,12.245,0.212,17.1,3.939,0.23,6.3,1.233,0.195,21.2,5.084,0.239,13,1.989,0.153,12.245,53.6,26.4,5.476,0.207,Control,M,12
34,211004_2,E33_M,C,Day1,3,MWM_150,10/11/21,45.8,9.304,0.203,1.7,0.471,0.277,15.1,2.838,0.187,6.7,1.868,0.28,22.3,4.127,0.185,9.263,41.8,9.2,2.065,0.224,Control,M,12
35,211004_3,E33_M,C,Day1,3,MWM_150,10/11/21,10.2,1.32,0.13,0,0,,4.3,0.878,0.206,0,0,,5.9,0.441,0.075,1.188,6.1,0,0,,Control,M,12
36,211004_5,E33_F,C,Day1,3,MWM_150,10/11/21,8.7,1.046,0.12,0,0,,3.4,0.638,0.187,0,0,,5.3,0.408,0.077,0.905,4.6,0.6,0.098,0.155,HFD,F,12
37,211004_9,E33_F,C,Day1,3,MWM_150,10/11/21,60,11.119,0.185,24,4.988,0.208,10.1,2.281,0.225,19.3,2.797,0.145,6.6,1.053,0.159,,,16.6,2.664,0.16,HFD,F,12
38,211004_10,E4HN_F,B,Day1,3,MWM_150,10/11/21,60,10.983,0.183,15,3.013,0.2,26.6,4.377,0.164,3.2,0.599,0.187,15.1,2.993,0.198,,,24.2,4.406,0.182,Control,F,12
39,211004_11,E4HN_F,B,Day1,3,MWM_150,10/11/21,20,2.383,0.119,0,0,,3.3,0.514,0.157,1.3,0.175,0.135,15.5,1.694,0.11,2.344,16,4.1,0.556,0.135,Control,F,12
40,211004_12,E4HN_F,B,Day1,3,MWM_150,10/11/21,56.8,9.702,0.171,16.5,2.83,0.172,15.5,2.716,0.175,8.5,1.864,0.219,16.3,2.291,0.14,9.702,52.8,19.6,3.411,0.174,Control,F,12
41,211004_13,E4HN_F,B,Day1,3,MWM_150,10/11/21,60,10.515,0.175,10.6,2.496,0.236,26.1,2.935,0.112,10.7,2.52,0.236,12.6,2.564,0.203,,,24.4,4.585,0.188,Control,F,12
42,211004_14,E4HN_M,B,Day1,3,MWM_150,10/11/21,29.6,2.574,0.087,0,0,,4.2,0.522,0.124,2.7,0.342,0.128,22.8,1.709,0.075,2.48,25.6,10.7,0.85,0.079,HFD,M,12
43,211004_15,E4HN_M,B,Day1,3,MWM_150,10/11/21,24.7,1.406,0.057,0,0,,17.9,1.151,0.064,0,0,,6.7,0.255,0.038,1.358,20.6,0,0,,HFD,M,12
44,211004_16,E4HN_M,B,Day1,3,MWM_150,10/11/21,60,9.766,0.163,25.5,3.856,0.151,20.8,3.508,0.169,7.5,1.251,0.168,6.2,1.151,0.185,,,36,5.555,0.154,HFD,M,12
45,211004_17,E4HN_M,B,Day1,3,MWM_150,10/11/21,60,5.315,0.089,5.6,0.813,0.145,49.4,4.157,0.084,0,0,,5,0.346,0.069,,,47.2,4.014,0.085,HFD,M,12
46,211004_19,E44_M,A,Day1,3,MWM_150,10/11/21,34.9,5.688,0.163,5.4,1.075,0.2,5.2,0.707,0.135,12.4,2.635,0.213,11.9,1.271,0.107,5.645,30.8,3.6,0.681,0.189,Control,M,18
47,211004_20,E44_F,A,Day1,3,MWM_150,10/11/21,60,11.76,0.196,18.5,3.809,0.206,24.6,4.121,0.168,12.3,2.758,0.224,4.6,1.073,0.233,,,30.8,6.274,0.204,Control,F,18
48,211004_21,E4HN_M,B,Day1,3,MWM_150,10/11/21,60,10.997,0.183,23,4.427,0.192,31.6,5.544,0.175,5.3,1.026,0.193,0,0,,,,30.8,5.24,0.17,Control,M,18
49,211004_1,E33_M,C,Day1,4,MWM_150,10/11/21,22.4,3.993,0.178,5.5,1.048,0.191,0,0,,11.4,2.61,0.229,5.6,0.335,0.06,3.865,18.4,4.7,0.79,0.169,Control,M,12
50,211004_2,E33_M,C,Day1,4,MWM_150,10/11/21,22.1,3.704,0.167,2.4,0.462,0.192,0,0,,11.9,2.334,0.196,7.8,0.908,0.116,3.569,18.1,1,0.134,0.138,Control,M,12
51,211004_3,E33_M,C,Day1,4,MWM_150,10/11/21,11.2,1.479,0.132,0.1,0.043,0.318,0.4,0,0,4.7,0.927,0.197,6,0.51,0.085,1.385,7.1,0,0,,Control,M,12
52,211004_5,E33_F,C,Day1,4,MWM_150,10/11/21,60,10.781,0.18,16.1,2.724,0.169,0,0,,36.3,6.568,0.181,7.6,1.49,0.195,,,27.9,4.342,0.155,HFD,F,12
53,211004_9,E33_F,C,Day1,4,MWM_150,10/11/21,26.6,4.845,0.182,1.9,0.387,0.207,0,0,,16.7,3.641,0.218,8,0.818,0.102,4.802,22.5,8.9,1.759,0.197,HFD,F,12
54,211004_10,E4HN_F,B,Day1,4,MWM_150,10/11/21,60,10.407,0.173,10.9,1.684,0.155,2,0.457,0.229,33.3,5.244,0.158,13.9,3.022,0.218,,,15.9,2.579,0.163,Control,F,12
55,211004_11,E4HN_F,B,Day1,4,MWM_150,10/11/21,27.3,2.64,0.097,0,0,,0,0,,20.2,2.128,0.105,7.1,0.512,0.072,2.552,23.2,10.1,0.491,0.049,Control,F,12
56,211004_12,E4HN_F,B,Day1,4,MWM_150,10/11/21,60,8.409,0.14,4,0.682,0.169,8.1,1.077,0.132,27.5,3.356,0.122,20.4,3.295,0.162,,,8.6,0.619,0.072,Control,F,12
57,211004_13,E4HN_F,B,Day1,4,MWM_150,10/11/21,60,9.735,0.162,13.6,2.787,0.205,4.5,1.086,0.243,30.5,3.639,0.119,11.4,2.224,0.195,,,22.1,3.259,0.147,Control,F,12
58,211004_14,E4HN_M,B,Day1,4,MWM_150,10/11/21,60,8.607,0.143,5.3,0.703,0.133,16,2.715,0.169,24.2,3.236,0.134,14.5,1.953,0.135,,,38,4.111,0.108,HFD,M,12
59,211004_15,E4HN_M,B,Day1,4,MWM_150,10/11/21,39.4,5.041,0.128,1.1,0.229,0.202,0,0,,18.3,2.694,0.147,20,2.118,0.106,4.95,35.3,13.8,1.903,0.138,HFD,M,12
60,211004_16,E4HN_M,B,Day1,4,MWM_150,10/11/21,60,11.332,0.189,12.2,2.405,0.197,10.8,2.195,0.204,25.3,4.395,0.174,11.7,2.336,0.199,,,48.2,9.525,0.198,HFD,M,12
61,211004_17,E4HN_M,B,Day1,4,MWM_150,10/11/21,16.6,1.512,0.091,0,0,,0,0,,9.6,0.956,0.099,7,0.557,0.08,1.42,12.6,8.1,0.695,0.086,HFD,M,12
62,211004_19,E44_M,A,Day1,4,MWM_150,10/11/21,24.5,3.6,0.147,0,0,,0,0,,7.8,1.348,0.173,16.7,2.252,0.135,3.559,20.4,3.8,0.728,0.193,Control,M,18
63,211004_20,E44_F,A,Day1,4,MWM_150,10/11/21,60,11.211,0.187,15.2,2.957,0.195,10.4,2.274,0.219,25,4.02,0.161,9.4,1.96,0.208,,,36.2,7.4,0.204,Control,F,18
64,211004_21,E4HN_M,B,Day1,4,MWM_150,10/11/21,60,11.983,0.2,14.9,3.045,0.204,9.5,2.003,0.212,26.3,5,0.19,9.3,1.934,0.208,,,19.8,3.028,0.153,Control,M,18
65,211004_1,E33_M,C,Day2,1,MWM_150,10/12/21,36.4,6.878,0.189,10.8,2.208,0.204,1.8,0.339,0.185,9.4,2.203,0.234,14.4,2.128,0.148,6.836,32.4,12.4,2.092,0.169,Control,M,12
66,211004_2,E33_M,C,Day2,1,MWM_150,10/12/21,60,13.66,0.228,26.5,5.74,0.217,10,2.181,0.217,19.3,4.821,0.249,4.2,0.918,0.221,,,16.8,3.739,0.223,Control,M,12
67,211004_3,E33_M,C,Day2,1,MWM_150,10/12/21,60,12.612,0.21,28.1,5.406,0.192,10.1,2.336,0.231,20.7,4.576,0.221,1,0.294,0.285,,,32.2,6.163,0.191,Control,M,12
68,211004_5,E33_F,C,Day2,1,MWM_150,10/12/21,7.1,0.749,0.106,1.4,0.301,0.212,0.2,0.048,0.205,0,0,,5.4,0.4,0.074,0.617,3,0,0,,HFD,F,12
69,211004_9,E33_F,C,Day2,1,MWM_150,10/12/21,60,12.842,0.214,21.9,4.263,0.195,14.5,3.252,0.224,18.7,4.258,0.227,4.9,1.069,0.22,,,22.1,4.297,0.195,HFD,F,12
70,211004_10,E4HN_F,B,Day2,1,MWM_150,10/12/21,29.8,2.71,0.091,4.3,0.378,0.087,0,0,,16.8,1.596,0.095,8.6,0.736,0.085,2.672,25.7,0,0,,Control,F,12
71,211004_11,E4HN_F,B,Day2,1,MWM_150,10/12/21,7.2,0.674,0.094,1.1,0.2,0.177,0,0,,0.8,0.177,0.232,5.3,0.298,0.057,0.598,3.1,0,0,,Control,F,12
72,211004_12,E4HN_F,B,Day2,1,MWM_150,10/12/21,31.9,4.687,0.147,9.2,0.853,0.093,10.8,1.988,0.184,2.4,0.672,0.28,9.5,1.173,0.124,4.653,27.8,3.3,0.482,0.147,Control,F,12
73,211004_13,E4HN_F,B,Day2,1,MWM_150,10/12/21,60,7.666,0.128,39.5,4.395,0.111,11.2,1.117,0.1,4.7,1.105,0.236,4.6,1.048,0.226,,,22.5,3.674,0.163,Control,F,12
74,211004_14,E4HN_M,B,Day2,1,MWM_150,10/12/21,60,8.38,0.14,8.2,1.612,0.196,24.8,3.163,0.128,18.1,2.335,0.129,8.9,1.27,0.142,,,34.9,4.184,0.12,HFD,M,12
75,211004_15,E4HN_M,B,Day2,1,MWM_150,10/12/21,60,9.615,0.16,1.8,0.246,0.139,26.8,3.921,0.146,16.5,2.785,0.168,14.9,2.664,0.178,,,28.4,3.319,0.117,HFD,M,12
76,211004_16,E4HN_M,B,Day2,1,MWM_150,10/12/21,60,10.763,0.179,20.3,3.179,0.157,13.3,2.515,0.189,15.9,2.907,0.183,10.5,2.162,0.205,,,26.3,4.502,0.171,HFD,M,12
77,211004_17,E4HN_M,B,Day2,1,MWM_150,10/12/21,60,8.401,0.14,26.9,3.166,0.118,17.7,2.962,0.167,7.9,1.131,0.143,7.4,1.143,0.154,,,35.6,4.063,0.114,HFD,M,12
78,211004_19,E44_M,A,Day2,1,MWM_150,10/12/21,60,9.087,0.151,37.8,5.527,0.146,12.9,1.987,0.154,4.8,0.823,0.17,4.5,0.75,0.167,,,29.5,4.343,0.147,Control,M,18
79,211004_20,E44_F,A,Day2,1,MWM_150,10/12/21,43.4,7.112,0.164,17.6,2.547,0.145,5.8,1.367,0.236,7.4,1.301,0.175,12.6,1.897,0.151,6.412,39.3,11.9,1.708,0.143,Control,F,18
80,211004_21,E4HN_M,B,Day2,1,MWM_150,10/12/21,26.5,3.476,0.131,13.9,1.872,0.134,0,0,,3.4,0.618,0.18,9.1,0.986,0.108,3.346,22.4,2,0.189,0.094,Control,M,18
81,211004_1,E33_M,C,Day2,2,MWM_150,10/12/21,28.5,6.171,0.216,1,0.315,0.305,5.6,1.414,0.252,5.1,1.314,0.26,16.8,3.128,0.186,6.127,24.5,5.5,1.328,0.241,Control,M,12
82,211004_2,E33_M,C,Day2,2,MWM_150,10/12/21,49.7,10.045,0.202,15.1,3.212,0.212,8.4,1.649,0.195,13.3,3.17,0.239,12.8,2.014,0.157,9.914,45.6,11.5,1.819,0.158,Control,M,12
83,211004_3,E33_M,C,Day2,2,MWM_150,10/12/21,4.4,0.037,0.008,0,0,,0,0,,0,0,,4.4,0.037,0.008,0,0,0,0,,Control,M,12
84,211004_5,E33_F,C,Day2,2,MWM_150,10/12/21,4.8,0.126,0.026,0,0,,0,0,,0,0,,4.8,0.126,0.026,,0.7,0,0,,HFD,F,12
85,211004_9,E33_F,C,Day2,2,MWM_150,10/12/21,21.9,3.981,0.182,4.4,0.951,0.218,0,0,,4,0.941,0.237,13.5,2.09,0.154,3.888,17.8,2.8,0.38,0.134,HFD,F,12
86,211004_10,E4HN_F,B,Day2,2,MWM_150,10/12/21,13.8,1.563,0.113,0,0,,0,0,,5.5,0.789,0.144,8.3,0.774,0.093,1.522,9.7,0,0,,Control,F,12
87,211004_11,E4HN_F,B,Day2,2,MWM_150,10/12/21,34.8,5.979,0.172,6.2,1.266,0.203,8,1.42,0.177,3.8,0.806,0.214,16.8,2.486,0.148,5.935,30.7,8.2,1.367,0.167,Control,F,12
88,211004_12,E4HN_F,B,Day2,2,MWM_150,10/12/21,56.7,9.707,0.171,11.6,1.597,0.137,15.9,3.18,0.2,13.8,2.41,0.174,15.4,2.52,0.164,9.674,52.7,9.4,1.647,0.175,Control,F,12
89,211004_13,E4HN_F,B,Day2,2,MWM_150,10/12/21,43.7,4.066,0.093,12.1,1.283,0.106,7,0.72,0.103,11.8,0.562,0.047,12.8,1.501,0.118,3.987,39.6,1.3,0.118,0.088,Control,F,12
90,211004_14,E4HN_M,B,Day2,2,MWM_150,10/12/21,13,0.43,0.033,0,0,,0,0,,1.2,0,0,11.8,0.43,0.037,0.33,9,0,0,,HFD,M,12
91,211004_15,E4HN_M,B,Day2,2,MWM_150,10/12/21,60,7.453,0.124,13,1.88,0.145,12,2.117,0.176,21.3,1.811,0.085,13.7,1.645,0.12,7.409,56.5,11.5,1.195,0.104,HFD,M,12
92,211004_16,E4HN_M,B,Day2,2,MWM_150,10/12/21,60,9.469,0.158,8.3,1.689,0.204,21.5,3.102,0.144,10.9,1.932,0.177,19.2,2.747,0.143,,,21,2.222,0.106,HFD,M,12
93,211004_17,E4HN_M,B,Day2,2,MWM_150,10/12/21,60,7.411,0.124,7.1,0.972,0.136,4.3,0.9,0.21,42.4,4.399,0.104,6.2,1.14,0.184,,,47.1,4.613,0.098,HFD,M,12
94,211004_19,E44_M,A,Day2,2,MWM_150,10/12/21,10.3,0.473,0.046,0,0,,0.4,0.05,0.125,0,0,,9.9,0.423,0.043,0.428,6.3,0,0,,Control,M,18
95,211004_20,E44_F,A,Day2,2,MWM_150,10/12/21,60,11.765,0.196,12.4,2.538,0.205,16.6,2.936,0.177,16.4,3.587,0.219,14.6,2.704,0.185,,,19.6,3.826,0.195,Control,F,18
96,211004_21,E4HN_M,B,Day2,2,MWM_150,10/12/21,60,12.837,0.214,15.1,3.411,0.225,13.9,2.81,0.202,14.4,3.085,0.215,16.6,3.531,0.213,,,20,4.274,0.214,Control,M,18
97,211004_1,E33_M,C,Day2,3,MWM_150,10/12/21,42.4,9.611,0.227,8.9,2.381,0.268,12.4,2.873,0.232,7,1.882,0.268,14.1,2.474,0.176,9.517,38.3,13,2.952,0.227,Control,M,12
98,211004_2,E33_M,C,Day2,3,MWM_150,10/12/21,16,2.339,0.146,3.3,0.686,0.21,1.4,0.288,0.211,4.7,0.728,0.153,6.6,0.638,0.096,2.168,11.9,0,0,,Control,M,12
99,211004_3,E33_M,C,Day2,3,MWM_150,10/12/21,15.7,2.3,0.147,0.5,0.092,0.183,0,0,,8.5,1.528,0.179,6.7,0.68,0.102,2.17,11.6,2.6,0.354,0.138,Control,M,12
100,211004_5,E33_F,C,Day2,3,MWM_150,10/12/21,16.2,1.87,0.116,0,0,,0,0,,6.7,1.015,0.152,9.5,0.856,0.09,1.773,12.1,2.1,0.144,0.07,HFD,F,12
101,211004_9,E33_F,C,Day2,3,MWM_150,10/12/21,18.4,3.469,0.189,5.1,1.333,0.263,1.6,0.492,0.301,6.7,1.394,0.208,5,0.25,0.05,3.386,14.3,5.4,1.518,0.279,HFD,F,12
102,211004_10,E4HN_F,B,Day2,3,MWM_150,10/12/21,43.3,5.886,0.136,0,0,,5.4,0.781,0.145,15.3,1.983,0.129,22.6,3.123,0.138,5.846,39.2,2.8,0.339,0.119,Control,F,12
103,211004_11,E4HN_F,B,Day2,3,MWM_150,10/12/21,60,10.074,0.168,0.1,0,0,11,1.607,0.147,17.6,3.231,0.183,31.3,5.236,0.167,,,28.8,4.503,0.156,Control,F,12
104,211004_12,E4HN_F,B,Day2,3,MWM_150,10/12/21,29.7,2.36,0.08,11.2,0.948,0.084,9.1,0.674,0.074,4.2,0.537,0.127,5.1,0.201,0.039,2.327,25.6,0,0,,Control,F,12
105,211004_13,E4HN_F,B,Day2,3,MWM_150,10/12/21,22,1.405,0.064,0,0,,0,0,,5,0.372,0.074,17,1.033,0.061,1.37,18,5.6,0.463,0.082,Control,F,12
106,211004_14,E4HN_M,B,Day2,3,MWM_150,10/12/21,13.3,0.991,0.075,0,0,,2,0.143,0.071,2.2,0.274,0.124,9.1,0.574,0.063,0.991,9.2,0,0,,HFD,M,12
107,211004_15,E4HN_M,B,Day2,3,MWM_150,10/12/21,55.9,5.299,0.095,0,0,,13.5,1.744,0.129,29.5,2.131,0.072,12.9,1.424,0.111,5.254,51.8,32.4,1.78,0.055,HFD,M,12
108,211004_16,E4HN_M,B,Day2,3,MWM_150,10/12/21,20.6,2.317,0.112,0,0,,0,0,,3.6,0.725,0.199,17,1.592,0.094,2.228,16.6,6.7,0.813,0.121,HFD,M,12
109,211004_17,E4HN_M,B,Day2,3,MWM_150,10/12/21,60,8.29,0.138,12.8,1.489,0.117,5.5,1.077,0.195,22.8,3.205,0.141,18.9,2.518,0.133,,,43.3,5.014,0.116,HFD,M,12
110,211004_19,E44_M,A,Day2,3,MWM_150,10/12/21,22.4,2.752,0.123,0,0,,0,0,,13,1.942,0.149,9.4,0.81,0.086,2.709,18.4,1.7,0.202,0.119,Control,M,18
111,211004_20,E44_F,A,Day2,3,MWM_150,10/12/21,60,11.467,0.191,9.1,2.119,0.234,13.6,2.509,0.184,22.7,3.741,0.165,14.6,3.098,0.212,11.467,59.2,20,3.605,0.18,Control,F,18
112,211004_21,E4HN_M,B,Day2,3,MWM_150,10/12/21,20.1,2.08,0.103,0,0,,0,0,,10.9,1.157,0.106,9.2,0.923,0.1,1.991,16.1,0,0,,Control,M,18
113,211004_1,E33_M,C,Day2,4,MWM_150,10/12/21,25.3,5.239,0.207,6.7,1.777,0.267,3.6,0.891,0.246,1.9,0.579,0.305,13.1,1.991,0.152,5.152,21.2,6.3,1.284,0.205,Control,M,12
114,211004_2,E33_M,C,Day2,4,MWM_150,10/12/21,38.3,7.94,0.207,6.8,1.583,0.233,3.6,0.793,0.22,15,3.372,0.224,12.9,2.193,0.17,7.856,34.3,0,0,,Control,M,12
115,211004_3,E33_M,C,Day2,4,MWM_150,10/12/21,13.9,2.313,0.167,0,0,,3.6,0.59,0.164,4,1.083,0.271,6.3,0.641,0.102,2.273,9.8,1.3,0.241,0.19,Control,M,12
116,211004_5,E33_F,C,Day2,4,MWM_150,10/12/21,25,3.54,0.142,1.8,0.16,0.091,0.9,0.125,0.142,10.6,1.881,0.178,11.8,1.374,0.117,3.448,20.9,3.4,0.352,0.103,HFD,F,12
117,211004_9,E33_F,C,Day2,4,MWM_150,10/12/21,7.2,0.615,0.085,0,0,,2.4,0.313,0.132,0,0,,4.8,0.302,0.063,0.522,3.1,0,0,,HFD,F,12
118,211004_10,E4HN_F,B,Day2,4,MWM_150,10/12/21,21.5,2.508,0.116,4.8,0.505,0.105,2.1,0.324,0.157,0,0,,14.7,1.679,0.114,2.432,17.5,0,0,,Control,F,12
119,211004_11,E4HN_F,B,Day2,4,MWM_150,10/12/21,27.1,2.851,0.105,0,0,,14.4,1.505,0.104,0,0,,12.7,1.346,0.106,2.813,23.1,0,0,,Control,F,12
120,211004_12,E4HN_F,B,Day2,4,MWM_150,10/12/21,49.9,5.862,0.118,22.8,2.674,0.117,1.8,0.195,0.106,3.7,0.703,0.19,21.5,2.289,0.106,5.828,45.8,0.9,0.039,0.045,Control,F,12
121,211004_13,E4HN_F,B,Day2,4,MWM_150,10/12/21,25.8,2.836,0.11,9.2,1.101,0.12,5.4,0.234,0.043,1.3,0.431,0.332,9.9,1.071,0.109,2.836,21.7,1.3,0.177,0.137,Control,F,12
122,211004_14,E4HN_M,B,Day2,4,MWM_150,10/12/21,60,7.98,0.133,26.7,3.599,0.135,7.2,1.043,0.146,18.5,2.325,0.126,7.6,1.014,0.133,,,24.8,2.016,0.081,HFD,M,12
123,211004_15,E4HN_M,B,Day2,4,MWM_150,10/12/21,60,10.563,0.176,10.3,2.032,0.197,21.4,3.295,0.154,9,1.911,0.212,19.3,3.325,0.173,,,19.6,3.021,0.154,HFD,M,12
124,211004_16,E4HN_M,B,Day2,4,MWM_150,10/12/21,60,12.187,0.203,12,2.499,0.209,23.9,4.323,0.181,9.9,2.326,0.236,14.2,3.039,0.214,,,26.1,5.431,0.208,HFD,M,12
125,211004_17,E4HN_M,B,Day2,4,MWM_150,10/12/21,60,9.304,0.155,14.2,2.427,0.171,13.3,2.363,0.177,8.9,1.7,0.192,23.5,2.814,0.12,,,38.1,4.79,0.126,HFD,M,12
126,211004_19,E44_M,A,Day2,4,MWM_150,10/12/21,60,11.818,0.197,18.7,3.663,0.196,27.2,5.174,0.191,9.5,2.043,0.216,4.7,0.938,0.2,,,17,3.07,0.18,Control,M,18
127,211004_20,E44_F,A,Day2,4,MWM_150,10/12/21,16.7,1.984,0.119,1.5,0.239,0.159,8.5,1.187,0.139,1.1,0.228,0.201,5.5,0.33,0.06,1.85,12.6,0,0,,Control,F,18
128,211004_21,E4HN_M,B,Day2,4,MWM_150,10/12/21,26,2.6,0.1,10.8,0.938,0.087,2.8,0.366,0.129,1.9,0.415,0.215,10.5,0.881,0.084,2.559,21.9,0,0,,Control,M,18
129,211004_1,E33_M,C,Day3,1,MWM_150,10/13/21,8.9,1.175,0.131,0,0,,1.1,0.246,0.216,0,0,,7.8,0.929,0.119,1.134,4.9,0,0,,Control,M,12
130,211004_2,E33_M,C,Day3,1,MWM_150,10/13/21,7.7,0.896,0.117,0,0,,2.8,0.588,0.208,0,0,,4.8,0.308,0.064,0.771,3.6,0,0,,Control,M,12
131,211004_3,E33_M,C,Day3,1,MWM_150,10/13/21,21.8,2.95,0.135,1.5,0.192,0.131,7.9,1.095,0.138,2.5,0.263,0.106,10,1.4,0.14,2.866,17.7,6.6,0.875,0.133,Control,M,12
132,211004_5,E33_F,C,Day3,1,MWM_150,10/13/21,5.4,0.315,0.058,0,0,,0.5,0,0,0,0,,4.9,0.315,0.064,0.223,1.4,0,0,,HFD,F,12
133,211004_9,E33_F,C,Day3,1,MWM_150,10/13/21,13.5,2.394,0.177,0,0,,0.9,0.172,0.196,2.9,0.752,0.256,9.7,1.47,0.152,2.312,9.4,0,0,,HFD,F,12
134,211004_10,E4HN_F,B,Day3,1,MWM_150,10/13/21,60,9.562,0.159,7.6,0.918,0.12,23.2,3.802,0.164,14.1,2.436,0.173,15.1,2.406,0.16,,,11,1.423,0.129,Control,F,12
135,211004_11,E4HN_F,B,Day3,1,MWM_150,10/13/21,60,9.466,0.158,22.6,2.645,0.117,11.9,1.981,0.167,11.8,2.487,0.211,13.8,2.354,0.171,,,17.2,3.056,0.178,Control,F,12
136,211004_12,E4HN_F,B,Day3,1,MWM_150,10/13/21,60,9.341,0.156,23.7,3.327,0.14,19,2.5,0.132,7.8,1.763,0.225,9.5,1.75,0.185,,,7.1,0.762,0.108,Control,F,12
137,211004_13,E4HN_F,B,Day3,1,MWM_150,10/13/21,29.1,2.829,0.097,1.3,0.12,0.094,17.7,1.583,0.09,0,0,,10.2,1.126,0.11,2.792,25.1,2.1,0.296,0.143,Control,F,12
138,211004_14,E4HN_M,B,Day3,1,MWM_150,10/13/21,60,6.789,0.113,8.7,1.108,0.128,20.8,2.071,0.099,7.3,1.038,0.142,23.2,2.572,0.111,,,24.5,1.696,0.069,HFD,M,12
139,211004_15,E4HN_M,B,Day3,1,MWM_150,10/13/21,60,6.463,0.108,15.8,2.433,0.154,44.2,4.03,0.091,0,0,,0,0,,,,11.9,0.782,0.066,HFD,M,12
140,211004_16,E4HN_M,B,Day3,1,MWM_150,10/13/21,60,11.002,0.183,16.6,2.99,0.181,13,2.25,0.173,7.9,1.776,0.226,22.5,3.985,0.177,,,19,2.998,0.158,HFD,M,12
141,211004_17,E4HN_M,B,Day3,1,MWM_150,10/13/21,42.7,5.116,0.12,8.3,0.597,0.072,9.5,1.296,0.136,12.6,1.658,0.132,12.4,1.564,0.127,5.064,38.7,21.7,2.757,0.127,HFD,M,12
142,211004_19,E44_M,A,Day3,1,MWM_150,10/13/21,47.2,6.286,0.133,6.3,1.165,0.184,19.6,1.733,0.088,8.8,1.748,0.199,12.4,1.64,0.132,6.241,43.1,23,4.241,0.184,Control,M,18
143,211004_20,E44_F,A,Day3,1,MWM_150,10/13/21,33.3,5.39,0.162,3.6,0.848,0.236,10.4,1.544,0.149,10,1.964,0.196,9.3,1.033,0.111,5.297,29.2,3.2,0.407,0.127,Control,F,18
144,211004_21,E4HN_M,B,Day3,1,MWM_150,10/13/21,60,4.692,0.078,0,0,,27.6,1.418,0.051,5.3,0.723,0.137,27.1,2.551,0.094,,,7.7,0.399,0.052,Control,M,18
145,211004_1,E33_M,C,Day3,2,MWM_150,10/13/21,8.7,1.225,0.142,1,0.175,0.167,0,0,,2.7,0.704,0.264,4.9,0.345,0.07,1.098,4.6,0,0,,Control,M,12
146,211004_2,E33_M,C,Day3,2,MWM_150,10/13/21,8.5,1.207,0.142,1.1,0.215,0.202,0,0,,2.5,0.658,0.267,5,0.335,0.067,1.038,4.4,0,0,,Control,M,12
147,211004_3,E33_M,C,Day3,2,MWM_150,10/13/21,6.6,0.808,0.122,0.8,0.115,0.141,1.1,0.364,0.331,0,0,,4.7,0.329,0.07,0.664,2.6,0,0,,Control,M,12
148,211004_5,E33_F,C,Day3,2,MWM_150,10/13/21,53.9,9.752,0.181,11.5,2.144,0.187,10,1.854,0.185,8.2,1.851,0.227,24.2,3.904,0.161,9.708,49.8,21.3,3.758,0.177,HFD,F,12
149,211004_9,E33_F,C,Day3,2,MWM_150,10/13/21,7.8,0.849,0.109,1.9,0.329,0.17,0,0,,1,0.31,0.3,4.8,0.209,0.044,0.807,3.7,0,0,,HFD,F,12
150,211004_10,E4HN_F,B,Day3,2,MWM_150,10/13/21,21.4,2.447,0.114,5.2,0.424,0.081,0,0,,6,1.107,0.186,10.2,0.916,0.089,2.372,17.4,4.1,0.466,0.115,Control,F,12
151,211004_11,E4HN_F,B,Day3,2,MWM_150,10/13/21,16.5,1.565,0.095,7.9,0.782,0.098,3.2,0.514,0.159,0,0,,5.3,0.268,0.051,1.486,12.4,3.1,0.211,0.069,Control,F,12
152,211004_12,E4HN_F,B,Day3,2,MWM_150,10/13/21,16.5,0.688,0.042,2.2,0.224,0.102,1.1,0.107,0.1,0,0,,13.2,0.357,0.027,0.618,12.4,0,0,,Control,F,12
153,211004_13,E4HN_F,B,Day3,2,MWM_150,10/13/21,60,10.237,0.171,18.4,2.31,0.126,4.6,1.052,0.229,27.8,5.06,0.182,9.2,1.815,0.197,,,6.4,0.608,0.095,Control,F,12
154,211004_14,E4HN_M,B,Day3,2,MWM_150,10/13/21,60,7.686,0.128,17.3,2.348,0.136,17.2,1.58,0.092,9.9,1.263,0.127,15.6,2.495,0.16,,,22.8,2.096,0.092,HFD,M,12
155,211004_15,E4HN_M,B,Day3,2,MWM_150,10/13/21,60,10.83,0.181,14.2,2.664,0.188,16.2,2.771,0.171,18,3.133,0.174,11.6,2.262,0.195,,,9.2,1.425,0.155,HFD,M,12
156,211004_16,E4HN_M,B,Day3,2,MWM_150,10/13/21,60,11.387,0.19,13.7,2.711,0.198,11.7,2.224,0.19,22.9,4.243,0.185,11.7,2.208,0.189,,,39.5,6.86,0.174,HFD,M,12
157,211004_17,E4HN_M,B,Day3,2,MWM_150,10/13/21,60,8.745,0.146,18.8,3.069,0.163,8.7,1.607,0.185,24.9,2.473,0.099,7.7,1.595,0.208,,,26.2,1.899,0.072,HFD,M,12
158,211004_19,E44_M,A,Day3,2,MWM_150,10/13/21,38.8,5.962,0.154,12,1.744,0.146,10.5,1.806,0.173,4.7,0.874,0.186,11.6,1.537,0.132,5.878,34.7,9.5,1.783,0.188,Control,M,18
159,211004_20,E44_F,A,Day3,2,MWM_150,10/13/21,28.5,4.32,0.152,3.1,0.553,0.178,1.2,0.196,0.168,5,1.065,0.212,19.2,2.505,0.131,4.189,24.4,3.1,0.422,0.138,Control,F,18
160,211004_21,E4HN_M,B,Day3,2,MWM_150,10/13/21,22,1.651,0.075,13.5,0.698,0.052,3,0.655,0.221,0,0,,5.5,0.298,0.054,1.561,17.9,0,0,,Control,M,18
161,211004_1,E33_M,C,Day3,3,MWM_150,10/13/21,6.7,0.609,0.091,0,0,,0,0,,1,0.163,0.156,5.6,0.445,0.079,0.527,2.6,0,0,,Control,M,12
162,211004_2,E33_M,C,Day3,3,MWM_150,10/13/21,5.4,0.331,0.062,0,0,,0,0,,0.4,0,0,4.9,0.331,0.067,0.204,1.3,0,0,,Control,M,12
163,211004_3,E33_M,C,Day3,3,MWM_150,10/13/21,19.6,4.084,0.208,2.2,0.686,0.312,2.8,0.73,0.261,3.2,0.89,0.275,11.4,1.777,0.157,4,15.5,0,0,,Control,M,12
164,211004_5,E33_F,C,Day3,3,MWM_150,10/13/21,24.3,3.891,0.16,2.6,0.561,0.216,0,0,,12,2.226,0.186,9.8,1.104,0.113,3.797,20.3,3.9,0.604,0.155,HFD,F,12
165,211004_9,E33_F,C,Day3,3,MWM_150,10/13/21,14.4,1.936,0.135,0,0,,0,0,,0.7,0.124,0.177,13.7,1.812,0.133,1.848,10.3,0.6,0.048,0.084,HFD,F,12
166,211004_10,E4HN_F,B,Day3,3,MWM_150,10/13/21,16,1.282,0.08,0,0,,0,0,,9.5,0.927,0.097,6.4,0.355,0.055,1.203,11.9,1.6,0.206,0.129,Control,F,12
167,211004_11,E4HN_F,B,Day3,3,MWM_150,10/13/21,24.8,1.721,0.069,0,0,,0,0,,12.7,0.701,0.055,12.1,1.02,0.084,1.629,20.7,0,0,,Control,F,12
168,211004_12,E4HN_F,B,Day3,3,MWM_150,10/13/21,14.2,0.956,0.068,0,0,,0,0,,8.8,0.684,0.078,5.4,0.272,0.05,0.89,10.1,0,0,,Control,F,12
169,211004_13,E4HN_F,B,Day3,3,MWM_150,10/13/21,40.9,5.438,0.133,12.5,1.486,0.119,0,0,,16.1,2.703,0.167,12.3,1.249,0.102,5.399,36.8,0,0,,Control,F,12
170,211004_14,E4HN_M,B,Day3,3,MWM_150,10/13/21,26.2,2.121,0.081,0,0,,0,0,,14,1.222,0.087,12.2,0.899,0.074,2.121,22.1,2.5,0.2,0.08,HFD,M,12
171,211004_15,E4HN_M,B,Day3,3,MWM_150,10/13/21,27.9,1.545,0.055,0,0,,0,0,,21.6,1.312,0.061,6.3,0.233,0.037,1.502,23.8,0,0,,HFD,M,12
172,211004_16,E4HN_M,B,Day3,3,MWM_150,10/13/21,12.4,1.396,0.113,0.1,0,0,1.4,0.094,0.067,2.1,0.439,0.205,8.7,0.863,0.099,1.304,8.3,0,0,,HFD,M,12
173,211004_17,E4HN_M,B,Day3,3,MWM_150,10/13/21,38.8,3.21,0.083,11.8,1.731,0.147,0,0,,20.8,1.209,0.058,6.2,0.271,0.044,3.161,34.7,22.4,1.264,0.056,HFD,M,12
174,211004_19,E44_M,A,Day3,3,MWM_150,10/13/21,8,0.595,0.074,0,0,,0,0,,1.8,0.291,0.164,6.3,0.303,0.048,0.517,4,0,0,,Control,M,18
175,211004_20,E44_F,A,Day3,3,MWM_150,10/13/21,8.9,0.635,0.071,0,0,,0,0,,2.8,0.332,0.117,6.1,0.303,0.05,0.551,4.8,0,0,,Control,F,18
176,211004_21,E4HN_M,B,Day3,3,MWM_150,10/13/21,49.3,7.809,0.158,4.1,0.604,0.147,7.6,1.408,0.185,13.2,1.949,0.147,24.3,3.847,0.158,7.727,45.2,2.5,0.239,0.096,Control,M,18
177,211004_1,E33_M,C,Day3,4,MWM_150,10/13/21,5.2,0.257,0.049,0,0,,0,0,,0,0,,5.2,0.257,0.049,0.161,1.2,0,0,,Control,M,12
178,211004_2,E33_M,C,Day3,4,MWM_150,10/13/21,7.1,0.784,0.11,0.2,0.061,0.304,1,0.276,0.276,0.7,0.045,0.068,5.3,0.401,0.076,0.653,3.1,0,0,,Control,M,12
179,211004_3,E33_M,C,Day3,4,MWM_150,10/13/21,4.6,0.084,0.018,0,0,,0,0,,0,0,,4.6,0.084,0.018,,0.5,0,0,,Control,M,12
180,211004_5,E33_F,C,Day3,4,MWM_150,10/13/21,7.5,0.449,0.06,0,0,,0,0,,1.7,0.149,0.09,5.8,0.3,0.051,0.402,3.4,0,0,,HFD,F,12
181,211004_9,E33_F,C,Day3,4,MWM_150,10/13/21,8,0.981,0.123,0,0,,0,0,,0,0,,8,0.981,0.123,0.893,3.9,0.7,0.176,0.264,HFD,F,12
182,211004_10,E4HN_F,B,Day3,4,MWM_150,10/13/21,17.1,1.687,0.099,0,0,,0,0,,4,0.58,0.145,13.1,1.107,0.085,1.649,13,2.5,0.293,0.119,Control,F,12
183,211004_11,E4HN_F,B,Day3,4,MWM_150,10/13/21,6.6,0.268,0.041,0,0,,0,0,,0,0,,6.6,0.268,0.041,0.235,2.6,0,0,,Control,F,12
184,211004_12,E4HN_F,B,Day3,4,MWM_150,10/13/21,16.9,1.569,0.093,0,0,,0,0,,3.6,0.346,0.096,13.3,1.223,0.092,1.536,12.8,2.6,0.274,0.104,Control,F,12
185,211004_13,E4HN_F,B,Day3,4,MWM_150,10/13/21,5.6,0.154,0.028,0,0,,0,0,,0,0,,5.6,0.154,0.028,0.039,1.5,0,0,,Control,F,12
186,211004_14,E4HN_M,B,Day3,4,MWM_150,10/13/21,60,8.945,0.149,11.2,1.889,0.168,21.5,2.854,0.133,12.1,1.825,0.15,15.2,2.377,0.157,,,27.5,3.311,0.12,HFD,M,12
187,211004_15,E4HN_M,B,Day3,4,MWM_150,10/13/21,16,0.954,0.06,0,0,,0,0,,9.6,0.57,0.06,6.5,0.384,0.059,0.869,11.9,0,0,,HFD,M,12
188,211004_16,E4HN_M,B,Day3,4,MWM_150,10/13/21,4.7,0.136,0.029,0,0,,0,0,,0,0,,4.7,0.136,0.029,0.051,0.6,0,0,,HFD,M,12
189,211004_17,E4HN_M,B,Day3,4,MWM_150,10/13/21,60,8.09,0.135,13.5,1.734,0.129,4.5,1.031,0.227,35.5,4.116,0.116,6.5,1.21,0.187,,,32.8,4.347,0.133,HFD,M,12
190,211004_19,E44_M,A,Day3,4,MWM_150,10/13/21,11.5,1.04,0.09,0,0,,2.6,0.342,0.13,0,0,,8.9,0.698,0.079,0.955,7.4,0,0,,Control,M,18
191,211004_20,E44_F,A,Day3,4,MWM_150,10/13/21,18.4,2.302,0.125,4.2,0.751,0.179,0.5,0.038,0.071,2.9,0.547,0.187,10.7,0.966,0.09,2.227,14.3,0,0,,Control,F,18
192,211004_21,E4HN_M,B,Day3,4,MWM_150,10/13/21,21.5,2.118,0.099,0,0,,6.1,0.52,0.085,0,0,,15.4,1.598,0.104,2.032,17.4,0.5,0,0,Control,M,18
193,211004_1,E33_M,C,Day4,1,MWM_150,10/14/21,9.1,0.835,0.092,0,0,,0,0,,3.4,0.572,0.166,5.6,0.262,0.047,0.752,5,0,0,,Control,M,12
194,211004_2,E33_M,C,Day4,1,MWM_150,10/14/21,8.1,0.928,0.115,0,0,,0,0,,0.8,0.113,0.139,7.3,0.815,0.112,0.803,4,0,0,,Control,M,12
195,211004_3,E33_M,C,Day4,1,MWM_150,10/14/21,7.5,0.644,0.086,0,0,,0,0,,0.4,0,0,7.1,0.644,0.09,0.602,3.4,0,0,,Control,M,12
196,211004_5,E33_F,C,Day4,1,MWM_150,10/14/21,7.4,0.559,0.075,0,0,,0,0,,1.7,0.271,0.16,5.7,0.288,0.05,0.471,3.4,0,0,,HFD,F,12
197,211004_9,E33_F,C,Day4,1,MWM_150,10/14/21,7.2,0.725,0.101,0,0,,0,0,,1.5,0.328,0.212,5.6,0.397,0.07,0.681,3.1,0,0,,HFD,F,12
198,211004_10,E4HN_F,B,Day4,1,MWM_150,10/14/21,40,5.536,0.138,8.5,1.455,0.172,7.3,1.079,0.148,16.5,2.358,0.143,7.8,0.643,0.083,5.536,35.9,0,0,,Control,F,12
199,211004_11,E4HN_F,B,Day4,1,MWM_150,10/14/21,7.7,0.489,0.064,0,0,,0,0,,2.4,0.237,0.098,5.3,0.253,0.048,0.41,3.6,0,0,,Control,F,12
200,211004_12,E4HN_F,B,Day4,1,MWM_150,10/14/21,18.5,1.061,0.057,0,0,,1,0.186,0.192,5.4,0.22,0.041,12.2,0.655,0.054,0.995,14.5,0,0,,Control,F,12
201,211004_13,E4HN_F,B,Day4,1,MWM_150,10/14/21,40.9,2.894,0.071,0,0,,0.6,0.042,0.066,30.1,2.05,0.068,10.2,0.802,0.079,2.894,36.9,1.2,0.037,0.03,Control,F,12
202,211004_14,E4HN_M,B,Day4,1,MWM_150,10/14/21,14.5,0.862,0.059,0,0,,0,0,,8.2,0.65,0.08,6.4,0.212,0.033,0.816,10.4,0,0,,HFD,M,12
203,211004_15,E4HN_M,B,Day4,1,MWM_150,10/14/21,11.3,0.797,0.071,0,0,,0,0,,5.6,0.565,0.102,5.7,0.231,0.04,0.797,7.2,0,0,,HFD,M,12
204,211004_16,E4HN_M,B,Day4,1,MWM_150,10/14/21,19.3,2.201,0.114,0,0,,0,0,,7.1,1,0.141,12.2,1.201,0.098,2.158,15.2,1.6,0.261,0.16,HFD,M,12
205,211004_17,E4HN_M,B,Day4,1,MWM_150,10/14/21,60,6.743,0.112,22.6,2.51,0.111,24.8,3.27,0.132,12.6,0.963,0.076,0,0,,,,35.8,2.872,0.08,HFD,M,12
206,211004_19,E44_M,A,Day4,1,MWM_150,10/14/21,60,9.813,0.164,7.3,0.979,0.134,6.3,1.178,0.187,18.7,3.366,0.18,27.7,4.29,0.155,,,29.3,4.63,0.158,Control,M,18
207,211004_20,E44_F,A,Day4,1,MWM_150,10/14/21,8,0.561,0.07,0,0,,0,0,,2.7,0.345,0.127,5.3,0.216,0.041,0.484,3.9,0,0,,Control,F,18
208,211004_21,E4HN_M,B,Day4,1,MWM_150,10/14/21,46.8,6.549,0.14,5.8,0.931,0.16,18.1,2.886,0.159,11,1.105,0.101,11.9,1.627,0.137,6.549,42.8,5.5,0.539,0.097,Control,M,18
209,211004_1,E33_M,C,Day4,2,MWM_150,10/14/21,12.4,1.657,0.134,0,0,,3,0.568,0.192,0,0,,9.4,1.089,0.116,1.609,8.3,0,0,,Control,M,12
210,211004_2,E33_M,C,Day4,2,MWM_150,10/14/21,5.9,0.479,0.081,0,0,,1,0.172,0.176,0,0,,4.9,0.306,0.063,0.389,1.8,0,0,,Control,M,12
211,211004_3,E33_M,C,Day4,2,MWM_150,10/14/21,5.5,0.456,0.082,0,0,,0.8,0.147,0.181,0,0,,4.7,0.309,0.065,0.367,1.5,0,0,,Control,M,12
212,211004_5,E33_F,C,Day4,2,MWM_150,10/14/21,39.4,5.845,0.148,2.9,0.493,0.17,14,2.19,0.156,2.9,0.457,0.157,19.6,2.705,0.138,5.845,35.3,5.7,0.759,0.134,HFD,F,12
213,211004_9,E33_F,C,Day4,2,MWM_150,10/14/21,8.7,1.148,0.132,0,0,,2.6,0.526,0.204,0,0,,6.1,0.623,0.102,1.059,4.6,0,0,,HFD,F,12
214,211004_10,E4HN_F,B,Day4,2,MWM_150,10/14/21,20.9,1.782,0.085,0,0,,7.2,0.621,0.086,1.8,0.124,0.068,11.9,1.037,0.087,1.667,16.8,0,0,,Control,F,12
215,211004_11,E4HN_F,B,Day4,2,MWM_150,10/14/21,14.6,1.362,0.093,2.8,0.248,0.089,5.9,0.794,0.134,0,0,,5.9,0.32,0.054,1.285,10.5,0,0,,Control,F,12
216,211004_12,E4HN_F,B,Day4,2,MWM_150,10/14/21,33.6,2.758,0.082,13.9,0.951,0.068,12.2,1.177,0.096,1.3,0.318,0.239,6.1,0.311,0.051,2.721,29.5,0,0,,Control,F,12
217,211004_13,E4HN_F,B,Day4,2,MWM_150,10/14/21,19.5,1.262,0.065,11,0.831,0.076,3,0.16,0.054,0,0,,5.6,0.272,0.049,1.224,15.5,0,0,,Control,F,12
218,211004_14,E4HN_M,B,Day4,2,MWM_150,10/14/21,12.7,0.908,0.072,1.1,0.137,0.128,3.7,0.46,0.125,0,0,,8,0.311,0.039,0.908,8.6,0,0,,HFD,M,12
219,211004_15,E4HN_M,B,Day4,2,MWM_150,10/14/21,17.1,1.644,0.096,8.5,1.011,0.119,3.2,0.44,0.137,0,0,,5.4,0.193,0.036,1.644,13,0,0,,HFD,M,12
220,211004_16,E4HN_M,B,Day4,2,MWM_150,10/14/21,8.9,0.761,0.086,0,0,,1.6,0.281,0.174,0,0,,7.3,0.48,0.066,0.72,4.8,0,0,,HFD,M,12
221,211004_17,E4HN_M,B,Day4,2,MWM_150,10/14/21,9.6,0.622,0.065,0,0,,3.8,0.428,0.111,0,0,,5.7,0.194,0.034,0.622,5.5,0,0,,HFD,M,12
222,211004_19,E44_M,A,Day4,2,MWM_150,10/14/21,34.1,5.875,0.172,1.2,0.247,0.205,10.2,1.962,0.191,10.6,1.977,0.187,12.1,1.69,0.14,5.835,30,5.1,0.959,0.187,Control,M,18
223,211004_20,E44_F,A,Day4,2,MWM_150,10/14/21,13.7,1.483,0.108,2.7,0.353,0.132,3.7,0.603,0.164,0,0,,7.4,0.528,0.071,1.393,9.7,0,0,,Control,F,18
224,211004_21,E4HN_M,B,Day4,2,MWM_150,10/14/21,14.8,1.43,0.097,2.5,0.317,0.125,7.2,0.879,0.121,0,0,,5,0.234,0.046,1.392,10.7,0,0,,Control,M,18
225,211004_1,E33_M,C,Day4,3,MWM_150,10/14/21,11.2,1.339,0.12,1.7,0.257,0.156,3.9,0.728,0.188,0,0,,5.7,0.354,0.063,1.296,7.1,0,0,,Control,M,12
226,211004_2,E33_M,C,Day4,3,MWM_150,10/14/21,10.6,1.43,0.135,1.4,0.275,0.2,0,0,,1.8,0.246,0.139,7.5,0.91,0.122,1.306,6.5,0,0,,Control,M,12
227,211004_3,E33_M,C,Day4,3,MWM_150,10/14/21,6.6,0.738,0.112,1.3,0.304,0.232,0.5,0.128,0.274,0,0,,4.8,0.306,0.064,0.656,2.5,0,0,,Control,M,12
228,211004_5,E33_F,C,Day4,3,MWM_150,10/14/21,7.8,0.677,0.087,1.5,0.193,0.131,1,0.191,0.197,0,0,,5.4,0.294,0.055,0.594,3.7,0,0,,HFD,F,12
229,211004_9,E33_F,C,Day4,3,MWM_150,10/14/21,10.5,1.444,0.138,2.6,0.592,0.231,0.9,0.19,0.219,0.7,0.141,0.212,6.4,0.521,0.082,1.403,6.4,0,0,,HFD,F,12
230,211004_10,E4HN_F,B,Day4,3,MWM_150,10/14/21,11.6,1.242,0.107,2.7,0.288,0.108,0,0,,3.3,0.675,0.203,5.6,0.278,0.05,1.155,7.5,0,0,,Control,F,12
231,211004_11,E4HN_F,B,Day4,3,MWM_150,10/14/21,17.6,1.556,0.089,4.5,0.558,0.123,3.4,0.364,0.108,3.6,0.366,0.101,6,0.269,0.045,1.518,13.5,0,0,,Control,F,12
232,211004_12,E4HN_F,B,Day4,3,MWM_150,10/14/21,28.5,2.331,0.082,6.2,0.463,0.075,12.8,1.311,0.102,0,0,,9.5,0.558,0.059,2.298,24.5,0,0,,Control,F,12
233,211004_13,E4HN_F,B,Day4,3,MWM_150,10/14/21,30.1,2.186,0.073,4.2,0.358,0.086,2.2,0.161,0.072,3.2,0.223,0.069,20.4,1.444,0.071,2.148,26,0,0,,Control,F,12
234,211004_14,E4HN_M,B,Day4,3,MWM_150,10/14/21,23.2,1.94,0.084,1.5,0.172,0.117,6.4,0.769,0.12,0,0,,15.3,0.999,0.065,1.892,19.1,1.9,0,0,HFD,M,12
235,211004_15,E4HN_M,B,Day4,3,MWM_150,10/14/21,7.5,0.715,0.095,1.6,0.291,0.181,0,0,,0.7,0.138,0.207,5.3,0.286,0.054,0.671,3.5,0,0,,HFD,M,12
236,211004_16,E4HN_M,B,Day4,3,MWM_150,10/14/21,35,4.599,0.131,4.9,0.766,0.158,4.5,0.765,0.171,12.8,1.548,0.121,12.9,1.521,0.118,4.553,31,1.3,0.093,0.071,HFD,M,12
237,211004_17,E4HN_M,B,Day4,3,MWM_150,10/14/21,60,8.69,0.145,19,2.691,0.142,7.1,1.064,0.15,20.5,3.106,0.151,13.4,1.828,0.137,,,16.9,2.097,0.124,HFD,M,12
238,211004_19,E44_M,A,Day4,3,MWM_150,10/14/21,14.1,1.383,0.098,2.7,0.294,0.109,5.7,0.847,0.148,0,0,,5.7,0.243,0.043,1.341,10,0,0,,Control,M,18
239,211004_20,E44_F,A,Day4,3,MWM_150,10/14/21,10.3,0.895,0.087,3,0.374,0.125,1.4,0.221,0.162,0,0,,5.9,0.3,0.051,0.817,6.2,0,0,,Control,F,18
240,211004_21,E4HN_M,B,Day4,3,MWM_150,10/14/21,25.3,3.051,0.12,6.7,0.87,0.13,0.7,0.109,0.148,1.9,0.133,0.07,16,1.94,0.121,2.967,21.3,0,0,,Control,M,18
241,211004_1,E33_M,C,Day4,4,MWM_150,10/14/21,5.1,0.174,0.034,0,0,,0,0,,0,0,,5.1,0.174,0.034,0.091,1,0,0,,Control,M,12
242,211004_2,E33_M,C,Day4,4,MWM_150,10/14/21,4.5,0.176,0.039,0,0,,0,0,,0,0,,4.5,0.176,0.039,,0.5,0,0,,Control,M,12
243,211004_3,E33_M,C,Day4,4,MWM_150,10/14/21,6.2,0.533,0.086,0,0,,0,0,,0,0,,6.2,0.533,0.086,0.486,2.1,0,0,,Control,M,12
244,211004_5,E33_F,C,Day4,4,MWM_150,10/14/21,14.4,1.774,0.123,0,0,,2.2,0.33,0.152,0.5,0.049,0.098,11.7,1.395,0.119,1.689,10.3,0,0,,HFD,F,12
245,211004_9,E33_F,C,Day4,4,MWM_150,10/14/21,6.1,0.438,0.072,0,0,,0,0,,0,0,,6.1,0.438,0.072,0.305,2,0,0,,HFD,F,12
246,211004_10,E4HN_F,B,Day4,4,MWM_150,10/14/21,30.4,3.764,0.124,0,0,,13.3,1.842,0.139,0,0,,17.1,1.922,0.112,3.685,26.3,0,0,,Control,F,12
247,211004_11,E4HN_F,B,Day4,4,MWM_150,10/14/21,5.7,0.246,0.043,0,0,,0,0,,0,0,,5.7,0.246,0.043,0.171,1.6,0,0,,Control,F,12
248,211004_12,E4HN_F,B,Day4,4,MWM_150,10/14/21,25.4,1.681,0.066,2.9,0.033,0.011,0,0,,9.3,0.713,0.076,13.2,0.935,0.071,1.646,21.3,0,0,,Control,F,12
249,211004_13,E4HN_F,B,Day4,4,MWM_150,10/14/21,15.7,0.62,0.04,0,0,,0,0,,0,0,,15.7,0.62,0.04,0.581,11.6,0,0,,Control,F,12
250,211004_14,E4HN_M,B,Day4,4,MWM_150,10/14/21,22,1.995,0.091,0,0,,0,0,,1.6,0.268,0.164,20.4,1.727,0.085,1.901,17.9,0,0,,HFD,M,12
251,211004_15,E4HN_M,B,Day4,4,MWM_150,10/14/21,10,0.944,0.095,0,0,,0,0,,1.5,0.311,0.207,8.5,0.634,0.075,0.944,5.9,0,0,,HFD,M,12
252,211004_16,E4HN_M,B,Day4,4,MWM_150,10/14/21,4.5,0.094,0.021,0,0,,0,0,,0,0,,4.5,0.094,0.021,,0.4,0,0,,HFD,M,12
253,211004_17,E4HN_M,B,Day4,4,MWM_150,10/14/21,60,8.629,0.144,14.8,2.531,0.171,13.6,1.511,0.111,19.1,3.019,0.158,12.4,1.568,0.126,,,15.5,1.685,0.108,HFD,M,12
254,211004_19,E44_M,A,Day4,4,MWM_150,10/14/21,7.1,0.325,0.046,0,0,,0,0,,0,0,,7.1,0.325,0.046,0.288,3,0,0,,Control,M,18
255,211004_20,E44_F,A,Day4,4,MWM_150,10/14/21,10.2,0.956,0.094,3.3,0.591,0.179,0.4,0.041,0.102,0,0,,6.5,0.324,0.05,0.916,6.1,0,0,,Control,F,18
256,211004_21,E4HN_M,B,Day4,4,MWM_150,10/14/21,12.2,0.548,0.045,0,0,,0,0,,2.1,0.185,0.088,10.1,0.364,0.036,0.503,8.1,0,0,,Control,M,18
257,211004_1,E33_M,C,Day5,1,MWM_150,10/15/21,5.2,0.212,0.041,0,0,,0,0,,0,0,,5.2,0.212,0.041,0.131,1.1,0,0,,Control,M,12
258,211004_2,E33_M,C,Day5,1,MWM_150,10/15/21,9.6,1.148,0.119,0,0,,1.1,0.199,0.175,0,0,,8.5,0.949,0.112,1.061,5.6,0,0,,Control,M,12
259,211004_3,E33_M,C,Day5,1,MWM_150,10/15/21,4.6,0.083,0.018,0,0,,0,0,,0,0,,4.6,0.083,0.018,0.044,0.5,0,0,,Control,M,12
260,211004_5,E33_F,C,Day5,1,MWM_150,10/15/21,4.4,0.088,0.02,0,0,,0,0,,0,0,,4.4,0.088,0.02,0,0,0,0,,HFD,F,12
261,211004_9,E33_F,C,Day5,1,MWM_150,10/15/21,6.2,0.532,0.086,0,0,,0,0,,0,0,,6.2,0.532,0.086,0.404,2.1,0,0,,HFD,F,12
262,211004_10,E4HN_F,B,Day5,1,MWM_150,10/15/21,28,2.793,0.1,0.8,0.079,0.099,0,0,,10.2,1.167,0.114,17,1.547,0.091,2.753,23.9,0,0,,Control,F,12
263,211004_11,E4HN_F,B,Day5,1,MWM_150,10/15/21,12.6,0.708,0.056,0,0,,4.9,0.319,0.065,0,0,,7.7,0.389,0.05,0.628,8.5,0,0,,Control,F,12
264,211004_12,E4HN_F,B,Day5,1,MWM_150,10/15/21,6.6,0.135,0.02,0,0,,0,0,,0,0,,6.6,0.135,0.02,0.069,2.5,0,0,,Control,F,12
265,211004_13,E4HN_F,B,Day5,1,MWM_150,10/15/21,6.1,0.106,0.017,0,0,,0,0,,0,0,,6.1,0.106,0.017,0.071,2.1,0,0,,Control,F,12
266,211004_14,E4HN_M,B,Day5,1,MWM_150,10/15/21,5.2,0.145,0.028,0,0,,0,0,,0,0,,5.2,0.145,0.028,0.051,1.1,0,0,,HFD,M,12
267,211004_15,E4HN_M,B,Day5,1,MWM_150,10/15/21,6.7,0.447,0.066,0,0,,0,0,,0.8,0.057,0.068,5.9,0.39,0.066,0.396,2.7,0,0,,HFD,M,12
268,211004_16,E4HN_M,B,Day5,1,MWM_150,10/15/21,4.9,0.134,0.027,0,0,,0,0,,0,0,,4.9,0.134,0.027,0.051,0.9,0,0,,HFD,M,12
269,211004_17,E4HN_M,B,Day5,1,MWM_150,10/15/21,60,9.582,0.16,12.1,2.361,0.195,31.6,4.362,0.138,6.1,1.226,0.2,10.2,1.633,0.16,,,19.8,3.391,0.172,HFD,M,12
270,211004_19,E44_M,A,Day5,1,MWM_150,10/15/21,4.8,0.085,0.018,0,0,,0,0,,0,0,,4.8,0.085,0.018,0.047,0.7,0,0,,Control,M,18
271,211004_20,E44_F,A,Day5,1,MWM_150,10/15/21,9.2,0.834,0.091,0.9,0.143,0.159,0.9,0.131,0.146,1,0.18,0.175,6.3,0.379,0.06,0.748,5.1,0,0,,Control,F,18
272,211004_21,E4HN_M,B,Day5,1,MWM_150,10/15/21,7.7,0.383,0.049,0,0,,0,0,,0.1,0,0,7.6,0.383,0.05,0.342,3.7,0,0,,Control,M,18
273,211004_1,E33_M,C,Day5,2,MWM_150,10/15/21,5.8,0.373,0.064,0,0,,0,0,,0.9,0.157,0.172,4.9,0.216,0.044,0.331,1.7,0,0,,Control,M,12
274,211004_2,E33_M,C,Day5,2,MWM_150,10/15/21,5.4,0.407,0.075,0,0,,0,0,,0.7,0.104,0.154,4.8,0.302,0.064,0.267,1.4,0,0,,Control,M,12
275,211004_3,E33_M,C,Day5,2,MWM_150,10/15/21,11.2,1.414,0.126,0,0,,0,0,,2.3,0.348,0.15,8.9,1.066,0.12,1.327,7.1,0,0,,Control,M,12
276,211004_5,E33_F,C,Day5,2,MWM_150,10/15/21,9.7,0.966,0.1,0,0,,0,0,,1.4,0.175,0.124,8.3,0.791,0.096,0.872,5.6,0,0,,HFD,F,12
277,211004_9,E33_F,C,Day5,2,MWM_150,10/15/21,7,0.744,0.106,0,0,,0,0,,1.9,0.424,0.226,5.1,0.319,0.062,0.616,2.9,0,0,,HFD,F,12
278,211004_10,E4HN_F,B,Day5,2,MWM_150,10/15/21,8.4,0.752,0.09,0,0,,0,0,,3.5,0.486,0.139,4.9,0.266,0.054,0.67,4.3,0,0,,Control,F,12
279,211004_11,E4HN_F,B,Day5,2,MWM_150,10/15/21,24.6,2.408,0.098,0,0,,0,0,,16,1.633,0.102,8.6,0.775,0.091,2.284,20.5,0,0,,Control,F,12
280,211004_12,E4HN_F,B,Day5,2,MWM_150,10/15/21,11.1,0.629,0.057,0,0,,0,0,,3.7,0.302,0.081,7.4,0.327,0.044,0.563,7,0,0,,Control,F,12
281,211004_13,E4HN_F,B,Day5,2,MWM_150,10/15/21,44.4,5.383,0.121,1.5,0.204,0.136,0.5,0.045,0.096,25.2,2.957,0.117,17.2,2.177,0.127,5.295,40.3,0.8,0.089,0.106,Control,F,12
282,211004_14,E4HN_M,B,Day5,2,MWM_150,10/15/21,6.8,0.484,0.072,0,0,,0,0,,1.5,0.23,0.156,5.3,0.255,0.048,0.393,2.7,0,0,,HFD,M,12
283,211004_15,E4HN_M,B,Day5,2,MWM_150,10/15/21,9.8,0.789,0.081,0,0,,0,0,,4.3,0.568,0.132,5.5,0.221,0.04,0.746,5.7,0,0,,HFD,M,12
284,211004_16,E4HN_M,B,Day5,2,MWM_150,10/15/21,18.8,1.54,0.082,0,0,,0,0,,5.6,0.666,0.119,13.2,0.874,0.066,1.458,14.7,0,0,,HFD,M,12
285,211004_17,E4HN_M,B,Day5,2,MWM_150,10/15/21,60,8.289,0.138,15.8,3.085,0.196,10,1.613,0.161,23.8,2.259,0.095,10.3,1.332,0.129,8.289,59.1,14,1.242,0.089,HFD,M,12
286,211004_19,E44_M,A,Day5,2,MWM_150,10/15/21,23.8,2.248,0.094,0,0,,0,0,,12.8,1.495,0.117,11,0.753,0.068,2.248,19.8,0,0,,Control,M,18
287,211004_20,E44_F,A,Day5,2,MWM_150,10/15/21,7.5,0.714,0.096,0,0,,0,0,,1.9,0.343,0.177,5.5,0.372,0.067,0.602,3.4,0,0,,Control,F,18
288,211004_21,E4HN_M,B,Day5,2,MWM_150,10/15/21,12.4,1.191,0.096,0,0,,0,0,,6,0.873,0.145,6.4,0.319,0.05,1.15,8.3,0,0,,Control,M,18
289,211004_1,E33_M,C,Day5,3,MWM_150,10/15/21,11.4,1.559,0.136,0,0,,2.3,0.465,0.2,0,0,,9.1,1.094,0.12,1.43,7.4,0,0,,Control,M,12
290,211004_2,E33_M,C,Day5,3,MWM_150,10/15/21,8.6,0.886,0.103,0,0,,2.8,0.471,0.167,0,0,,5.8,0.415,0.072,0.81,4.5,0,0,,Control,M,12
291,211004_3,E33_M,C,Day5,3,MWM_150,10/15/21,8.5,0.977,0.115,0,0,,2,0.414,0.203,0,0,,6.5,0.564,0.087,0.894,4.4,0,0,,Control,M,12
292,211004_5,E33_F,C,Day5,3,MWM_150,10/15/21,11,1.188,0.108,0,0,,2.6,0.451,0.171,0,0,,8.3,0.737,0.088,1.088,6.9,0,0,,HFD,F,12
293,211004_9,E33_F,C,Day5,3,MWM_150,10/15/21,13,1.865,0.143,1.2,0.289,0.248,2.1,0.317,0.153,0,0,,9.8,1.259,0.129,1.775,9,0,0,,HFD,F,12
294,211004_10,E4HN_F,B,Day5,3,MWM_150,10/15/21,9.2,0.761,0.083,0,0,,3.2,0.447,0.139,0,0,,6,0.314,0.053,0.722,5.1,0,0,,Control,F,12
295,211004_11,E4HN_F,B,Day5,3,MWM_150,10/15/21,17.4,1.143,0.066,0,0,,6.6,0.501,0.076,0,0,,10.8,0.642,0.06,1.065,13.3,0,0,,Control,F,12
296,211004_12,E4HN_F,B,Day5,3,MWM_150,10/15/21,29.9,2.601,0.087,0,0,,17.8,1.527,0.086,0,0,,12.1,1.074,0.089,2.533,25.8,1.4,0.117,0.082,Control,F,12
297,211004_13,E4HN_F,B,Day5,3,MWM_150,10/15/21,26.9,2.8,0.104,0,0,,12,1.072,0.09,6.8,1.133,0.167,8.1,0.595,0.073,2.76,22.8,0,0,,Control,F,12
298,211004_14,E4HN_M,B,Day5,3,MWM_150,10/15/21,25.8,3.124,0.121,3.7,0.535,0.145,11.9,1.765,0.149,0,0,,10.2,0.823,0.081,3.072,21.7,3.1,0.212,0.068,HFD,M,12
299,211004_15,E4HN_M,B,Day5,3,MWM_150,10/15/21,28.8,3.16,0.11,7.3,0.582,0.08,11.4,1.565,0.137,0,0,,10.1,1.012,0.1,3.113,24.7,0,0,,HFD,M,12
300,211004_16,E4HN_M,B,Day5,3,MWM_150,10/15/21,8.9,0.879,0.099,0,0,,2.9,0.51,0.176,0,0,,6,0.369,0.062,0.754,4.8,0,0,,HFD,M,12
301,211004_17,E4HN_M,B,Day5,3,MWM_150,10/15/21,60,8.356,0.139,16.5,1.445,0.087,19.8,3.081,0.156,5.7,0.771,0.134,17.9,3.058,0.171,8.31,59.7,14,2.023,0.144,HFD,M,12
302,211004_19,E44_M,A,Day5,3,MWM_150,10/15/21,14.9,1.274,0.086,0,0,,9.2,1.005,0.11,0,0,,5.7,0.269,0.047,1.233,10.8,0,0,,Control,M,18
303,211004_20,E44_F,A,Day5,3,MWM_150,10/15/21,9.3,0.694,0.074,0,0,,2.4,0.359,0.147,0,0,,6.9,0.336,0.049,0.694,5.3,0,0,,Control,F,18
304,211004_21,E4HN_M,B,Day5,3,MWM_150,10/15/21,11.4,0.966,0.085,0,0,,5.6,0.673,0.12,0,0,,5.8,0.293,0.051,0.926,7.3,0,0,,Control,M,18
305,211004_1,E33_M,C,Day5,4,MWM_150,10/15/21,10.6,1.207,0.114,2.4,0.359,0.152,1,0.25,0.259,0,0,,7.3,0.597,0.082,1.162,6.5,0,0,,Control,M,12
306,211004_2,E33_M,C,Day5,4,MWM_150,10/15/21,16.1,2.725,0.169,1.7,0.418,0.24,4.3,0.869,0.201,3.3,0.678,0.208,6.7,0.76,0.113,2.643,12,0,0,,Control,M,12
307,211004_3,E33_M,C,Day5,4,MWM_150,10/15/21,7.3,0.946,0.13,1.1,0.243,0.228,0,0,,0.6,0.215,0.358,5.6,0.488,0.087,0.812,3.2,0,0,,Control,M,12
308,211004_5,E33_F,C,Day5,4,MWM_150,10/15/21,11.7,1.196,0.103,2.5,0.359,0.143,2.2,0.289,0.133,0.9,0.148,0.164,6.1,0.401,0.066,1.106,7.6,0,0,,HFD,F,12
309,211004_9,E33_F,C,Day5,4,MWM_150,10/15/21,19,3.266,0.172,1.9,0.444,0.236,2.5,0.522,0.212,3,0.756,0.252,11.7,1.544,0.132,3.266,15,0,0,,HFD,F,12
310,211004_10,E4HN_F,B,Day5,4,MWM_150,10/15/21,16.9,1.624,0.096,1.5,0.243,0.157,7.6,0.9,0.118,0,0,,7.7,0.481,0.062,1.589,12.8,0,0,,Control,F,12
311,211004_11,E4HN_F,B,Day5,4,MWM_150,10/15/21,44.7,6.548,0.147,12.7,1.183,0.093,4.5,0.8,0.179,11.8,1.931,0.164,15.8,2.634,0.167,6.472,40.6,4.7,0.811,0.171,Control,F,12
312,211004_12,E4HN_F,B,Day5,4,MWM_150,10/15/21,31.9,2.678,0.084,18.9,1.445,0.076,2.6,0.276,0.108,3,0.444,0.15,7.4,0.513,0.069,2.609,27.8,0,0,,Control,F,12
313,211004_13,E4HN_F,B,Day5,4,MWM_150,10/15/21,33.8,3.072,0.091,12.3,0.876,0.071,2.3,0.476,0.21,13.8,1.388,0.101,5.5,0.331,0.061,2.959,29.7,0,0,,Control,F,12
314,211004_14,E4HN_M,B,Day5,4,MWM_150,10/15/21,57.3,9.888,0.173,9.8,1.596,0.163,9.2,1.627,0.176,15.5,3.218,0.207,22.7,3.448,0.152,9.842,53.2,7,0.958,0.138,HFD,M,12
315,211004_15,E4HN_M,B,Day5,4,MWM_150,10/15/21,10,1.013,0.102,2,0.319,0.157,1.4,0.313,0.229,0,0,,6.6,0.381,0.058,1.013,5.9,0,0,,HFD,M,12
316,211004_16,E4HN_M,B,Day5,4,MWM_150,10/15/21,11.7,1.287,0.11,1.1,0.175,0.153,1.5,0.291,0.19,0,0,,9,0.821,0.091,1.199,7.6,0,0,,HFD,M,12
317,211004_17,E4HN_M,B,Day5,4,MWM_150,10/15/21,34.4,2.509,0.073,18.8,0.9,0.048,10,1.353,0.136,0,0,,5.6,0.255,0.045,2.463,30.3,17.3,0.856,0.049,HFD,M,12
318,211004_19,E44_M,A,Day5,4,MWM_150,10/15/21,9.4,1.042,0.111,2.1,0.36,0.174,0,0,,1.8,0.391,0.217,5.5,0.291,0.053,0.998,5.3,0,0,,Control,M,18
319,211004_20,E44_F,A,Day5,4,MWM_150,10/15/21,8.7,0.884,0.101,2.5,0.391,0.158,1.1,0.275,0.258,0,0,,5.2,0.218,0.042,0.842,4.7,0,0,,Control,F,18
320,211004_21,E4HN_M,B,Day5,4,MWM_150,10/15/21,11,1.141,0.104,3.9,0.635,0.164,0,0,,1.7,0.287,0.169,5.4,0.219,0.04,1.102,6.9,0,0,,Control,M,18
321,211004_1,E33_M,C,Probe_D5,1,MWM_150,10/15/21,60,12.057,0.201,2.7,0.646,0.242,10.3,2.096,0.203,6.7,1.464,0.22,40.4,7.851,0.194,0.675,2.5,4,0.588,0.148,Control,M,12
322,211004_2,E33_M,C,Probe_D5,1,MWM_150,10/15/21,60,13.374,0.223,10.1,2.357,0.234,11.1,2.514,0.227,10.4,2.231,0.214,28.4,6.271,0.221,1.107,4.4,7.4,1.205,0.164,Control,M,12
323,211004_3,E33_M,C,Probe_D5,1,MWM_150,10/15/21,60,11.938,0.199,8.1,1.531,0.189,1.4,0.295,0.216,13.3,2.89,0.217,37.2,7.221,0.194,0.855,3.5,2.5,0.256,0.101,Control,M,12
324,211004_5,E33_F,C,Probe_D5,1,MWM_150,10/15/21,60,9.935,0.166,2.2,0.333,0.154,12.6,1.886,0.15,8.2,1.311,0.159,37,6.406,0.173,2.57,15.2,3.7,0.484,0.132,HFD,F,12
325,211004_9,E33_F,C,Probe_D5,1,MWM_150,10/15/21,60,11.843,0.197,3.7,0.842,0.229,12.1,2.203,0.182,8.7,2.056,0.237,35.6,6.742,0.19,0.968,4.1,7.4,0.748,0.101,HFD,F,12
326,211004_10,E4HN_F,B,Probe_D5,1,MWM_150,10/15/21,60,11.024,0.184,3.1,0.592,0.189,8.6,1.504,0.175,14.2,2.674,0.188,34.1,6.254,0.184,1.383,8.5,2,0.339,0.172,Control,F,12
327,211004_11,E4HN_F,B,Probe_D5,1,MWM_150,10/15/21,60,10.043,0.167,19.1,2.315,0.121,6.4,1.32,0.205,21.1,3.698,0.175,13.3,2.71,0.204,6.484,43,3.6,0.556,0.153,Control,F,12
328,211004_12,E4HN_F,B,Probe_D5,1,MWM_150,10/15/21,60,9.731,0.162,26.1,3.178,0.122,10.7,2.161,0.203,6.9,1.124,0.164,16.4,3.268,0.199,3.394,28.5,7.5,0.717,0.095,Control,F,12
329,211004_13,E4HN_F,B,Probe_D5,1,MWM_150,10/15/21,60,8.615,0.144,23.3,2.439,0.105,5.1,1.007,0.198,22.8,3.31,0.145,8.8,1.86,0.21,,,4.1,0.546,0.132,Control,F,12
330,211004_14,E4HN_M,B,Probe_D5,1,MWM_150,10/15/21,60,9.889,0.165,9.6,1.629,0.169,6.4,1.095,0.17,9.3,1.716,0.184,34.6,5.449,0.157,1.658,13.8,3.4,0.538,0.16,HFD,M,12
331,211004_15,E4HN_M,B,Probe_D5,1,MWM_150,10/15/21,60,9.882,0.165,8.6,1.269,0.147,5.9,0.643,0.109,13.6,2.446,0.179,31.8,5.523,0.174,1.502,12.3,2.4,0.11,0.046,HFD,M,12
332,211004_16,E4HN_M,B,Probe_D5,1,MWM_150,10/15/21,60,11.329,0.189,9.8,1.758,0.18,7.1,1.292,0.182,22,4.286,0.195,21.1,3.993,0.189,,,7.2,1.312,0.181,HFD,M,12
333,211004_17,E4HN_M,B,Probe_D5,1,MWM_150,10/15/21,60,9.979,0.166,28.5,4.294,0.151,11.5,2.052,0.179,15,2.605,0.174,5.1,1.028,0.203,,,28.5,3.939,0.138,HFD,M,12
334,211004_19,E44_M,A,Probe_D5,1,MWM_150,10/15/21,60,11.865,0.198,3.4,0.718,0.213,10.5,1.915,0.183,15.9,3.367,0.212,30.3,5.865,0.194,1.065,4.2,4.7,0.874,0.185,Control,M,18
335,211004_20,E44_F,A,Probe_D5,1,MWM_150,10/15/21,60,10.325,0.172,6.5,1.078,0.166,4.5,0.932,0.209,12,1.993,0.166,37.1,6.321,0.171,1.117,6.6,1.1,0.137,0.125,Control,F,18
336,211004_21,E4HN_M,B,Probe_D5,1,MWM_150,10/15/21,60,10.012,0.167,6.4,0.986,0.153,17.1,2.675,0.157,7.6,1.567,0.207,28.9,4.784,0.165,3.515,27.5,2.2,0.455,0.207,Control,M,18
337,211004_1,E33_M,C,Probe_D8,1,MWM_150,10/18/21,60,12.618,0.21,10.5,1.969,0.188,12.9,2.614,0.202,9.4,2.201,0.235,27.2,5.833,0.214,1.684,8,1.7,0.404,0.235,Control,M,12
338,211004_2,E33_M,C,Probe_D8,1,MWM_150,10/18/21,60,12.962,0.216,6.5,1.535,0.235,16.5,3.659,0.222,10.5,2.448,0.233,26.5,5.32,0.201,1.968,9,8.1,1.925,0.238,Control,M,12
339,211004_3,E33_M,C,Probe_D8,1,MWM_150,10/18/21,60,11.792,0.197,7.3,1.263,0.174,3.5,0.67,0.19,16.4,3.302,0.201,32.8,6.557,0.2,0.893,4.4,13.3,1.773,0.134,Control,M,12
340,211004_5,E33_F,C,Probe_D8,1,MWM_150,10/18/21,60,11.149,0.186,3.5,0.617,0.178,13.4,2.225,0.166,11.3,2.092,0.185,31.9,6.216,0.195,1.681,9.4,4.2,0.538,0.128,HFD,F,12
341,211004_9,E33_F,C,Probe_D8,1,MWM_150,10/18/21,60,11.775,0.196,5.1,1.001,0.196,0,0,,20.2,4.712,0.234,34.7,6.062,0.175,3.944,17.3,14,2.32,0.165,HFD,F,12
342,211004_10,E4HN_F,B,Probe_D8,1,MWM_150,10/18/21,60,11.674,0.195,3.4,0.674,0.199,0.9,0.243,0.261,23.9,4.84,0.202,31.8,5.917,0.186,0.903,3.9,12.6,2.099,0.166,Control,F,12
343,211004_11,E4HN_F,B,Probe_D8,1,MWM_150,10/18/21,60,11.141,0.186,18.9,2.304,0.122,8.4,1.816,0.217,19.8,4.005,0.203,13,3.016,0.233,7.424,43,12.7,2.252,0.177,Control,F,12
344,211004_12,E4HN_F,B,Probe_D8,1,MWM_150,10/18/21,60,10.284,0.171,24.2,3.364,0.139,12.5,2.309,0.184,6.8,1.672,0.248,16.5,2.938,0.178,2.857,25,4.3,0.835,0.193,Control,F,12
345,211004_13,E4HN_F,B,Probe_D8,1,MWM_150,10/18/21,60,10.058,0.168,25.2,2.522,0.1,9,2.04,0.226,16,3.328,0.208,9.7,2.168,0.223,3.84,33.2,5,0.695,0.139,Control,F,12
346,211004_14,E4HN_M,B,Probe_D8,1,MWM_150,10/18/21,60,10.838,0.181,13.3,2.248,0.169,12.9,2.579,0.199,15,2.515,0.168,18.8,3.496,0.186,6.5,36.3,11.2,0.928,0.083,HFD,M,12
347,211004_15,E4HN_M,B,Probe_D8,1,MWM_150,10/18/21,60,10.843,0.181,8.4,1.669,0.198,9.3,1.634,0.176,14.9,2.933,0.196,27.3,4.607,0.169,1.402,8.9,8.4,1.194,0.142,HFD,M,12
348,211004_16,E4HN_M,B,Probe_D8,1,MWM_150,10/18/21,60,11.127,0.185,10.5,1.771,0.168,10.6,2.125,0.201,22.3,4.38,0.196,16.6,2.851,0.172,6.424,33.7,9.2,0.917,0.1,HFD,M,12
349,211004_17,E4HN_M,B,Probe_D8,1,MWM_150,10/18/21,60,10.856,0.181,27.9,4.303,0.154,27.8,5.59,0.201,2.7,0.613,0.23,1.6,0.35,0.214,,,12.8,2.23,0.174,HFD,M,12
350,211004_19,E44_M,A,Probe_D8,1,MWM_150,10/18/21,60,10.826,0.18,17.6,3.059,0.174,4.6,0.734,0.161,21.2,3.967,0.187,16.6,3.066,0.184,,,6.5,0.537,0.082,Control,M,18
351,211004_20,E44_F,A,Probe_D8,1,MWM_150,10/18/21,60,11.638,0.194,16.2,3.031,0.187,8.9,1.945,0.218,12.6,2.695,0.213,22.3,3.967,0.178,1.06,6.6,14,2.4,0.171,Control,F,18
352,211004_21,E4HN_M,B,Probe_D8,1,MWM_150,10/18/21,60,10.441,0.174,17.4,3.082,0.178,8.2,1.782,0.217,10.3,1.824,0.177,24.1,3.754,0.155,1.764,13.6,7.8,1.361,0.174,Control,M,18