Test,Animal,Treatment,Code,Stage,Trial,Apparatus,Date,Duration,Distance,Mean speed,NE : time,NE : distance,NE : average speed,NW : time,NW : distance,NW : average speed,SE : time,SE : distance,SE : average speed,SW : time,SW : distance,SW : latency to first entry,SW : average speed,Island : distance to first entry,Island : latency to first entry,Thigmitaxis : time,Thigmitaxis : distance,Thigmitaxis : average speed,Diet
1,190610_1,APOE44_males,A,Day1,1,MWM_150,6/10/19,54.1,11.929,0.22,0,0,,0.7,0.939,1.26,21.2,4.116,0.194,32.1,6.874,1.9,0.214,11.858,52,24.1,5.446,0.226,Control
2,190610_2,APOE44_males,A,Day1,1,MWM_150,6/10/19,60,16.965,0.283,0,0,,6.2,2.532,0.411,20.9,5.411,0.259,32.9,9.022,2.6,0.274,,,27.2,5.588,0.206,Control
3,190610_3,APOE44_males,A,Day1,1,MWM_150,6/10/19,45.9,9.929,0.216,0,0,,16.5,4.241,0.258,5.4,1.209,0.222,24,4.478,4,0.186,9.894,43.9,15.1,3.395,0.225,Control
4,190610_4,APOE44_males,A,Day1,1,MWM_150,6/10/19,8.9,1.557,0.175,0,0,,0,0,,2.5,0.443,0.179,6.4,1.114,1.9,0.173,1.45,6.8,0,0,,Control
5,190610_5,APOE44_males,A,Day1,1,MWM_150,6/10/19,43.2,12.458,0.288,0,0,,14.4,4.824,0.335,1.4,0.273,0.198,27.5,7.362,0,0.268,12.174,41.1,24.1,6.833,0.284,Control
6,190610_6,APOE44_females,B,Day1,1,MWM_150,6/10/19,60,11.456,0.191,24.5,4.726,0.193,0,0,,35.1,6.685,0.191,0,0,,,,,33.4,5.986,0.179,Control
7,190610_7,APOE44_females,B,Day1,1,MWM_150,6/10/19,54.7,10.47,0.191,0.8,0.121,0.154,19.9,3.47,0.174,5.1,0.54,0.105,28.9,6.34,0,0.22,10.359,52.7,28.7,5.341,0.186,Control
8,190610_8,APOE44_females,B,Day1,1,MWM_150,6/10/19,7.5,1.32,0.175,0,0,,1.5,0.259,0.168,0,0,,6,1.061,0,0.177,1.156,5.4,2.9,0.564,0.194,Control
9,190610_10,APOE44_females,B,Day1,1,MWM_150,6/10/19,60,16.942,0.282,3.3,0.8,0.246,14.8,3.705,0.251,11,3.209,0.293,31,9.227,0,0.297,,,9.1,3.823,0.418,Control
10,190610_1,APOE44_males,A,Day1,2,MWM_150,6/10/19,60,13.401,0.223,25.1,5.398,0.215,12.4,2.751,0.222,15.2,3.611,0.237,6.4,1.51,16.2,0.234,,,39.5,8.687,0.22,Control
11,190610_2,APOE44_males,A,Day1,2,MWM_150,6/10/19,48.3,9.934,0.206,16,3.444,0.216,3.5,0.77,0.221,18.2,3.887,0.213,10.6,1.833,8.6,0.173,9.863,46.2,23.1,4.522,0.196,Control
12,190610_3,APOE44_males,A,Day1,2,MWM_150,6/10/19,60,10.618,0.177,25.6,4.647,0.181,6,1.141,0.189,26.3,4.478,0.17,1.4,0.315,22.9,0.221,,,31.9,5.159,0.161,Control
13,190610_4,APOE44_males,A,Day1,2,MWM_150,6/10/19,60,12.694,0.212,7.3,1.701,0.232,22.4,4.113,0.183,11.3,2.494,0.22,18.9,4.387,2.4,0.232,,,21.8,4.658,0.214,Control
14,190610_5,APOE44_males,A,Day1,2,MWM_150,6/10/19,60,11.167,0.186,26.5,4.843,0.182,14.9,3.144,0.212,7.1,1.549,0.217,11.4,1.592,31.5,0.14,,,25.5,4.64,0.182,Control
15,190610_6,APOE44_females,B,Day1,2,MWM_150,6/10/19,60,9.893,0.165,36.5,5.579,0.153,13.9,2.599,0.186,5.8,1.162,0.199,2.4,0.313,57.6,0.13,,,39.1,6.009,0.154,Control
16,190610_7,APOE44_females,B,Day1,2,MWM_150,6/10/19,60,10.93,0.182,17.2,2.986,0.173,7.2,1.239,0.171,22.5,4.27,0.189,11.9,2.227,19.6,0.187,,,28.6,5.083,0.177,Control
17,190610_8,APOE44_females,B,Day1,2,MWM_150,6/10/19,60,10.129,0.169,39.1,6.603,0.169,5.7,0.793,0.14,13.3,2.419,0.182,0,0,,,,,41.6,6.384,0.153,Control
18,190610_10,APOE44_females,B,Day1,2,MWM_150,6/10/19,60,11.755,0.196,21,3.883,0.185,0.7,0.111,0.167,26.3,5.467,0.208,12,2.294,21.2,0.191,,,18.5,3.236,0.175,Control
19,190610_1,APOE44_males,A,Day1,3,MWM_150,6/10/19,60,9.78,0.163,23.2,3.669,0.158,18.7,2.443,0.131,14.3,2.916,0.204,3.6,0.666,39.5,0.185,,,37.3,5.097,0.137,Control
20,190610_2,APOE44_males,A,Day1,3,MWM_150,6/10/19,60,12.307,0.205,22.4,4.458,0.199,20.3,4.135,0.203,14.1,2.824,0.201,2.9,0.804,0,0.274,,,27.5,4.659,0.169,Control
21,190610_3,APOE44_males,A,Day1,3,MWM_150,6/10/19,60,7.982,0.133,19.7,2.654,0.135,36.9,5.036,0.137,0,0,,3.4,0.292,56.6,0.085,,,31.1,3.886,0.125,Control
22,190610_4,APOE44_males,A,Day1,3,MWM_150,6/10/19,17.3,2.144,0.124,0,0,,9.8,1.664,0.169,0,0,,7.5,0.48,9.4,0.064,2.108,15.2,0,0,,Control
23,190610_5,APOE44_males,A,Day1,3,MWM_150,6/10/19,60,23.722,0.395,0,0,,16.6,2.642,0.16,12.3,6.202,0.506,31.2,14.878,0,0.477,,,10.3,8.195,0.797,Control
24,190610_6,APOE44_females,B,Day1,3,MWM_150,6/10/19,60,10.644,0.177,15.8,2.712,0.172,13.2,2.303,0.174,14.2,3.028,0.213,16.8,2.601,19.1,0.155,,,11.5,2.189,0.191,Control
25,190610_7,APOE44_females,B,Day1,3,MWM_150,6/10/19,19.8,2.928,0.148,0,0,,8.9,1.626,0.183,0,0,,10.9,1.302,4.7,0.119,2.894,17.8,5.8,0.695,0.119,Control
26,190610_8,APOE44_females,B,Day1,3,MWM_150,6/10/19,53,12.469,0.235,0,0,,23.2,7.779,0.336,13.8,2.331,0.169,16,2.36,7.6,0.147,12.363,51,23,4.473,0.195,Control
27,190610_10,APOE44_females,B,Day1,3,MWM_150,6/10/19,16.1,2.953,0.184,5.2,1.01,0.193,5,1.178,0.236,0,0,,5.8,0.764,10.2,0.131,2.839,14,4.6,0.859,0.188,Control
28,190610_1,APOE44_males,A,Day1,4,MWM_150,6/10/19,60,9.334,0.156,23.7,3.8,0.16,9.4,1.648,0.176,22.1,3.083,0.14,4.5,0.709,14.8,0.158,,,39.9,5.663,0.142,Control
29,190610_2,APOE44_males,A,Day1,4,MWM_150,6/10/19,56,11.764,0.21,18.7,3.996,0.213,18.2,4.244,0.233,6.3,1.329,0.212,12.8,2.195,3.1,0.172,11.653,54,19,3.492,0.184,Control
30,190610_3,APOE44_males,A,Day1,4,MWM_150,6/10/19,60,10.227,0.17,29.3,4.823,0.164,7.8,1.477,0.189,17.8,2.925,0.164,4.8,0.956,7.8,0.197,,,25.7,3.836,0.15,Control
31,190610_4,APOE44_males,A,Day1,4,MWM_150,6/10/19,58,10.977,0.189,13.1,2.763,0.21,0.5,0.084,0.188,24.7,4.932,0.199,19.6,3.197,7.7,0.163,10.901,55.9,18.3,3.14,0.171,Control
32,190610_5,APOE44_males,A,Day1,4,MWM_150,6/10/19,18.2,2.709,0.149,0,0,,0,0,,13.4,2.24,0.167,4.8,0.469,13.4,0.097,2.675,16.2,5,0.719,0.143,Control
33,190610_6,APOE44_females,B,Day1,4,MWM_150,6/10/19,60,11.407,0.19,6.9,1.351,0.197,5.5,1.262,0.228,20.2,4.103,0.203,27.4,4.691,12.1,0.171,11.369,58.1,16.1,3.087,0.192,Control
34,190610_7,APOE44_females,B,Day1,4,MWM_150,6/10/19,22,3.366,0.153,1.4,0.23,0.169,0,0,,13.5,2.302,0.17,7.1,0.835,14.9,0.117,3.331,19.9,12.1,1.842,0.152,Control
35,190610_8,APOE44_females,B,Day1,4,MWM_150,6/10/19,9.8,1.427,0.145,0,0,,0,0,,4.3,0.718,0.165,5.5,0.71,3.7,0.13,1.316,7.7,1.5,0.157,0.106,Control
36,190610_10,APOE44_females,B,Day1,4,MWM_150,6/10/19,60,12.326,0.205,7.2,1.682,0.233,14.5,2.545,0.175,12.6,2.786,0.222,25.7,5.313,4.3,0.206,,,16.8,3.635,0.216,Control
37,190610_1,APOE44_males,A,Day2,1,MWM_150,6/11/19,26.3,2.946,0.112,17.7,1.395,0.079,0,0,,3.9,0.967,0.245,4.6,0.585,21.7,0.127,2.903,24.2,4.5,0.435,0.096,Control
38,190610_2,APOE44_males,A,Day2,1,MWM_150,6/11/19,60,13.803,0.23,18,3.709,0.206,25,5.612,0.224,11.7,3.313,0.284,5.3,1.169,29.2,0.221,,,23.7,5.519,0.233,Control
39,190610_3,APOE44_males,A,Day2,1,MWM_150,6/11/19,60,8.916,0.149,35.7,4.793,0.134,8.3,1.382,0.167,15,2.575,0.172,1,0.166,51.6,0.166,,,37.3,4.242,0.114,Control
40,190610_4,APOE44_males,A,Day2,1,MWM_150,6/11/19,15.6,2.806,0.18,6.2,1.18,0.191,0.9,0.226,0.244,3,0.62,0.206,5.5,0.779,8.2,0.143,2.806,13.5,0,0,,Control
41,190610_5,APOE44_males,A,Day2,1,MWM_150,6/11/19,60,12.151,0.203,16.1,3.579,0.223,1.1,0.218,0.191,36.9,7.025,0.19,5.9,1.329,14.4,0.226,,,19.4,3.193,0.164,Control
42,190610_6,APOE44_females,B,Day2,1,MWM_150,6/11/19,60,10.924,0.182,15.2,2.868,0.188,18.9,3.448,0.183,9.8,2.049,0.21,16.1,2.56,14.1,0.159,,,9,1.874,0.208,Control
43,190610_7,APOE44_females,B,Day2,1,MWM_150,6/11/19,12.4,1.852,0.149,1.4,0.296,0.205,0,0,,4,0.912,0.225,6.9,0.644,4.3,0.093,1.777,10.3,2,0.175,0.088,Control
44,190610_8,APOE44_females,B,Day2,1,MWM_150,6/11/19,34.1,7.079,0.208,6.9,1.538,0.222,8.5,1.618,0.19,12.6,2.472,0.197,6.1,1.452,9.3,0.239,6.61,32,2.8,0.664,0.239,Control
45,190610_10,APOE44_females,B,Day2,1,MWM_150,6/11/19,60,11.819,0.197,22.3,3.981,0.179,3.6,0.726,0.203,13.5,3.212,0.237,20.6,3.9,17.1,0.19,,,23.2,4.29,0.185,Control
46,190610_1,APOE44_males,A,Day2,2,MWM_150,6/11/19,7.3,1.544,0.211,0,0,,0,0,,1.9,0.771,0.408,5.4,0.773,1.9,0.142,1.419,5.3,1,0.257,0.26,Control
47,190610_2,APOE44_males,A,Day2,2,MWM_150,6/11/19,23.7,13.977,0.591,4.2,1.08,0.26,13.6,7.586,0.557,0.5,2.539,5.346,5.4,2.771,0.9,0.511,13.939,21.6,8.5,4.311,0.507,Control
48,190610_3,APOE44_males,A,Day2,2,MWM_150,6/11/19,16.5,3.977,0.241,0,0,,0.9,0.871,0.929,0.1,0.567,6.302,15.5,2.539,0,0.164,3.921,14.5,5.6,1.137,0.203,Control
49,190610_4,APOE44_males,A,Day2,2,MWM_150,6/11/19,7.3,0.795,0.109,0,0,,0,0,,0,0,,7.3,0.795,0,0.109,0.757,5.2,1.7,0.238,0.137,Control
50,190610_5,APOE44_males,A,Day2,2,MWM_150,6/11/19,60,20.528,0.342,5.7,1.155,0.204,15.2,5.717,0.377,12.1,4.483,0.371,27.1,9.174,0,0.339,,,13.7,6.336,0.463,Control
51,190610_6,APOE44_females,B,Day2,2,MWM_150,6/11/19,42,9.53,0.227,4.5,1.019,0.224,5.6,1.906,0.34,9.6,2.069,0.215,22.3,4.537,0,0.204,9.456,40,7.6,2.172,0.288,Control
52,190610_7,APOE44_females,B,Day2,2,MWM_150,6/11/19,56.7,9.425,0.166,4.9,0.626,0.127,11.8,2.035,0.172,20.8,3.532,0.17,19.2,3.231,0,0.169,9.339,54.7,14.8,2.152,0.145,Control
53,190610_8,APOE44_females,B,Day2,2,MWM_150,6/11/19,4.1,0.448,0.108,0,0,,1.7,0.373,0.222,0,0,,2.5,0.074,1.7,0.03,0.412,2,0,0,,Control
54,190610_10,APOE44_females,B,Day2,2,MWM_150,6/11/19,60,12.299,0.205,2.9,0.72,0.246,11.5,2.744,0.239,10.2,2.147,0.21,35.4,6.689,0,0.189,,,16,2.988,0.186,Control
55,190610_1,APOE44_males,A,Day2,3,MWM_150,6/11/19,37.5,7.984,0.213,1.6,0.374,0.228,11.5,2.597,0.226,5.8,1.449,0.248,18.6,3.564,3.8,0.192,7.949,35.5,8.1,1.636,0.201,Control
56,190610_2,APOE44_males,A,Day2,3,MWM_150,6/11/19,10.2,1.45,0.142,0,0,,0,0,,6.2,1.08,0.173,3.9,0.37,6.2,0.094,1.414,8.1,0,0,,Control
57,190610_3,APOE44_males,A,Day2,3,MWM_150,6/11/19,38.8,4.821,0.124,0,0,,0,0,,26.7,3.219,0.121,12.1,1.602,20.4,0.132,4.785,36.8,7.9,0.563,0.072,Control
58,190610_4,APOE44_males,A,Day2,3,MWM_150,6/11/19,60,9.373,0.156,3.6,0.764,0.213,6.6,1.226,0.185,15.2,1.929,0.127,34.5,5.454,8.6,0.158,,,9.6,1.305,0.136,Control
59,190610_5,APOE44_males,A,Day2,3,MWM_150,6/11/19,21,3.695,0.176,1.5,0.202,0.138,2.6,0.432,0.165,11.2,2.146,0.192,5.8,0.915,12.6,0.159,3.651,19,0.4,0.048,0.127,Control
60,190610_6,APOE44_females,B,Day2,3,MWM_150,6/11/19,29.4,17.098,0.582,6.3,1.112,0.178,8.2,7.542,0.923,5.6,5.257,0.945,9.4,3.186,0.9,0.34,17.098,27.3,1.5,0.815,0.552,Control
61,190610_7,APOE44_females,B,Day2,3,MWM_150,6/11/19,60,10.436,0.174,15.2,2.539,0.167,7.3,1.519,0.207,25.8,4.261,0.165,11.7,2.117,23.4,0.182,,,13.3,2.021,0.152,Control
62,190610_8,APOE44_females,B,Day2,3,MWM_150,6/11/19,10,1.351,0.136,0,0,,0,0,,1.4,0.262,0.193,8.6,1.089,1.4,0.126,1.351,7.9,0.7,0.083,0.128,Control
63,190610_10,APOE44_females,B,Day2,3,MWM_150,6/11/19,7.6,1.323,0.173,0,0,,0,0,,1.4,0.335,0.24,6.3,0.988,1.4,0.158,1.211,5.6,1.6,0.314,0.2,Control
64,190610_1,APOE44_males,A,Day2,4,MWM_150,6/11/19,37.1,6.981,0.188,15,3.133,0.209,19.8,3.665,0.185,0,0,,2.3,0.183,26.5,0.08,6.94,35,9.2,1.438,0.156,Control
65,190610_2,APOE44_males,A,Day2,4,MWM_150,6/11/19,31.5,8.241,0.262,10.5,1.874,0.178,9.5,3.113,0.327,7.6,2.744,0.362,3.8,0.511,14.4,0.134,8.159,29.4,5.5,1.788,0.327,Control
66,190610_3,APOE44_males,A,Day2,4,MWM_150,6/11/19,19,2.826,0.149,0,0,,13.1,2.159,0.165,0,0,,5.9,0.667,5.1,0.113,2.719,16.9,1.3,0.41,0.307,Control
67,190610_4,APOE44_males,A,Day2,4,MWM_150,6/11/19,28.4,4.279,0.151,2.1,0.376,0.178,12.5,1.639,0.132,3.3,0.808,0.248,10.5,1.455,0,0.138,4.245,26.3,9.3,1.204,0.13,Control
68,190610_5,APOE44_males,A,Day2,4,MWM_150,6/11/19,11.4,2.064,0.181,0,0,,6.6,1.645,0.249,0,0,,4.8,0.419,6.6,0.087,2.027,9.3,7.6,1.432,0.189,Control
69,190610_6,APOE44_females,B,Day2,4,MWM_150,6/11/19,6.2,0.532,0.086,0,0,,4.2,0.532,0.127,0,0,,2,0,4.2,0,0.532,4.2,0,0,,Control
70,190610_7,APOE44_females,B,Day2,4,MWM_150,6/11/19,37.5,5.896,0.157,8.4,1.376,0.164,10.9,1.515,0.139,8.4,1.645,0.195,9.7,1.36,24.3,0.14,5.822,35.4,4.6,0.659,0.144,Control
71,190610_8,APOE44_females,B,Day2,4,MWM_150,6/11/19,26.6,4.694,0.177,0.1,0.048,0.374,5.6,1.215,0.215,12,2.219,0.184,8.8,1.213,17.8,0.138,4.446,24.5,3.4,0.72,0.211,Control
72,190610_10,APOE44_females,B,Day2,4,MWM_150,6/11/19,19,3.381,0.178,0,0,,4.8,0.851,0.177,0,0,,14.2,2.53,3.8,0.179,3.056,16.9,4,0.704,0.176,Control
73,190610_1,APOE44_males,A,Day3,1,MWM_150,6/12/19,51.6,8.957,0.173,12.9,2.371,0.184,20.7,3.771,0.182,4.4,0.994,0.228,13.6,1.82,9.4,0.133,8.921,49.5,19.3,3.183,0.165,Control
74,190610_2,APOE44_males,A,Day3,1,MWM_150,6/12/19,11.2,2.995,0.266,0,0,,2.7,0.469,0.175,0,0,,8.6,2.526,2.7,0.295,2.953,9.1,2.7,0.469,0.175,Control
75,190610_3,APOE44_males,A,Day3,1,MWM_150,6/12/19,29.4,2.277,0.078,3.9,0.466,0.12,18.9,0.932,0.049,1,0.243,0.236,5.6,0.637,23.8,0.114,2.244,27.3,18.9,0.932,0.049,Control
76,190610_4,APOE44_males,A,Day3,1,MWM_150,6/12/19,49.9,8.483,0.17,6.4,1.184,0.185,26.5,4.341,0.164,3.1,0.735,0.236,13.8,2.222,4,0.161,8.408,47.8,18.3,2.916,0.159,Control
77,190610_5,APOE44_males,A,Day3,1,MWM_150,6/12/19,15.1,2.579,0.171,0,0,,10.9,1.94,0.178,0,0,,4.2,0.639,4.8,0.153,2.495,12.9,1,0.35,0.368,Control
78,190610_6,APOE44_females,B,Day3,1,MWM_150,6/12/19,14.5,2.319,0.16,0,0,,4.2,0.748,0.176,4.2,0.697,0.165,6,0.875,4.2,0.145,2.244,12.4,2.6,0.279,0.109,Control
79,190610_7,APOE44_females,B,Day3,1,MWM_150,6/12/19,8.8,4.308,0.49,0,0,,3.7,2.552,0.695,0,0,,5.1,1.756,0.9,0.343,4.218,6.7,0,0,,Control
80,190610_8,APOE44_females,B,Day3,1,MWM_150,6/12/19,22.3,4.246,0.19,3,0.719,0.242,2.2,0.329,0.151,6.1,1.214,0.199,11,1.984,6.9,0.18,4.246,20.2,2.7,0.548,0.206,Control
81,190610_10,APOE44_females,B,Day3,1,MWM_150,6/12/19,16.7,2.678,0.16,0.3,0.064,0.184,1.5,0.251,0.172,1,0.219,0.227,13.9,2.144,0.4,0.154,2.678,14.6,0,0,,Control
82,190610_1,APOE44_males,A,Day3,2,MWM_150,6/12/19,25.7,5.244,0.204,7.5,1.458,0.193,11.2,2.459,0.22,2.8,0.795,0.287,4.2,0.533,21.5,0.127,5.169,23.6,1.6,0.23,0.146,Control
83,190610_2,APOE44_males,A,Day3,2,MWM_150,6/12/19,25.8,6.179,0.24,2.7,0.829,0.311,5.6,1.447,0.257,2.7,0.842,0.312,14.8,3.062,1.1,0.207,6.179,23.7,4.7,0.998,0.212,Control
84,190610_3,APOE44_males,A,Day3,2,MWM_150,6/12/19,21.8,1.738,0.08,12.8,0.713,0.056,0,0,,0.7,0.126,0.192,8.4,0.899,13.4,0.107,1.663,19.8,0,0,,Control
85,190610_4,APOE44_males,A,Day3,2,MWM_150,6/12/19,50.2,8.663,0.172,9.8,2.068,0.212,7.6,1.587,0.208,11,2.167,0.198,21.9,2.841,10.1,0.13,8.629,48.1,12.5,2.059,0.165,Control
86,190610_5,APOE44_males,A,Day3,2,MWM_150,6/12/19,27.1,5.257,0.194,2.3,0.546,0.234,12.3,2.464,0.201,7,1.511,0.216,5.5,0.736,12.5,0.135,5.168,25,5.3,0.864,0.162,Control
87,190610_6,APOE44_females,B,Day3,2,MWM_150,6/12/19,9.3,1.642,0.176,0.9,0.26,0.279,1.4,0.52,0.368,0,0,,7,0.861,2.3,0.124,1.542,7.2,0,0,,Control
88,190610_7,APOE44_females,B,Day3,2,MWM_150,6/12/19,14.2,2.112,0.149,3.3,0.527,0.161,2,0.378,0.191,4.9,0.97,0.197,4,0.237,10.2,0.059,2.067,12.2,0,0,,Control
89,190610_8,APOE44_females,B,Day3,2,MWM_150,6/12/19,58.9,10.529,0.179,13.9,2.425,0.175,17.5,3.104,0.178,12.8,2.318,0.181,14.7,2.683,10.5,0.182,10.491,56.8,4.7,0.49,0.105,Control
90,190610_10,APOE44_females,B,Day3,2,MWM_150,6/12/19,12.9,1.929,0.15,0.9,0.258,0.275,0.3,0.114,0.34,0,0,,11.6,1.557,1.3,0.134,1.889,10.8,0,0,,Control
91,190610_1,APOE44_males,A,Day3,3,MWM_150,6/12/19,21,2.29,0.109,0,0,,2.7,0.356,0.129,6.4,0.65,0.102,11.8,1.285,3.2,0.109,2.239,18.9,0,0,,Control
92,190610_2,APOE44_males,A,Day3,3,MWM_150,6/12/19,10.3,1.758,0.172,0,0,,0,0,,1.3,0.371,0.296,9,1.387,1.3,0.154,1.704,8.2,0,0,,Control
93,190610_3,APOE44_males,A,Day3,3,MWM_150,6/12/19,23.4,2.913,0.124,0,0,,4.1,0.696,0.171,4.7,0.644,0.136,14.6,1.573,4.7,0.108,2.913,21.4,0.4,0.114,0.26,Control
94,190610_4,APOE44_males,A,Day3,3,MWM_150,6/12/19,16.7,1.079,0.065,0,0,,0,0,,3,0.432,0.144,13.7,0.647,3,0.047,1.041,14.6,0,0,,Control
95,190610_5,APOE44_males,A,Day3,3,MWM_150,6/12/19,31.9,5.54,0.174,0.7,0.109,0.167,0,0,,14.2,2.678,0.189,17.1,2.752,3.3,0.161,5.463,29.9,2.5,0.377,0.148,Control
96,190610_6,APOE44_females,B,Day3,3,MWM_150,6/12/19,6.3,0.858,0.137,0,0,,0,0,,2.8,0.543,0.193,3.4,0.315,2.8,0.091,0.858,4.2,0,0,,Control
97,190610_7,APOE44_females,B,Day3,3,MWM_150,6/12/19,7.7,0.904,0.117,0,0,,0,0,,2.9,0.387,0.135,4.8,0.517,2.9,0.107,0.87,5.6,0,0,,Control
98,190610_8,APOE44_females,B,Day3,3,MWM_150,6/12/19,18.1,2.967,0.164,0,0,,3.7,0.738,0.199,6.8,1.196,0.176,7.6,1.033,6.8,0.137,2.931,16,0,0,,Control
99,190610_10,APOE44_females,B,Day3,3,MWM_150,6/12/19,53,8.866,0.167,2,0.34,0.17,2.5,0.455,0.185,13.7,2.715,0.198,34.8,5.356,1.5,0.154,8.792,51,11.5,2.102,0.182,Control
100,190610_1,APOE44_males,A,Day3,4,MWM_150,6/12/19,50.3,9.302,0.185,2.9,0.622,0.218,19.4,3.53,0.182,2.3,0.471,0.207,25.7,4.679,0,0.182,9.265,48.2,2.9,0.513,0.18,Control
101,190610_2,APOE44_males,A,Day3,4,MWM_150,6/12/19,9,1.51,0.168,0,0,,1.2,0.242,0.202,0.1,0,0,7.7,1.268,1.2,0.165,1.44,7,0,0,,Control
102,190610_3,APOE44_males,A,Day3,4,MWM_150,6/12/19,19.3,3.491,0.181,4.3,0.78,0.181,3.9,0.925,0.235,3.9,0.844,0.216,7.2,0.943,1,0.132,3.491,17.3,0.7,0.12,0.18,Control
103,190610_4,APOE44_males,A,Day3,4,MWM_150,6/12/19,7.4,0.842,0.114,0,0,,0,0,,0,0,,7.4,0.842,0,0.114,0.803,5.2,0,0,,Control
104,190610_5,APOE44_males,A,Day3,4,MWM_150,6/12/19,23.6,4.563,0.193,1.2,0.315,0.258,2.3,0.578,0.247,8.5,1.957,0.23,11.5,1.714,3.7,0.149,4.488,21.5,0,0.353,27.145,Control
105,190610_6,APOE44_females,B,Day3,4,MWM_150,6/12/19,6.8,0.854,0.125,0,0,,0,0,,2,0.366,0.187,4.8,0.487,2,0.101,0.812,4.8,0.6,0.12,0.213,Control
106,190610_7,APOE44_females,B,Day3,4,MWM_150,6/12/19,9.5,0.888,0.093,0,0,,0,0,,0,0,,9.5,0.888,0,0.093,0.851,7.5,0,0,,Control
107,190610_8,APOE44_females,B,Day3,4,MWM_150,6/12/19,26.1,7.068,0.271,2.4,0.571,0.239,7.1,1.905,0.267,3.8,0.798,0.21,12.8,3.794,0,0.297,5.693,24,0,0,,Control
108,190610_10,APOE44_females,B,Day3,4,MWM_150,6/12/19,7.7,0.733,0.095,0,0,,0,0,,0,0,,7.7,0.733,0,0.095,0.661,5.6,0,0,,Control
112,190610_4,APOE44_males,A,Day4,1,MWM_150,6/13/19,7.9,0,0,0,0,,0,0,,0,0,,0,0,,,,,0,0,,Control
113,190610_5,APOE44_males,A,Day4,1,MWM_150,6/13/19,5.1,0.546,0.107,0,0,,0,0,,0,0,,5.1,0.546,0,0.107,0.479,3,0,0,,Control
114,190610_6,APOE44_females,B,Day4,1,MWM_150,6/13/19,4.5,0.556,0.124,0,0,,0,0,,0,0,,4.5,0.556,0,0.124,0.521,2.4,0,0,,Control
115,190610_7,APOE44_females,B,Day4,1,MWM_150,6/13/19,4.2,0.585,0.138,0,0,,0,0,,0,0,,4.2,0.585,0,0.138,0.516,2.2,0,0,,Control
116,190610_8,APOE44_females,B,Day4,1,MWM_150,6/13/19,3.5,0.413,0.117,0,0,,0,0,,0,0,,3.5,0.413,0,0.117,0.34,1.4,0,0,,Control
117,190610_10,APOE44_females,B,Day4,1,MWM_150,6/13/19,49.2,7.766,0.158,0,0,,0,0,,10.1,1.821,0.18,39.1,5.945,1.4,0.152,7.697,47.1,19,3.169,0.167,Control
118,190610_1,APOE44_males,A,Day4,1,MWM_150,6/13/19,6.6,0,0,0,0,,0,0,,0,0,,6.6,0,0,0,,,6.6,0,0,Control
119,190610_2,APOE44_males,A,Day4,1,MWM_150,6/13/19,19.1,3.165,0.166,0,0,,0,0,,3.5,0.823,0.234,15.6,2.342,0,0.15,3.131,17.1,0,0,,Control
120,190610_3,APOE44_males,A,Day4,1,MWM_150,6/13/19,12.6,1.308,0.103,0,0,,0,0,,0,0,,12.6,1.308,0,0.103,1.274,10.6,3.2,0.184,0.057,Control
121,190610_4,APOE44_males,A,Day4,2,MWM_150,6/13/19,19.7,2.068,0.105,0,0,,9.5,0.86,0.091,3.1,0.564,0.18,7,0.645,3.1,0.092,1.988,17.6,0.4,0.038,0.088,Control
122,190610_5,APOE44_males,A,Day4,2,MWM_150,6/13/19,14.9,2.464,0.165,1,0.332,0.34,2.5,0.284,0.113,1.4,0.305,0.223,10,1.542,2.3,0.153,2.41,12.8,0.7,0.105,0.157,Control
123,190610_6,APOE44_females,B,Day4,2,MWM_150,6/13/19,21.1,0,0,0,0,,0,0,,21.1,0,0,0,0,,,,,20.7,0,0,Control
124,190610_7,APOE44_females,B,Day4,2,MWM_150,6/13/19,3.9,0.387,0.098,0,0,,0,0,,0,0,,3.9,0.387,0,0.098,0.317,1.8,0,0,,Control
125,190610_8,APOE44_females,B,Day4,2,MWM_150,6/13/19,2.8,0.153,0.055,0,0,,0,0,,0,0,,2.8,0.153,0,0.055,0.153,0.7,0,0,,Control
126,190610_10,APOE44_females,B,Day4,2,MWM_150,6/13/19,46,12.091,0.263,3.8,0.937,0.247,2.9,1.438,0.5,15.3,3.411,0.222,24,6.304,6.1,0.263,11.739,43.9,1.7,0.199,0.12,Control
127,190610_1,APOE44_males,A,Day4,2,MWM_150,6/13/19,27.2,22.105,0.812,0.5,0.113,0.21,4.1,4.935,1.201,11,10.139,0.924,11.6,6.918,0,0.596,22.067,25.2,0.5,0.208,0.452,Control
128,190610_2,APOE44_males,A,Day4,2,MWM_150,6/13/19,16.5,3.587,0.218,5.1,1.088,0.212,4.1,0.873,0.215,1.2,0.274,0.236,6.1,1.352,0.7,0.221,3.22,14.4,3.6,0.695,0.194,Control
129,190610_3,APOE44_males,A,Day4,2,MWM_150,6/13/19,27.8,4.204,0.151,0,0,,6.1,0.492,0.08,8.4,1.385,0.165,13.3,2.327,2.1,0.175,4.157,25.8,2,0.408,0.208,Control
130,190610_4,APOE44_males,A,Day4,3,MWM_150,6/13/19,8,1.556,0.195,0,0,,3.5,1.041,0.294,0,0,,4.4,0.515,1.3,0.116,1.52,5.9,0,0,,Control
131,190610_5,APOE44_males,A,Day4,3,MWM_150,6/13/19,18.4,2.173,0.118,0,0,,10.8,1.532,0.141,0,0,,7.6,0.641,6.2,0.084,2.132,16.4,0,0,,Control
132,190610_6,APOE44_females,B,Day4,3,MWM_150,6/13/19,15,2.648,0.177,0,0,,7,1.588,0.225,2.2,0.325,0.144,5.7,0.735,0.3,0.129,2.612,12.9,0,0,,Control
133,190610_7,APOE44_females,B,Day4,3,MWM_150,6/13/19,9.9,1.232,0.124,0,0,,1,0.146,0.144,0,0,,8.9,1.086,1,0.122,1.079,7.9,0,0,,Control
134,190610_8,APOE44_females,B,Day4,3,MWM_150,6/13/19,4.7,0.769,0.164,0,0,,1.2,0.348,0.279,0,0,,3.5,0.422,0.6,0.122,0.769,2.6,0.6,0.306,0.476,Control
135,190610_10,APOE44_females,B,Day4,3,MWM_150,6/13/19,10.8,1.267,0.118,0,0,,5.9,0.943,0.16,0,0,,4.9,0.324,4.7,0.067,1.267,8.7,0,0,,Control
136,190610_1,APOE44_males,A,Day4,3,MWM_150,6/13/19,13.6,1.715,0.126,0,0,,5,0.912,0.181,0,0,,8.6,0.803,5,0.093,1.673,11.5,0,0,,Control
137,190610_2,APOE44_males,A,Day4,3,MWM_150,6/13/19,12.1,3.084,0.254,0,0,,8.8,2.092,0.238,0,0,,3.4,0.993,7.2,0.296,3.034,10.1,0,0,,Control
138,190610_3,APOE44_males,A,Day4,3,MWM_150,6/13/19,13.9,3.12,0.225,0.9,0.211,0.242,3.7,0.943,0.255,3.7,0.839,0.229,5.7,1.126,1.5,0.199,2.762,11.8,0,0,,Control
139,190610_4,APOE44_males,A,Day4,4,MWM_150,6/13/19,21.8,2.467,0.113,2.2,0.346,0.156,9.7,1.007,0.104,0.3,0.336,1.131,9.5,0.777,12.2,0.082,2.432,19.7,0,0,,Control
140,190610_5,APOE44_males,A,Day4,4,MWM_150,6/13/19,12.5,1.889,0.151,0,0,,3.5,0.715,0.206,1.1,0.253,0.237,7.9,0.922,0,0.116,1.813,10.4,0,0,,Control
141,190610_6,APOE44_females,B,Day4,4,MWM_150,6/13/19,7.2,1.18,0.164,1.1,0.343,0.304,0,0,,0.1,0.049,0.377,5.9,0.788,1.3,0.133,1.102,5.1,0,0,,Control
142,190610_7,APOE44_females,B,Day4,4,MWM_150,6/13/19,15.1,2.261,0.149,1.7,0.326,0.191,0,0,,4.6,0.676,0.146,8.8,1.259,4.6,0.143,2.223,13.1,0,0,,Control
143,190610_8,APOE44_females,B,Day4,4,MWM_150,6/13/19,6.3,1.102,0.175,1.2,0.27,0.231,1.8,0.565,0.308,0,0,,3.3,0.266,3,0.081,1.06,4.3,0,0,,Control
144,190610_10,APOE44_females,B,Day4,4,MWM_150,6/13/19,8.8,0.998,0.113,0,0,,0,0,,2,0.198,0.101,6.9,0.8,2,0.117,0.902,6.7,0,0,,Control
145,190610_1,APOE44_males,A,Day4,4,MWM_150,6/13/19,18.2,7.919,0.435,7.3,3.238,0.441,2.7,0.692,0.257,4,1.428,0.359,4.2,2.561,0.7,0.615,7.844,16.1,0.5,1.413,3.059,Control
146,190610_2,APOE44_males,A,Day4,4,MWM_150,6/13/19,21.6,3.715,0.172,1,0.219,0.221,6.5,1.263,0.195,2.2,0.525,0.238,11.9,1.708,3.2,0.144,3.639,19.5,0,0,,Control
147,190610_3,APOE44_males,A,Day4,4,MWM_150,6/13/19,34,6.266,0.184,2.9,0.613,0.213,10.2,2.049,0.201,4.7,1.003,0.213,16.3,2.6,3.4,0.16,6.266,32,6.8,1.551,0.229,Control
148,190610_1,APOE44_males,A,Day5,1,MWM_150,6/14/19,24.7,2.699,0.109,0,0,,3.6,0.487,0.135,0.6,0.042,0.073,20.5,2.17,0,0.106,2.512,16.2,0.4,0.04,0.108,Control
149,190610_2,APOE44_males,A,Day5,1,MWM_150,6/14/19,8.5,1.191,0.141,0,0,,2.2,0.419,0.19,0,0,,6.3,0.772,0,0.123,0.037,0.5,0,0,,Control
150,190610_3,APOE44_males,A,Day5,1,MWM_150,6/14/19,8.8,0.976,0.111,0,0,,0,0,,0,0,,8.8,0.976,0,0.111,0.872,5.8,0,0,,Control
151,190610_4,APOE44_males,A,Day5,1,MWM_150,6/14/19,14.7,1.862,0.127,0,0,,2.7,0.421,0.158,0,0,,12,1.441,0,0.12,1.776,12.4,0,0,,Control
152,190610_5,APOE44_males,A,Day5,1,MWM_150,6/14/19,3.6,0.344,0.097,0,0,,0,0,,0,0,,3.6,0.344,0,0.097,0.226,1.6,0,0,,Control
153,190610_6,APOE44_females,B,Day5,1,MWM_150,6/14/19,15.8,2.375,0.15,3,0.686,0.226,3.3,0.436,0.132,1.5,0.485,0.323,8,0.767,0,0.096,2.272,12.7,0,0,,Control
154,190610_7,APOE44_females,B,Day5,1,MWM_150,6/14/19,7.5,1.055,0.141,0,0,,0,0,,3.4,0.843,0.25,4.1,0.212,3.4,0.051,1.013,4.9,3.4,0.843,0.25,Control
155,190610_8,APOE44_females,B,Day5,1,MWM_150,6/14/19,34.6,4.999,0.144,0,0,,15.3,1.976,0.129,2.7,0.512,0.19,16.6,2.511,0,0.151,4.96,32.8,0,0,,Control
156,190610_10,APOE44_females,B,Day5,1,MWM_150,6/14/19,48.2,8.414,0.175,2.1,0.568,0.266,1.9,0.549,0.294,32,5.379,0.168,12.2,1.917,0,0.157,8.379,46.6,0,0,,Control
157,190610_1,APOE44_males,A,Day5,2,MWM_150,6/14/19,13.1,2.066,0.157,0.1,0,0,4.5,0.628,0.141,3,0.78,0.256,5.5,0.658,3.2,0.12,1.991,11.1,1,0.425,0.436,Control
158,190610_2,APOE44_males,A,Day5,2,MWM_150,6/14/19,4.7,0.563,0.12,0,0,,0,0,,0.4,0,0,4.3,0.563,0.4,0.13,0.459,2.6,0,0,,Control
159,190610_3,APOE44_males,A,Day5,2,MWM_150,6/14/19,8.8,0,0,0,0,,0,0,,8.8,0,0,0,0,,,,,8.8,0,0,Control
160,190610_4,APOE44_males,A,Day5,2,MWM_150,6/14/19,27.8,4.624,0.166,0,0,,6.7,1.228,0.183,6.7,1.341,0.201,14.5,2.055,1.6,0.142,4.557,25.7,0.4,0.038,0.105,Control
161,190610_5,APOE44_males,A,Day5,2,MWM_150,6/14/19,13.5,2.184,0.162,0.1,0,0,1.8,0.397,0.225,1.9,0.378,0.198,9.7,1.409,1.5,0.146,2.117,11.4,0,0,,Control
162,190610_6,APOE44_females,B,Day5,2,MWM_150,6/14/19,16.9,2.574,0.152,0,0,,0.9,0.073,0.081,2.4,0.433,0.179,13.6,2.069,1.6,0.152,2.574,14.8,0,0,,Control
163,190610_7,APOE44_females,B,Day5,2,MWM_150,6/14/19,20.9,2.744,0.131,0,0,,0,0,,8.7,1.542,0.178,12.2,1.201,8.7,0.098,2.699,18.8,7.5,0.912,0.122,Control
164,190610_8,APOE44_females,B,Day5,2,MWM_150,6/14/19,14.5,1.752,0.121,0.5,0.034,0.067,6.1,0.865,0.141,0.5,0.043,0.089,7.4,0.811,0.5,0.11,1.678,12.5,0,0,,Control
165,190610_10,APOE44_females,B,Day5,2,MWM_150,6/14/19,19.3,3.556,0.184,0,0,,0,0,,6.1,0.93,0.153,13.2,2.626,1.9,0.198,3.44,17.2,0.4,0.042,0.105,Control
166,190610_1,APOE44_males,A,Day5,3,MWM_150,6/14/19,21.3,2.549,0.12,0,0,,8.6,1.098,0.128,0,0,,12.7,1.451,5.2,0.115,2.474,19.2,0,0,,Control
167,190610_2,APOE44_males,A,Day5,3,MWM_150,6/14/19,18.1,2.826,0.156,0,0,,14.8,2.612,0.177,0,0,,3.3,0.214,5.6,0.065,2.792,16,1.1,0.069,0.061,Control
168,190610_3,APOE44_males,A,Day5,3,MWM_150,6/14/19,17.7,2.373,0.134,0,0,,9,1.542,0.172,0,0,,8.8,0.831,9,0.095,2.304,15.6,2.7,0.46,0.17,Control
169,190610_4,APOE44_males,A,Day5,3,MWM_150,6/14/19,10.2,1.279,0.125,0,0,,1.9,0.367,0.189,0,0,,8.3,0.912,1.9,0.11,1.207,8.2,0,0,,Control
170,190610_5,APOE44_males,A,Day5,3,MWM_150,6/14/19,6.4,0.879,0.138,0,0,,3,0.608,0.2,0,0,,3.3,0.271,3,0.082,0.773,4.3,0,0,,Control
171,190610_6,APOE44_females,B,Day5,3,MWM_150,6/14/19,12.4,1.625,0.131,0,0,,7.3,1.208,0.166,0,0,,5.1,0.417,7.3,0.081,1.59,10.4,1.5,0.315,0.21,Control
172,190610_7,APOE44_females,B,Day5,3,MWM_150,6/14/19,11.7,1.275,0.109,0,0,,5.5,0.847,0.153,0,0,,6.2,0.428,5.5,0.069,1.24,9.6,0,0,,Control
173,190610_8,APOE44_females,B,Day5,3,MWM_150,6/14/19,14.7,1.239,0.084,0,0,,4.7,0.584,0.125,0,0,,10,0.655,4,0.065,1.101,12.6,1.3,0.116,0.086,Control
174,190610_10,APOE44_females,B,Day5,3,MWM_150,6/14/19,15,2.289,0.153,1.4,0.213,0.152,7.4,1.408,0.19,0,0,,6.2,0.668,0.9,0.108,2.253,12.9,0,0,,Control
175,190610_1,APOE44_males,A,Day5,4,MWM_150,6/14/19,14,1.804,0.129,4.6,0.608,0.131,0.8,0.185,0.241,0,0,,8.6,1.012,5.4,0.117,1.766,11.9,0.5,0.073,0.157,Control
176,190610_2,APOE44_males,A,Day5,4,MWM_150,6/14/19,5.8,0.927,0.16,1.2,0.15,0.129,1.7,0.541,0.318,0,0,,2.9,0.236,2.9,0.08,0.846,3.7,0,0,,Control
177,190610_3,APOE44_males,A,Day5,4,MWM_150,6/14/19,10.4,0.746,0.072,0,0,,6,0.512,0.086,0,0,,4.4,0.234,6,0.053,0.671,8.3,0,0,,Control
178,190610_4,APOE44_males,A,Day5,4,MWM_150,6/14/19,16,2.439,0.153,2.2,0.413,0.192,4.2,0.573,0.136,1.8,0.343,0.194,7.9,1.111,1.4,0.141,2.332,13.9,0,0,,Control
179,190610_5,APOE44_males,A,Day5,4,MWM_150,6/14/19,14.6,2.805,0.192,1.3,0.28,0.216,3.8,0.893,0.237,0,0,,9.6,1.632,2.3,0.171,2.69,12.6,0,0,,Control
180,190610_6,APOE44_females,B,Day5,4,MWM_150,6/14/19,25.8,4.035,0.157,2,0.35,0.177,7.6,1.201,0.157,0.9,0.197,0.219,15.3,2.288,1.6,0.15,4.001,23.7,0,0,,Control
181,190610_7,APOE44_females,B,Day5,4,MWM_150,6/14/19,60,10.21,0.17,11,1.636,0.148,19,3.38,0.178,12.4,2.315,0.187,17.6,2.879,5.6,0.164,,,4.4,0.81,0.185,Control
182,190610_8,APOE44_females,B,Day5,4,MWM_150,6/14/19,22.6,2.751,0.121,1.1,0.23,0.207,7.7,0.99,0.128,0,0,,13.8,1.531,8.8,0.111,2.645,20.5,1.3,0.202,0.155,Control
183,190610_10,APOE44_females,B,Day5,4,MWM_150,6/14/19,8.5,0.725,0.085,0.7,0.109,0.154,0.3,0.044,0.133,0,0,,7.5,0.572,1,0.076,0.69,6.5,0,0,,Control
184,190610_1,APOE44_males,A,Probe_D5,1,MWM_150,6/14/19,60,11.141,0.186,15.5,3.032,0.196,19.4,3.416,0.176,8.8,1.625,0.184,16.3,3.068,4.6,0.188,,,9.5,1.672,0.177,Control
185,190610_2,APOE44_males,A,Probe_D5,1,MWM_150,6/14/19,60,12.579,0.21,9.7,2.051,0.212,8.5,2.069,0.242,6.9,1.75,0.255,34.9,6.71,5.5,0.192,1.658,8.4,0.4,0.094,0.246,Control
186,190610_3,APOE44_males,A,Probe_D5,1,MWM_150,6/14/19,60,9.942,0.166,1.2,0.187,0.151,9.6,1.734,0.181,1.1,0.183,0.171,48.1,7.838,2.8,0.163,0.917,3.8,15.6,2.574,0.165,Control
187,190610_4,APOE44_males,A,Probe_D5,1,MWM_150,6/14/19,60,9.79,0.163,9.4,2.049,0.219,29.3,4.208,0.143,7.5,1.563,0.209,13.8,1.97,5.6,0.142,,,2,0.247,0.125,Control
188,190610_5,APOE44_males,A,Probe_D5,1,MWM_150,6/14/19,60,13.286,0.221,11.7,2.559,0.219,15.2,3.347,0.22,12.3,2.955,0.24,20.8,4.425,4,0.213,3.159,14.5,15.1,2.913,0.193,Control
189,190610_6,APOE44_females,B,Probe_D5,1,MWM_150,6/14/19,60,10.668,0.178,5,1.006,0.202,3.6,0.941,0.259,9.7,1.924,0.198,41.7,6.798,2.2,0.163,0.887,3.4,4.2,0.506,0.121,Control
190,190610_7,APOE44_females,B,Probe_D5,1,MWM_150,6/14/19,60,11.267,0.188,17.8,3.121,0.175,13.4,2.614,0.195,8.5,1.752,0.205,20.2,3.78,8.1,0.187,1.919,10.8,6.8,1.161,0.17,Control
191,190610_8,APOE44_females,B,Probe_D5,1,MWM_150,6/14/19,60,9.983,0.166,5.3,0.963,0.182,24.6,3.916,0.159,5.1,1.104,0.218,25.1,4.001,16.7,0.16,2.761,18.9,5.3,0.758,0.144,Control
192,190610_10,APOE44_females,B,Probe_D5,1,MWM_150,6/14/19,60,11.917,0.199,7.4,1.634,0.22,25.5,5.804,0.228,1.9,0.438,0.231,25.2,4.041,3.6,0.161,1.07,5.2,3.3,0.499,0.15,Control
193,190610_9,APOE44_females,B,Day1,1,MWM_150,6/17/19,60,12.318,0.205,27,5.115,0.19,19.4,4.029,0.208,10.4,2.477,0.238,3.3,0.697,0,0.214,,,29.7,5.433,0.183,Control
194,190610_9,APOE44_females,B,Day1,2,MWM_150,6/17/19,60,10.134,0.169,18.9,3.36,0.178,37.6,6.423,0.171,0,0,,3.5,0.352,47.8,0.1,,,15.9,2.191,0.138,Control
195,190610_9,APOE44_females,B,Day1,3,MWM_150,6/17/19,60,10.926,0.182,2,0.507,0.253,32.3,5.446,0.169,3.8,0.77,0.203,21.9,4.203,20.1,0.192,,,28.8,4.638,0.161,Control
196,190610_9,APOE44_females,B,Day1,4,MWM_150,6/17/19,60,9.349,0.156,0,0,,11.6,1.984,0.172,12.2,1.559,0.127,36.2,5.806,0,0.16,,,27,3.63,0.135,Control
197,190610_1,APOE44_males,A,Probe_D8,1,MWM_150,6/17/19,60,12.031,0.201,17.7,3.425,0.194,6.8,1.42,0.209,18.5,3.737,0.202,17,3.449,19,0.203,9.336,47.7,2.1,0.815,0.394,Control
198,190610_2,APOE44_males,A,Probe_D8,1,MWM_150,6/17/19,60,9.431,0.157,2.7,0.616,0.224,15.6,2.1,0.135,2.8,0.484,0.173,38.9,6.231,6,0.16,1.906,14.1,3.9,0.602,0.153,Control
199,190610_3,APOE44_males,A,Probe_D8,1,MWM_150,6/17/19,60,13.065,0.218,4.1,0.944,0.231,15.2,3.081,0.203,16.1,3.722,0.232,24.7,5.317,5,0.216,4.024,17.7,14.1,2.529,0.18,Control
200,190610_4,APOE44_males,A,Probe_D8,1,MWM_150,6/17/19,60,11.124,0.185,5.6,1.268,0.227,16.8,2.733,0.163,9.9,1.941,0.197,27.7,5.181,3.1,0.187,10.659,57.8,9.6,1.408,0.146,Control
201,190610_5,APOE44_males,A,Probe_D8,1,MWM_150,6/17/19,60,14.071,0.235,5.8,1.244,0.216,12.5,2.928,0.235,12.5,3.06,0.244,29.2,6.838,4.5,0.234,1.252,5.9,2.1,0.417,0.202,Control
202,190610_6,APOE44_females,B,Probe_D8,1,MWM_150,6/17/19,60,12.384,0.206,5.4,1.367,0.253,13,2.696,0.207,13.1,2.845,0.217,28.5,5.476,6.4,0.192,4.845,22.9,5.8,0.926,0.159,Control
203,190610_7,APOE44_females,B,Probe_D8,1,MWM_150,6/17/19,60,11.555,0.193,7.3,1.513,0.208,11.1,2.237,0.201,12.6,2.419,0.192,28.9,5.386,5.3,0.186,2.024,10.6,10,1.517,0.152,Control
204,190610_8,APOE44_females,B,Probe_D8,1,MWM_150,6/17/19,60,12.069,0.201,11.8,2.531,0.214,20.3,4.124,0.203,6.3,1.463,0.234,21.6,3.951,5.4,0.183,,,1,0.159,0.165,Control
205,190610_10,APOE44_females,B,Probe_D8,1,MWM_150,6/17/19,60,11.949,0.199,5,1.214,0.245,14.6,3.545,0.243,4.7,1.077,0.23,35.8,6.112,3.2,0.171,1.044,3.9,1.4,0.27,0.193,Control
206,190610_9,APOE44_females,B,Day2,1,MWM_150,6/18/19,60,11.349,0.189,16.6,2.825,0.17,19,3.966,0.208,4.2,0.685,0.165,20.2,3.873,15,0.191,,,18.8,3.146,0.167,Control
207,190610_9,APOE44_females,B,Day2,2,MWM_150,6/18/19,60,8.355,0.139,0,0,,0,0,,2.9,0.492,0.17,57.1,7.862,0,0.138,,,10.8,1.272,0.118,Control
208,190610_9,APOE44_females,B,Day2,3,MWM_150,6/18/19,50,8.428,0.169,0,0,,0,0,,22.5,3.593,0.159,27.4,4.836,11,0.176,8.191,47.9,19.7,3.114,0.158,Control
209,190610_9,APOE44_females,B,Day2,4,MWM_150,6/18/19,60,11.328,0.189,2.8,0.59,0.209,34.7,6.58,0.19,3.7,0.763,0.204,18.7,3.395,34.4,0.181,,,6.6,1.206,0.183,Control
210,190610_9,APOE44_females,B,Day3,1,MWM_150,6/19/19,60,11.125,0.185,5.8,1.195,0.206,21,3.303,0.157,8.3,1.878,0.226,24.9,4.749,30.7,0.191,,,26.5,5.367,0.202,Control
211,190610_9,APOE44_females,B,Day3,2,MWM_150,6/19/19,22.4,3.704,0.165,12.7,1.904,0.15,0,0,,4.3,1.111,0.258,5.4,0.69,17,0.129,3.551,20.3,6,0.77,0.129,Control
212,190610_9,APOE44_females,B,Day3,3,MWM_150,6/19/19,38.9,6.822,0.175,8.1,0.998,0.123,2.9,0.564,0.192,5.3,1.423,0.269,22.6,3.837,11.7,0.17,6.755,36.8,7.4,1.745,0.237,Control
213,190610_9,APOE44_females,B,Day3,4,MWM_150,6/19/19,26.8,5.157,0.192,0,0,,12,2.674,0.222,0,0,,14.8,2.483,0,0.168,5.09,24.8,2.9,0.526,0.183,Control
214,190610_9,APOE44_females,B,Day4,1,MWM_150,6/20/19,12.9,1.609,0.125,0,0,,0,0,,7,1.047,0.149,5.8,0.563,4,0.096,1.574,10.8,0,0,,Control
215,190610_9,APOE44_females,B,Day4,2,MWM_150,6/20/19,15.3,2.997,0.196,1.1,0.334,0.294,5.2,0.947,0.182,2.6,0.692,0.266,6.4,1.024,7.4,0.161,2.962,13.3,0,0,,Control
216,190610_9,APOE44_females,B,Day4,3,MWM_150,6/20/19,11.4,1.979,0.174,6.8,1.368,0.202,0,0,,0.9,0.247,0.274,3.7,0.364,7.7,0.097,1.944,9.3,0,0,,Control
217,190610_9,APOE44_females,B,Day4,4,MWM_150,6/20/19,4.6,0.558,0.121,0,0,,0,0,,0,0,,4.6,0.558,0,0.121,0.522,2.5,0,0,,Control
218,190610_9,APOE44_females,B,Day5,1,MWM_150,6/21/19,60,9.927,0.165,0.4,0.059,0.161,4.1,0.786,0.192,29.8,4.785,0.16,25.7,4.296,0,0.167,,,5.2,0.691,0.132,Control
219,190610_9,APOE44_females,B,Day5,2,MWM_150,6/21/19,60,11.125,0.185,0,0,,1.1,0.181,0.165,16.7,3.308,0.198,42.2,7.636,4.3,0.181,,,3.9,0.851,0.218,Control
220,190610_9,APOE44_females,B,Day5,3,MWM_150,6/21/19,23.5,3.466,0.147,0.5,0.099,0.212,13.3,1.721,0.13,2.6,0.636,0.241,7.1,1.01,16.4,0.142,3.425,21.4,0,0,,Control
221,190610_9,APOE44_females,B,Day5,4,MWM_150,6/21/19,60,11.549,0.192,4.7,0.661,0.14,2.6,0.604,0.235,40.8,8.152,0.2,11.9,2.132,6.8,0.18,,,2.7,0.408,0.151,Control
222,190610_9,APOE44_females,B,Probe_D5,1,MWM_150,6/21/19,60,6.562,0.109,45.3,4.302,0.095,8.9,1.308,0.147,2,0.187,0.094,3.8,0.764,56.2,0.203,5.944,57,24.2,2.267,0.094,Control
223,190610_9,APOE44_females,B,Probe_D8,1,MWM_150,6/24/19,60,12.904,0.215,14.1,2.588,0.184,5.8,1.339,0.232,18.8,4.281,0.228,21.4,4.696,12.5,0.22,,,6.7,1.296,0.194,Control