Test,Animal,Treatment,Code,Stage,Trial,Apparatus,Date,Duration,Distance,First zone entered,Mean speed,NE : time,NE : distance,NE : average speed,NW : time,NW : distance,NW : average speed,SE : time,SE : distance,SE : average speed,SW : time,SW : distance,SW : latency to first entry,SW : average speed,Island : distance to first entry,Island : latency to first entry,Thigmitaxis : time,Thigmitaxis : distance,Thigmitaxis : average speed,Diet
1,210201_1,E33_F,A,Day1,1,MWM_150,2/8/2021,60.0,10.702,SW,0.178,5.4,1.015,0.188,12.9,1.910,0.148,19.2,3.429,0.178,21.7,4.170,0.0,0.192,,,34.6,5.374,0.155,Control
2,210201_2,E33_F,A,Day1,1,MWM_150,2/8/2021,60.0,14.674,SW,0.245,13.7,2.891,0.211,14.5,3.404,0.235,9.1,2.726,0.300,19.5,4.786,0.0,0.246,,,47.5,10.947,0.231,Control
3,210201_3,E33_F,A,Day1,1,MWM_150,2/8/2021,29.1,3.935,SE,0.135,4.6,0.869,0.190,1.6,0.240,0.153,12.8,1.886,0.147,10.2,0.940,1.5,0.092,3.862,25.1,3.1,0.519,0.168,Control
4,210201_4,E33_F,A,Day1,1,MWM_150,2/8/2021,12.4,1.320,NW,0.106,0.0,0.000,,7.3,0.591,0.081,0.0,0.000,,5.1,0.730,7.3,0.142,0.910,8.4,6.7,0.176,0.026,Control
5,210201_5,E33_F,A,Day1,1,MWM_150,2/8/2021,60.0,12.308,SE,0.205,5.8,1.063,0.183,14.4,2.815,0.195,6.6,1.417,0.216,33.2,7.013,0.4,0.211,,,29.0,5.356,0.184,Control
6,210201_6,E44_F,C,Day1,1,MWM_150,2/8/2021,60.0,12.463,SW,0.208,11.1,2.521,0.227,16.7,3.161,0.190,8.4,2.096,0.251,21.3,4.160,0.0,0.195,,,37.1,7.467,0.201,Control
7,210201_7,E44_F,C,Day1,1,MWM_150,2/8/2021,60.0,11.871,SW,0.198,21.3,3.997,0.188,25.0,4.774,0.191,5.2,1.086,0.210,3.8,1.103,0.0,0.289,,,49.3,9.381,0.190,Control
8,210201_8,E44_F,C,Day1,1,MWM_150,2/8/2021,60.0,10.347,NW,0.172,0.0,0.000,,6.4,1.222,0.192,19.2,3.277,0.171,34.4,5.848,2.9,0.170,,,52.4,8.671,0.166,Control
9,210201_9,E44_F,C,Day1,1,MWM_150,2/8/2021,60.0,14.562,SE,0.243,9.4,2.177,0.232,7.6,1.843,0.244,23.8,6.159,0.259,16.4,3.790,3.3,0.231,,,34.1,7.926,0.232,Control
10,210201_10,E44_F,C,Day1,1,MWM_150,2/8/2021,60.0,11.596,NE,0.193,27.5,5.143,0.187,9.9,1.809,0.182,8.9,2.081,0.235,4.2,0.620,8.1,0.147,,,41.4,7.857,0.190,Control
11,210201_11,E44_M,B,Day1,1,MWM_150,2/8/2021,60.0,12.432,SW,0.207,18.3,3.724,0.204,19.7,4.535,0.230,9.4,1.831,0.195,7.7,1.370,0.0,0.178,,,42.6,9.115,0.214,Control
12,210201_12,E44_M,B,Day1,1,MWM_150,2/8/2021,60.0,8.807,SW,0.147,2.9,0.561,0.191,28.1,4.005,0.143,3.3,0.487,0.146,23.3,3.329,0.0,0.143,,,37.9,5.515,0.146,Control
13,210201_13,E44_M,B,Day1,1,MWM_150,2/8/2021,60.0,11.724,SW,0.195,17.4,3.649,0.209,1.9,0.397,0.209,29.3,5.509,0.188,4.9,0.737,0.0,0.150,,,35.5,6.331,0.178,Control
14,210201_14,E44_M,B,Day1,1,MWM_150,2/8/2021,47.5,10.762,SW,0.227,11.5,2.580,0.224,2.5,0.546,0.221,25.1,5.853,0.233,5.9,1.343,0.0,0.226,9.869,43.4,21.0,4.509,0.215,Control
15,210201_15,E44_M,B,Day1,1,MWM_150,2/8/2021,60.0,12.038,SW,0.201,8.4,1.730,0.207,5.1,1.033,0.201,19.4,3.631,0.188,26.5,5.466,0.0,0.206,,,37.0,7.222,0.195,Control
16,210201_16,E44_M,B,Day1,1,MWM_150,2/8/2021,60.0,11.610,SE,0.194,20.3,3.579,0.176,0.0,0.000,,24.5,5.139,0.209,4.5,0.605,50.6,0.135,,,33.6,5.783,0.172,Control
17,210201_17,E44_M,B,Day1,1,MWM_150,2/8/2021,60.0,10.171,SW,0.170,6.3,1.073,0.170,24.3,4.134,0.170,11.0,1.992,0.181,15.8,2.503,0.0,0.158,10.137,57.7,38.1,6.224,0.163,Control
18,210201_18,E44_M,B,Day1,1,MWM_150,2/8/2021,60.0,11.809,NE,0.197,6.5,1.272,0.196,19.2,3.579,0.186,14.5,3.028,0.209,18.4,3.584,10.5,0.195,,,40.9,7.835,0.191,Control
19,210201_19,E2HN_M,D,Day1,1,MWM_150,2/8/2021,60.0,8.958,NW,0.149,9.4,1.151,0.122,20.9,3.382,0.162,10.8,1.742,0.162,17.1,2.436,1.0,0.143,,,29.0,4.348,0.150,Control
20,210201_1,E33_F,A,Day1,2,MWM_150,2/8/2021,60.0,11.222,NE,0.187,19.2,3.460,0.180,18.5,2.966,0.161,8.8,1.996,0.226,10.3,2.116,29.4,0.206,,,42.5,7.520,0.177,Control
21,210201_2,E33_F,A,Day1,2,MWM_150,2/8/2021,42.7,8.496,SE,0.199,0.0,0.000,,17.7,3.570,0.202,1.4,0.242,0.169,23.6,4.684,1.1,0.198,8.461,38.7,24.6,5.002,0.203,Control
22,210201_3,E33_F,A,Day1,2,MWM_150,2/8/2021,43.0,8.977,NE,0.209,11.8,2.765,0.235,13.4,2.968,0.221,5.3,1.226,0.231,12.5,2.018,9.3,0.161,8.908,38.9,8.9,1.673,0.188,Control
23,210201_4,E33_F,A,Day1,2,MWM_150,2/8/2021,58.2,14.365,NE,0.247,10.0,2.467,0.246,19.8,5.117,0.259,7.1,2.080,0.293,21.3,4.701,6.4,0.221,13.786,54.2,31.0,7.421,0.240,Control
24,210201_5,E33_F,A,Day1,2,MWM_150,2/8/2021,26.2,4.805,NE,0.184,14.7,2.791,0.189,4.6,1.203,0.260,0.0,0.000,,6.8,0.811,19.4,0.119,4.657,22.1,8.2,1.391,0.169,Control
25,210201_6,E44_F,C,Day1,2,MWM_150,2/8/2021,60.0,11.387,NE,0.190,27.7,5.169,0.187,18.0,3.180,0.177,9.1,1.832,0.202,2.8,0.602,7.6,0.216,,,36.9,6.506,0.176,Control
26,210201_7,E44_F,C,Day1,2,MWM_150,2/8/2021,60.0,13.315,NE,0.222,19.2,3.974,0.207,16.1,3.399,0.211,10.5,2.572,0.244,12.5,2.903,17.0,0.232,,,30.9,7.059,0.229,Control
27,210201_8,E44_F,C,Day1,2,MWM_150,2/8/2021,60.0,12.719,NE,0.212,20.9,3.708,0.177,10.7,2.448,0.228,16.6,3.755,0.226,8.9,2.181,24.1,0.245,,,35.6,7.835,0.220,Control
28,210201_9,E44_F,C,Day1,2,MWM_150,2/8/2021,60.0,13.420,NE,0.224,15.1,3.333,0.221,19.5,4.301,0.220,8.6,2.067,0.240,13.0,2.759,5.6,0.212,,,43.7,9.681,0.221,Control
29,210201_10,E44_F,C,Day1,2,MWM_150,2/8/2021,60.0,12.848,NE,0.214,16.2,3.824,0.237,22.2,4.391,0.198,14.1,2.872,0.204,6.2,1.348,14.2,0.216,,,32.3,6.265,0.194,Control
30,210201_11,E44_M,B,Day1,2,MWM_150,2/8/2021,60.0,11.149,NE,0.186,40.6,6.696,0.165,8.1,1.687,0.209,6.4,1.537,0.241,4.5,1.126,32.1,0.248,,,27.5,5.800,0.211,Control
31,210201_12,E44_M,B,Day1,2,MWM_150,2/8/2021,60.0,10.288,SE,0.171,14.5,2.430,0.168,25.8,3.957,0.154,8.3,1.936,0.233,8.7,1.485,34.5,0.171,,,44.9,7.426,0.165,Control
32,210201_13,E44_M,B,Day1,2,MWM_150,2/8/2021,60.0,12.326,NE,0.205,26.8,5.383,0.201,0.5,0.084,0.180,24.3,5.234,0.216,2.9,0.601,8.6,0.205,,,32.9,6.407,0.195,Control
33,210201_14,E44_M,B,Day1,2,MWM_150,2/8/2021,60.0,14.802,NE,0.247,19.6,4.501,0.230,13.2,3.213,0.243,15.0,4.038,0.269,11.1,2.782,22.6,0.250,,,36.0,9.121,0.253,Control
34,210201_15,E44_M,B,Day1,2,MWM_150,2/8/2021,60.0,11.504,NE,0.192,15.6,2.614,0.167,22.8,4.314,0.189,12.4,2.874,0.231,5.0,0.886,32.5,0.179,,,31.6,5.949,0.188,Control
35,210201_16,E44_M,B,Day1,2,MWM_150,2/8/2021,60.0,10.624,SE,0.177,19.2,3.896,0.203,11.7,2.184,0.187,17.6,2.285,0.130,8.2,1.652,37.9,0.201,,,44.1,7.930,0.180,Control
36,210201_17,E44_M,B,Day1,2,MWM_150,2/8/2021,60.0,13.125,SE,0.219,24.8,5.146,0.208,15.7,3.447,0.220,10.7,2.852,0.266,6.8,1.290,42.8,0.188,,,40.3,8.867,0.220,Control
37,210201_18,E44_M,B,Day1,2,MWM_150,2/8/2021,60.0,11.488,NE,0.191,11.8,2.211,0.188,14.8,2.612,0.176,7.4,1.679,0.226,25.2,4.776,9.5,0.190,,,39.8,7.257,0.182,Control
38,210201_19,E2HN_M,D,Day1,2,MWM_150,2/8/2021,60.0,11.054,NE,0.184,35.1,5.906,0.168,12.7,2.379,0.188,6.4,1.407,0.221,4.6,1.057,38.4,0.228,,,44.9,8.202,0.183,Control
39,210201_1,E33_F,A,Day1,3,MWM_150,2/8/2021,60.0,12.871,NW,0.215,9.1,1.847,0.204,11.7,2.212,0.189,19.8,4.543,0.230,19.0,4.154,10.3,0.218,,,27.3,5.460,0.200,Control
40,210201_2,E33_F,A,Day1,3,MWM_150,2/8/2021,34.9,7.455,NE,0.214,10.1,2.504,0.248,18.2,4.334,0.238,0.0,0.000,,6.6,0.618,28.3,0.094,7.420,30.8,13.0,2.874,0.222,Control
41,210201_3,E33_F,A,Day1,3,MWM_150,2/8/2021,30.2,6.243,NW,0.206,4.8,1.193,0.249,13.9,3.098,0.222,2.6,0.713,0.274,8.9,1.239,11.4,0.139,6.176,26.1,3.1,0.690,0.223,Control
42,210201_4,E33_F,A,Day1,3,MWM_150,2/8/2021,13.4,3.543,NW,0.264,0.0,0.000,,4.3,1.093,0.253,0.0,0.000,,9.1,2.450,1.8,0.269,2.438,9.4,2.7,0.715,0.262,Control
43,210201_5,E33_F,A,Day1,3,MWM_150,2/8/2021,15.7,2.735,NW,0.174,0.0,0.000,,7.6,1.777,0.233,0.0,0.000,,8.1,0.959,4.2,0.118,2.627,11.7,2.7,0.616,0.225,Control
44,210201_6,E44_F,C,Day1,3,MWM_150,2/8/2021,60.0,13.472,NW,0.225,16.0,4.458,0.278,21.9,4.995,0.228,7.1,1.280,0.181,13.5,2.415,38.6,0.179,,,41.0,9.201,0.224,Control
45,210201_7,E44_F,C,Day1,3,MWM_150,2/8/2021,60.0,12.840,NW,0.214,24.3,5.134,0.211,21.5,4.417,0.205,8.2,1.911,0.232,5.9,1.379,22.6,0.232,,,32.0,6.634,0.207,Control
46,210201_8,E44_F,C,Day1,3,MWM_150,2/8/2021,59.3,13.572,NW,0.229,12.1,3.170,0.263,24.4,5.513,0.226,9.0,2.402,0.266,13.7,2.486,4.5,0.182,13.463,55.3,23.2,5.666,0.244,Control
47,210201_9,E44_F,C,Day1,3,MWM_150,2/8/2021,12.0,2.436,NW,0.204,0.0,0.000,,6.8,1.260,0.186,0.0,0.000,,5.2,1.177,4.9,0.226,1.528,7.9,2.3,0.415,0.183,Control
48,210201_10,E44_F,C,Day1,3,MWM_150,2/8/2021,40.7,7.895,NW,0.194,7.0,1.307,0.187,24.3,5.253,0.216,0.0,0.000,,9.3,1.335,13.1,0.143,7.792,36.5,18.0,3.648,0.203,Control
49,210201_11,E44_M,B,Day1,3,MWM_150,2/8/2021,60.0,10.342,NW,0.172,14.4,2.199,0.153,11.7,1.601,0.137,18.9,3.366,0.178,15.0,3.176,4.2,0.212,,,27.3,4.984,0.182,Control
50,210201_12,E44_M,B,Day1,3,MWM_150,2/8/2021,43.4,6.754,NW,0.156,8.8,1.158,0.131,21.5,4.111,0.191,0.0,0.000,,13.0,1.485,8.7,0.114,6.721,39.3,19.6,3.342,0.170,Control
51,210201_13,E44_M,B,Day1,3,MWM_150,2/8/2021,60.0,12.980,NE,0.216,5.6,1.323,0.237,30.2,6.076,0.201,12.9,3.001,0.233,11.0,2.515,9.8,0.228,,,42.8,9.443,0.221,Control
52,210201_14,E44_M,B,Day1,3,MWM_150,2/8/2021,39.6,8.814,NW,0.223,11.1,2.518,0.227,9.8,2.086,0.212,7.6,2.151,0.283,9.7,1.762,17.7,0.182,8.703,35.6,20.1,5.317,0.265,Control
53,210201_15,E44_M,B,Day1,3,MWM_150,2/8/2021,60.0,11.053,NW,0.184,15.2,2.957,0.195,25.3,4.414,0.174,10.1,2.302,0.228,8.2,1.130,3.0,0.137,,,23.8,4.333,0.182,Control
54,210201_16,E44_M,B,Day1,3,MWM_150,2/8/2021,60.0,14.120,NW,0.235,29.6,7.341,0.248,29.9,6.660,0.222,0.0,0.000,,0.0,0.000,,,,,30.8,7.344,0.239,Control
55,210201_17,E44_M,B,Day1,3,MWM_150,2/8/2021,18.6,3.153,SE,0.170,6.1,1.175,0.192,0.0,0.000,,5.9,1.474,0.251,5.7,0.317,12.9,0.056,3.084,14.5,9.1,1.908,0.209,Control
56,210201_18,E44_M,B,Day1,3,MWM_150,2/8/2021,42.0,6.105,NE,0.146,17.0,2.712,0.159,11.5,1.580,0.137,6.1,1.048,0.173,7.2,0.766,30.2,0.106,5.995,37.9,16.3,2.291,0.141,Control
57,210201_19,E2HN_M,D,Day1,3,MWM_150,2/8/2021,60.0,8.093,NW,0.135,0.0,0.000,,42.9,5.190,0.121,2.4,0.352,0.149,14.7,2.551,42.9,0.174,,,19.1,2.413,0.126,Control
58,210201_1,E33_F,A,Day1,4,MWM_150,2/8/2021,7.5,0.585,SE,0.078,0.0,0.000,,0.0,0.000,,1.0,0.042,0.041,6.5,0.544,1.0,0.084,0.480,3.4,2.0,0.158,0.080,Control
59,210201_2,E33_F,A,Day1,4,MWM_150,2/8/2021,16.6,2.903,SE,0.174,7.3,1.658,0.227,2.2,0.523,0.234,1.0,0.146,0.147,6.1,0.576,10.5,0.094,2.834,12.6,3.3,0.678,0.206,Control
60,210201_3,E33_F,A,Day1,4,MWM_150,2/8/2021,60.0,13.251,NW,0.221,13.1,2.837,0.216,21.4,4.270,0.200,17.1,4.075,0.238,6.8,1.706,14.3,0.251,,,23.4,4.634,0.198,Control
61,210201_4,E33_F,A,Day1,4,MWM_150,2/8/2021,21.3,4.474,SE,0.210,0.0,0.000,,0.7,0.135,0.184,6.4,1.638,0.257,14.2,2.701,0.5,0.190,4.370,17.2,2.7,0.608,0.223,Control
62,210201_5,E33_F,A,Day1,4,MWM_150,2/8/2021,14.7,2.303,SE,0.156,0.0,0.000,,0.0,0.000,,8.5,1.724,0.204,6.3,0.580,5.7,0.093,2.198,10.6,3.1,0.376,0.123,Control
63,210201_6,E44_F,C,Day1,4,MWM_150,2/8/2021,60.0,16.370,SE,0.273,15.7,4.907,0.312,9.0,2.958,0.329,21.7,5.705,0.263,13.2,2.698,6.3,0.205,,,39.2,10.949,0.280,Control
64,210201_7,E44_F,C,Day1,4,MWM_150,2/8/2021,60.0,12.567,SE,0.209,14.9,3.382,0.227,11.4,2.473,0.217,18.7,3.899,0.208,14.3,2.767,24.4,0.194,12.210,57.8,21.0,3.941,0.188,Control
65,210201_8,E44_F,C,Day1,4,MWM_150,2/8/2021,14.3,2.311,SE,0.162,0.0,0.000,,0.0,0.000,,5.1,0.681,0.135,9.2,1.630,5.1,0.176,1.526,10.3,4.5,0.687,0.153,Control
66,210201_9,E44_F,C,Day1,4,MWM_150,2/8/2021,27.7,6.267,SE,0.227,0.0,0.000,,10.3,2.262,0.220,8.4,1.990,0.237,9.0,2.015,8.4,0.225,5.460,23.6,16.2,3.595,0.222,Control
67,210201_10,E44_F,C,Day1,4,MWM_150,2/8/2021,60.0,13.141,SE,0.219,18.2,4.001,0.220,15.3,3.332,0.218,18.9,4.038,0.214,6.8,1.609,10.1,0.236,,,22.2,4.487,0.202,Control
68,210201_11,E44_M,B,Day1,4,MWM_150,2/8/2021,60.0,10.567,SE,0.176,9.6,1.936,0.202,8.5,1.616,0.190,26.9,4.352,0.162,14.7,2.662,14.6,0.181,,,12.9,1.622,0.126,Control
69,210201_12,E44_M,B,Day1,4,MWM_150,2/8/2021,40.3,6.079,SE,0.151,7.5,1.274,0.171,0.0,0.000,,20.3,3.233,0.159,8.5,0.870,19.5,0.102,6.041,36.2,12.4,1.423,0.115,Control
70,210201_13,E44_M,B,Day1,4,MWM_150,2/8/2021,60.0,9.754,SE,0.163,12.7,2.487,0.196,0.0,0.000,,35.4,5.447,0.154,11.5,1.819,10.5,0.158,,,22.6,4.001,0.177,Control
71,210201_14,E44_M,B,Day1,4,MWM_150,2/8/2021,14.3,1.850,SE,0.130,0.0,0.000,,0.0,0.000,,9.1,1.413,0.155,5.2,0.437,9.1,0.085,1.705,10.2,3.9,0.645,0.163,Control
72,210201_15,E44_M,B,Day1,4,MWM_150,2/8/2021,60.0,8.331,SE,0.139,7.1,1.345,0.189,5.0,1.106,0.223,31.3,3.687,0.118,16.6,2.193,33.3,0.132,,,16.5,2.913,0.177,Control
73,210201_16,E44_M,B,Day1,4,MWM_150,2/8/2021,60.0,9.560,SE,0.159,10.7,2.271,0.212,13.4,2.221,0.165,33.7,4.590,0.136,0.0,0.000,,,,,30.4,4.890,0.161,Control
74,210201_17,E44_M,B,Day1,4,MWM_150,2/8/2021,15.4,2.157,SE,0.140,0.0,0.000,,0.0,0.000,,4.1,0.807,0.196,11.3,1.350,4.1,0.120,2.054,11.3,3.0,0.459,0.155,Control
75,210201_18,E44_M,B,Day1,4,MWM_150,2/8/2021,50.8,8.617,SE,0.170,1.0,0.175,0.169,8.7,1.482,0.170,24.4,4.085,0.167,16.6,2.875,11.5,0.173,8.329,46.7,19.1,3.127,0.163,Control
76,210201_19,E2HN_M,D,Day1,4,MWM_150,2/8/2021,60.0,7.490,SE,0.125,25.1,3.044,0.121,11.2,1.225,0.109,20.6,2.825,0.137,0.0,0.000,,,,,24.8,2.710,0.109,Control
77,210201_1,E33_F,A,Day2,1,MWM_150,2/9/2021,16.5,2.590,NE,0.157,7.4,1.302,0.177,0.0,0.000,,4.0,0.909,0.229,5.1,0.379,11.3,0.074,2.473,12.3,2.1,0.378,0.180,Control
78,210201_2,E33_F,A,Day2,1,MWM_150,2/9/2021,16.6,2.297,NE,0.139,9.6,1.567,0.164,0.0,0.000,,1.4,0.266,0.190,5.6,0.465,11.0,0.083,2.193,12.5,0.7,0.135,0.203,Control
79,210201_3,E33_F,A,Day2,1,MWM_150,2/9/2021,28.3,6.960,NW,0.246,8.6,2.539,0.294,8.9,2.383,0.268,3.3,0.940,0.282,7.3,1.097,10.7,0.149,6.818,24.3,10.9,3.164,0.290,Control
80,210201_4,E33_F,A,Day2,1,MWM_150,2/9/2021,25.3,5.886,NE,0.233,7.4,1.959,0.265,7.0,1.820,0.260,2.6,0.761,0.297,8.3,1.345,3.8,0.162,5.738,21.2,3.8,0.818,0.213,Control
81,210201_5,E33_F,A,Day2,1,MWM_150,2/9/2021,40.5,8.571,NE,0.211,8.0,1.892,0.235,20.1,4.616,0.230,1.5,0.304,0.203,10.9,1.759,7.6,0.161,8.470,36.4,10.0,2.036,0.204,Control
82,210201_6,E44_F,C,Day2,1,MWM_150,2/9/2021,60.0,11.519,NE,0.192,24.5,4.537,0.185,17.1,3.146,0.184,13.1,2.644,0.201,0.2,0.034,29.1,0.144,,,43.9,7.735,0.176,Control
83,210201_7,E44_F,C,Day2,1,MWM_150,2/9/2021,31.7,5.609,NE,0.177,15.6,2.575,0.165,5.9,1.444,0.243,4.1,0.959,0.232,6.0,0.631,15.3,0.105,5.462,27.6,0.6,0.000,0.000,Control
84,210201_8,E44_F,C,Day2,1,MWM_150,2/9/2021,35.0,8.486,NE,0.242,11.9,2.271,0.191,6.3,1.701,0.270,6.6,1.799,0.273,8.8,2.358,10.3,0.267,7.434,31.0,6.8,1.576,0.231,Control
85,210201_9,E44_F,C,Day2,1,MWM_150,2/9/2021,60.0,14.678,NE,0.245,34.6,8.199,0.237,5.4,1.340,0.247,15.0,3.778,0.252,4.1,1.095,16.7,0.269,,,12.4,3.484,0.282,Control
86,210201_10,E44_F,C,Day2,1,MWM_150,2/9/2021,26.9,5.844,NE,0.217,9.5,1.696,0.179,3.8,0.975,0.259,8.2,1.910,0.232,5.1,1.196,8.2,0.235,4.804,22.9,4.8,1.062,0.220,Control
87,210201_11,E44_M,B,Day2,1,MWM_150,2/9/2021,60.0,9.237,NE,0.154,30.6,4.192,0.137,15.2,2.280,0.150,8.0,1.649,0.205,6.1,1.117,26.7,0.182,,,13.5,2.695,0.199,Control
88,210201_12,E44_M,B,Day2,1,MWM_150,2/9/2021,44.1,6.751,NE,0.153,7.6,1.238,0.162,14.9,3.044,0.204,7.8,1.223,0.157,11.3,0.852,11.2,0.075,6.717,40.0,21.9,3.690,0.168,Control
89,210201_13,E44_M,B,Day2,1,MWM_150,2/9/2021,26.1,3.437,NE,0.131,5.3,0.455,0.086,0.7,0.038,0.057,14.5,1.965,0.135,5.7,0.979,19.8,0.172,2.853,22.0,3.8,0.411,0.109,Control
90,210201_14,E44_M,B,Day2,1,MWM_150,2/9/2021,36.4,7.181,NE,0.198,6.9,1.354,0.196,3.7,0.914,0.245,9.4,2.216,0.235,16.3,2.697,9.6,0.166,7.148,32.3,12.5,2.144,0.172,Control
91,210201_15,E44_M,B,Day2,1,MWM_150,2/9/2021,60.0,7.035,NE,0.117,39.8,3.783,0.095,6.4,0.660,0.103,13.1,2.431,0.186,0.5,0.128,46.8,0.240,,,7.9,1.097,0.139,Control
92,210201_16,E44_M,B,Day2,1,MWM_150,2/9/2021,53.7,8.746,NE,0.163,25.0,3.969,0.159,11.8,2.383,0.201,5.9,1.092,0.185,11.0,1.303,23.5,0.119,8.675,49.6,12.2,2.263,0.186,Control
93,210201_17,E44_M,B,Day2,1,MWM_150,2/9/2021,60.0,10.686,NE,0.178,26.6,3.843,0.145,14.4,2.989,0.208,11.1,2.304,0.207,7.9,1.550,19.9,0.197,,,25.2,4.660,0.185,Control
94,210201_18,E44_M,B,Day2,1,MWM_150,2/9/2021,60.0,12.003,NE,0.200,20.2,3.137,0.156,11.4,2.648,0.232,14.0,3.056,0.218,14.4,3.162,19.3,0.220,,,31.9,6.902,0.216,Control
95,210201_19,E2HN_M,D,Day2,1,MWM_150,2/9/2021,60.0,6.766,NE,0.113,32.7,4.083,0.125,17.8,1.809,0.102,6.2,0.539,0.087,3.3,0.335,13.0,0.101,,,15.9,2.582,0.163,Control
96,210201_1,E33_F,A,Day2,2,MWM_150,2/9/2021,35.7,6.806,SW,0.190,1.0,0.174,0.168,3.6,0.817,0.225,7.6,1.810,0.238,23.5,4.005,0.0,0.171,6.662,31.6,5.4,1.113,0.205,Control
97,210201_2,E33_F,A,Day2,2,MWM_150,2/9/2021,20.7,3.548,SW,0.172,0.0,0.000,,2.2,0.434,0.200,6.5,1.356,0.209,12.0,1.758,0.0,0.147,3.511,16.6,4.4,0.684,0.154,Control
98,210201_3,E33_F,A,Day2,2,MWM_150,2/9/2021,10.9,0.708,SW,0.065,0.0,0.000,,0.2,0.049,0.208,0.0,0.000,,10.6,0.659,0.0,0.062,0.562,6.8,0.0,0.000,,Control
99,210201_4,E33_F,A,Day2,2,MWM_150,2/9/2021,6.9,0.722,NW,0.105,0.0,0.000,,1.8,0.414,0.234,0.0,0.000,,5.1,0.308,1.8,0.061,0.653,2.7,0.0,0.000,,Control
100,210201_5,E33_F,A,Day2,2,MWM_150,2/9/2021,10.8,1.552,SW,0.143,0.0,0.000,,0.9,0.224,0.259,0.0,0.000,,10.0,1.328,0.0,0.133,1.447,6.8,0.0,0.000,,Control
101,210201_6,E44_F,C,Day2,2,MWM_150,2/9/2021,60.0,13.634,SW,0.227,9.1,2.223,0.244,15.4,3.627,0.235,18.4,3.978,0.217,16.8,3.772,0.0,0.225,,,31.1,6.998,0.225,Control
102,210201_7,E44_F,C,Day2,2,MWM_150,2/9/2021,56.8,12.229,SE,0.215,7.5,1.874,0.249,9.1,2.146,0.237,13.4,2.916,0.218,26.8,5.293,2.1,0.197,11.353,52.7,18.5,3.773,0.204,Control
103,210201_8,E44_F,C,Day2,2,MWM_150,2/9/2021,10.2,0.932,SW,0.091,0.0,0.000,,0.0,0.000,,0.0,0.000,,10.2,0.932,0.0,0.091,0.817,6.2,0.0,0.000,,Control
104,210201_9,E44_F,C,Day2,2,MWM_150,2/9/2021,60.0,14.725,SW,0.245,15.0,3.667,0.244,13.7,3.561,0.259,17.3,3.910,0.226,13.5,3.398,0.0,0.251,,,29.3,7.710,0.263,Control
105,210201_10,E44_F,C,Day2,2,MWM_150,2/9/2021,11.1,1.093,SE,0.099,0.0,0.000,,0.0,0.000,,3.9,0.586,0.152,7.2,0.507,3.9,0.070,1.040,7.0,3.9,0.586,0.152,Control
106,210201_11,E44_M,B,Day2,2,MWM_150,2/9/2021,34.0,3.638,SW,0.107,2.7,0.429,0.159,11.3,1.607,0.142,0.0,0.000,,20.0,1.602,0.0,0.080,3.570,29.9,2.3,0.151,0.066,Control
107,210201_12,E44_M,B,Day2,2,MWM_150,2/9/2021,12.2,0.946,SW,0.078,0.0,0.000,,1.6,0.184,0.113,0.0,0.000,,10.6,0.762,0.0,0.072,0.873,8.1,0.0,0.000,,Control
108,210201_13,E44_M,B,Day2,2,MWM_150,2/9/2021,60.0,10.625,SW,0.177,12.8,2.112,0.165,6.8,1.097,0.161,11.4,2.728,0.239,28.9,4.687,0.0,0.162,,,17.6,2.598,0.148,Control
109,210201_14,E44_M,B,Day2,2,MWM_150,2/9/2021,60.0,12.654,SW,0.211,9.9,2.303,0.233,16.8,3.252,0.194,20.3,4.387,0.217,13.1,2.712,0.0,0.207,,,14.0,2.447,0.174,Control
110,210201_15,E44_M,B,Day2,2,MWM_150,2/9/2021,57.3,5.030,SW,0.088,0.0,0.000,,18.3,2.093,0.114,3.1,0.261,0.085,35.9,2.675,0.0,0.075,4.991,53.2,2.0,0.119,0.060,Control
111,210201_16,E44_M,B,Day2,2,MWM_150,2/9/2021,60.0,11.403,SE,0.190,10.9,2.123,0.195,13.6,2.559,0.188,6.1,1.243,0.204,29.4,5.479,2.6,0.186,,,22.9,4.404,0.192,Control
112,210201_17,E44_M,B,Day2,2,MWM_150,2/9/2021,5.4,0.190,SW,0.035,0.0,0.000,,0.0,0.000,,0.0,0.000,,5.4,0.190,0.0,0.035,0.120,1.3,0.0,0.000,,Control
113,210201_18,E44_M,B,Day2,2,MWM_150,2/9/2021,15.6,0.976,SW,0.062,0.0,0.000,,0.0,0.000,,0.0,0.000,,15.6,0.976,0.0,0.062,0.909,11.5,0.0,0.000,,Control
114,210201_19,E2HN_M,D,Day2,2,MWM_150,2/9/2021,60.0,8.217,SW,0.137,5.4,1.118,0.208,26.5,3.933,0.148,5.9,1.145,0.195,22.3,2.020,0.0,0.091,,,22.2,3.518,0.159,Control
115,210201_1,E33_F,A,Day2,3,MWM_150,2/9/2021,16.3,2.516,SE,0.154,0.0,0.000,,2.6,0.474,0.182,7.0,1.324,0.190,6.8,0.717,7.0,0.106,2.412,12.3,0.0,0.000,,Control
116,210201_2,E33_F,A,Day2,3,MWM_150,2/9/2021,32.8,7.130,SE,0.217,4.2,1.106,0.261,5.5,1.368,0.249,13.0,3.002,0.230,10.0,1.654,1.8,0.165,7.061,28.7,7.5,1.819,0.243,Control
117,210201_3,E33_F,A,Day2,3,MWM_150,2/9/2021,60.0,12.699,SE,0.212,13.7,2.730,0.199,0.0,0.000,,39.6,8.750,0.221,6.7,1.219,13.5,0.183,,,15.5,3.202,0.206,Control
118,210201_4,E33_F,A,Day2,3,MWM_150,2/9/2021,21.8,4.561,SE,0.210,0.0,0.000,,0.0,0.000,,10.8,2.658,0.246,11.0,1.904,2.8,0.174,4.451,17.7,0.0,0.000,,Control
119,210201_5,E33_F,A,Day2,3,MWM_150,2/9/2021,7.7,1.013,NE,0.132,1.7,0.379,0.222,1.0,0.330,0.330,0.0,0.000,,4.9,0.304,2.7,0.061,0.908,3.6,0.0,0.000,,Control
120,210201_6,E44_F,C,Day2,3,MWM_150,2/9/2021,60.0,13.402,NE,0.223,16.4,3.388,0.206,12.9,3.074,0.238,11.9,2.978,0.250,18.7,3.961,5.9,0.212,,,26.9,5.280,0.196,Control
121,210201_7,E44_F,C,Day2,3,MWM_150,2/9/2021,33.0,6.145,SE,0.186,8.2,1.886,0.230,2.8,0.754,0.269,12.9,2.599,0.202,9.1,0.905,13.8,0.099,6.077,28.9,3.3,0.567,0.170,Control
122,210201_8,E44_F,C,Day2,3,MWM_150,2/9/2021,34.9,6.016,SE,0.172,4.9,1.107,0.226,2.5,0.742,0.301,13.7,2.029,0.148,13.8,2.137,4.2,0.154,5.901,30.8,11.4,2.136,0.188,Control
123,210201_9,E44_F,C,Day2,3,MWM_150,2/9/2021,45.5,10.177,NW,0.224,3.7,1.075,0.288,8.2,1.988,0.243,17.8,3.539,0.199,15.8,3.573,9.0,0.226,9.217,41.5,20.3,4.363,0.215,Control
124,210201_10,E44_F,C,Day2,3,MWM_150,2/9/2021,12.8,1.822,SE,0.142,0.0,0.000,,0.0,0.000,,6.7,1.298,0.195,6.2,0.523,3.6,0.085,1.752,8.7,0.5,0.038,0.080,Control
125,210201_11,E44_M,B,Day2,3,MWM_150,2/9/2021,48.8,7.134,SE,0.146,0.0,0.000,,3.8,0.666,0.175,25.9,3.402,0.132,19.2,3.066,10.2,0.160,6.657,44.8,3.1,0.507,0.162,Control
126,210201_12,E44_M,B,Day2,3,MWM_150,2/9/2021,33.0,4.791,SE,0.145,3.1,0.562,0.181,2.1,0.386,0.187,10.7,1.863,0.174,17.1,1.980,2.4,0.116,4.746,29.0,11.0,1.779,0.162,Control
127,210201_13,E44_M,B,Day2,3,MWM_150,2/9/2021,25.2,2.138,SE,0.085,0.0,0.000,,0.0,0.000,,0.7,0.090,0.132,24.5,2.048,0.7,0.084,1.774,21.2,12.0,0.466,0.039,Control
128,210201_14,E44_M,B,Day2,3,MWM_150,2/9/2021,60.0,11.936,SE,0.199,5.8,1.338,0.229,10.1,1.858,0.185,23.1,4.633,0.200,20.3,3.976,2.4,0.196,,,25.4,4.766,0.188,Control
129,210201_15,E44_M,B,Day2,3,MWM_150,2/9/2021,40.8,3.240,SW,0.079,0.0,0.000,,7.9,1.077,0.136,19.9,1.171,0.059,13.0,0.992,0.0,0.076,3.141,36.7,2.8,0.229,0.081,Control
130,210201_16,E44_M,B,Day2,3,MWM_150,2/9/2021,60.0,9.682,SE,0.161,4.3,0.685,0.158,11.2,1.701,0.151,23.7,3.672,0.155,20.7,3.624,8.6,0.175,,,11.6,1.446,0.125,Control
131,210201_17,E44_M,B,Day2,3,MWM_150,2/9/2021,58.2,10.746,SE,0.185,12.0,2.621,0.218,17.9,3.542,0.197,13.6,2.382,0.175,14.5,2.160,8.6,0.149,10.746,54.1,28.7,5.633,0.196,Control
132,210201_18,E44_M,B,Day2,3,MWM_150,2/9/2021,15.9,1.994,NW,0.126,0.0,0.000,,7.2,1.057,0.147,1.6,0.426,0.266,7.1,0.511,2.9,0.072,1.881,11.8,0.0,0.000,,Control
133,210201_19,E2HN_M,D,Day2,3,MWM_150,2/9/2021,41.5,4.657,SE,0.112,0.0,0.000,,12.5,1.769,0.142,11.4,1.007,0.088,17.5,1.881,11.4,0.107,4.549,37.4,5.5,0.747,0.137,Control
134,210201_1,E33_F,A,Day2,4,MWM_150,2/9/2021,4.4,0.102,SW,0.023,0.0,0.000,,0.0,0.000,,0.0,0.000,,4.4,0.102,0.0,0.023,0.000,0.0,0.0,0.000,,Control
135,210201_2,E33_F,A,Day2,4,MWM_150,2/9/2021,8.2,1.108,SE,0.134,0.5,0.166,0.312,2.2,0.577,0.262,0.4,0.000,0.000,5.1,0.365,3.1,0.071,1.003,4.2,0.0,0.000,,Control
136,210201_3,E33_F,A,Day2,4,MWM_150,2/9/2021,14.0,1.760,NW,0.126,1.7,0.396,0.229,4.0,0.722,0.180,0.0,0.000,,8.2,0.642,1.7,0.078,1.687,9.9,0.0,0.000,,Control
137,210201_4,E33_F,A,Day2,4,MWM_150,2/9/2021,12.7,1.777,NW,0.140,0.0,0.000,,4.7,0.955,0.201,0.0,0.000,,8.0,0.823,3.7,0.103,1.645,8.6,0.0,0.000,,Control
138,210201_5,E33_F,A,Day2,4,MWM_150,2/9/2021,11.4,1.712,NW,0.150,0.7,0.140,0.200,2.8,0.552,0.194,0.8,0.188,0.234,7.1,0.832,1.9,0.117,1.587,7.4,0.0,0.000,,Control
139,210201_6,E44_F,C,Day2,4,MWM_150,2/9/2021,38.7,6.099,NW,0.157,2.7,0.606,0.224,10.3,2.007,0.194,9.2,1.331,0.144,16.5,2.155,3.8,0.131,6.026,34.6,16.2,2.341,0.145,Control
140,210201_7,E44_F,C,Day2,4,MWM_150,2/9/2021,10.6,1.244,NW,0.117,0.0,0.000,,5.1,0.878,0.173,0.0,0.000,,5.6,0.366,5.1,0.066,1.136,6.5,0.0,0.000,,Control
141,210201_8,E44_F,C,Day2,4,MWM_150,2/9/2021,11.3,1.491,NW,0.132,0.0,0.000,,0.7,0.063,0.094,2.1,0.364,0.174,8.5,1.063,0.7,0.125,1.418,7.2,0.0,0.000,,Control
142,210201_9,E44_F,C,Day2,4,MWM_150,2/9/2021,20.8,4.021,NW,0.193,2.3,0.445,0.196,11.4,2.007,0.176,1.8,0.319,0.177,5.3,1.251,9.7,0.234,3.147,16.7,2.0,0.425,0.215,Control
143,210201_10,E44_F,C,Day2,4,MWM_150,2/9/2021,12.5,1.529,NW,0.123,0.0,0.000,,7.3,1.268,0.174,0.0,0.000,,5.2,0.260,7.3,0.051,1.529,8.4,0.0,0.000,,Control
144,210201_11,E44_M,B,Day2,4,MWM_150,2/9/2021,7.9,0.728,NW,0.093,0.0,0.000,,2.3,0.340,0.145,0.0,0.000,,5.5,0.388,2.3,0.070,0.621,3.7,0.0,0.000,,Control
145,210201_12,E44_M,B,Day2,4,MWM_150,2/9/2021,34.2,5.149,NW,0.150,6.0,1.123,0.186,11.8,1.829,0.155,9.6,1.603,0.168,6.8,0.594,23.9,0.087,5.080,30.1,8.3,1.052,0.127,Control
146,210201_13,E44_M,B,Day2,4,MWM_150,2/9/2021,19.3,1.665,NW,0.086,0.0,0.000,,13.7,1.405,0.102,0.0,0.000,,5.5,0.261,13.7,0.047,1.631,15.2,6.0,0.491,0.082,Control
147,210201_14,E44_M,B,Day2,4,MWM_150,2/9/2021,13.2,1.523,NW,0.115,0.0,0.000,,7.5,0.884,0.117,0.0,0.000,,5.7,0.639,7.5,0.112,1.298,9.1,3.6,0.453,0.126,Control
148,210201_15,E44_M,B,Day2,4,MWM_150,2/9/2021,60.0,4.955,NW,0.083,0.6,0.073,0.129,23.3,1.346,0.058,5.9,0.794,0.135,30.2,2.741,16.7,0.091,,,3.7,0.256,0.069,Control
149,210201_16,E44_M,B,Day2,4,MWM_150,2/9/2021,38.2,3.717,NW,0.097,4.7,0.461,0.098,16.1,1.555,0.096,2.0,0.311,0.158,15.4,1.390,22.1,0.091,3.683,34.1,8.0,0.597,0.075,Control
150,210201_17,E44_M,B,Day2,4,MWM_150,2/9/2021,17.1,2.222,NW,0.130,2.2,0.410,0.189,8.0,1.146,0.144,0.0,0.000,,7.0,0.667,8.1,0.095,2.188,13.0,1.6,0.193,0.118,Control
151,210201_18,E44_M,B,Day2,4,MWM_150,2/9/2021,21.8,3.640,NW,0.167,0.0,0.000,,8.8,1.073,0.121,2.6,0.508,0.193,10.3,2.059,8.8,0.200,2.921,17.7,0.5,0.071,0.144,Control
152,210201_19,E2HN_M,D,Day2,4,MWM_150,2/9/2021,19.3,1.856,NW,0.096,0.0,0.000,,6.3,0.442,0.070,0.0,0.000,,12.9,1.415,6.3,0.109,1.423,15.2,0.0,0.000,,Control
153,210201_1,E33_F,A,Day3,1,MWM_150,2/10/2021,11.6,2.002,NW,0.173,0.5,0.139,0.260,5.1,1.202,0.235,0.5,0.108,0.233,5.4,0.552,6.1,0.101,1.818,7.5,1.1,0.230,0.215,Control
154,210201_2,E33_F,A,Day3,1,MWM_150,2/10/2021,21.9,3.895,NW,0.178,0.0,0.000,,6.8,1.329,0.197,3.5,0.763,0.218,11.6,1.804,4.3,0.156,3.858,17.8,8.1,1.592,0.196,Control
155,210201_3,E33_F,A,Day3,1,MWM_150,2/10/2021,10.8,1.187,NW,0.110,0.0,0.000,,5.3,0.891,0.169,0.0,0.000,,5.5,0.296,5.3,0.053,1.152,6.7,0.0,0.000,,Control
156,210201_4,E33_F,A,Day3,1,MWM_150,2/10/2021,22.8,4.905,NE,0.215,1.2,0.157,0.129,2.6,0.844,0.325,5.1,1.396,0.276,13.9,2.507,3.8,0.181,4.792,18.7,2.2,0.303,0.139,Control
157,210201_5,E33_F,A,Day3,1,MWM_150,2/10/2021,18.6,3.238,NW,0.174,0.0,0.000,,7.5,1.672,0.223,0.0,0.000,,11.1,1.567,4.5,0.141,3.160,14.6,0.0,0.000,,Control
158,210201_6,E44_F,C,Day3,1,MWM_150,2/10/2021,12.3,0.689,NW,0.056,0.0,0.000,,8.3,0.689,0.083,0.0,0.000,,4.1,0.000,8.3,0.000,0.689,8.3,0.0,0.000,,Control
159,210201_7,E44_F,C,Day3,1,MWM_150,2/10/2021,34.7,5.831,NW,0.168,1.2,0.326,0.272,1.9,0.403,0.210,4.7,1.017,0.215,26.9,4.085,0.5,0.152,5.758,30.6,11.7,1.754,0.150,Control
160,210201_8,E44_F,C,Day3,1,MWM_150,2/10/2021,28.4,4.319,NW,0.152,2.1,0.310,0.150,12.6,2.363,0.188,0.0,0.000,,13.8,1.647,1.0,0.120,4.281,24.3,1.2,0.205,0.167,Control
161,210201_9,E44_F,C,Day3,1,MWM_150,2/10/2021,60.0,14.206,NW,0.237,8.9,2.284,0.257,24.3,5.181,0.213,10.4,2.744,0.265,16.5,3.997,4.5,0.243,,,15.0,3.927,0.262,Control
162,210201_10,E44_F,C,Day3,1,MWM_150,2/10/2021,13.7,1.172,NW,0.085,0.0,0.000,,8.3,0.843,0.101,0.0,0.000,,5.4,0.329,8.3,0.061,1.105,9.7,1.3,0.072,0.055,Control
163,210201_11,E44_M,B,Day3,1,MWM_150,2/10/2021,15.7,1.130,NW,0.072,0.0,0.000,,9.0,0.559,0.062,0.0,0.000,,6.7,0.572,9.0,0.085,1.063,11.7,0.0,0.000,,Control
164,210201_12,E44_M,B,Day3,1,MWM_150,2/10/2021,46.5,5.602,NW,0.120,5.6,0.854,0.153,23.8,2.799,0.118,2.9,0.454,0.157,14.3,1.496,5.1,0.105,5.568,42.5,1.7,0.290,0.171,Control
165,210201_13,E44_M,B,Day3,1,MWM_150,2/10/2021,21.4,1.731,NW,0.081,0.0,0.000,,15.6,1.397,0.090,0.0,0.000,,5.8,0.335,15.6,0.058,1.694,17.3,4.6,0.184,0.040,Control
166,210201_14,E44_M,B,Day3,1,MWM_150,2/10/2021,28.3,5.932,NW,0.209,2.6,0.809,0.311,8.9,1.850,0.208,7.9,2.226,0.281,8.9,1.047,3.4,0.117,5.898,24.3,0.0,0.000,,Control
167,210201_15,E44_M,B,Day3,1,MWM_150,2/10/2021,22.1,2.434,NW,0.110,0.0,0.000,,9.5,1.101,0.116,0.0,0.000,,12.6,1.333,9.5,0.106,2.393,18.1,3.1,0.282,0.091,Control
168,210201_16,E44_M,B,Day3,1,MWM_150,2/10/2021,21.7,2.816,NW,0.130,2.1,0.422,0.198,9.6,1.075,0.112,1.8,0.433,0.236,8.1,0.886,7.7,0.109,2.749,17.7,0.0,0.000,,Control
169,210201_17,E44_M,B,Day3,1,MWM_150,2/10/2021,27.7,4.209,NW,0.152,2.4,0.380,0.161,6.5,0.937,0.143,4.0,0.858,0.216,14.8,2.034,7.4,0.138,4.175,23.5,3.0,0.474,0.156,Control
170,210201_18,E44_M,B,Day3,1,MWM_150,2/10/2021,27.7,5.049,NW,0.182,4.8,1.159,0.241,11.1,1.869,0.169,3.7,0.918,0.248,8.1,1.103,8.7,0.136,4.941,23.6,2.3,0.581,0.249,Control
171,210201_19,E2HN_M,D,Day3,1,MWM_150,2/10/2021,21.9,3.261,NW,0.149,0.0,0.000,,2.2,0.283,0.131,4.4,0.565,0.127,15.3,2.413,2.2,0.158,3.186,17.8,10.0,1.642,0.164,Control
172,210201_1,E33_F,A,Day3,2,MWM_150,2/10/2021,20.4,2.711,NE,0.133,8.5,0.817,0.096,4.4,0.996,0.225,0.6,0.149,0.263,6.9,0.749,7.7,0.108,2.603,16.3,0.0,0.000,,Control
173,210201_2,E33_F,A,Day3,2,MWM_150,2/10/2021,5.6,0.485,NW,0.086,0.0,0.000,,0.7,0.103,0.155,0.0,0.000,,5.0,0.382,0.7,0.077,0.339,1.6,0.0,0.000,,Control
174,210201_3,E33_F,A,Day3,2,MWM_150,2/10/2021,11.0,1.008,NW,0.092,0.0,0.000,,4.6,0.587,0.128,0.0,0.000,,6.4,0.421,3.5,0.066,0.935,6.9,0.0,0.000,,Control
175,210201_4,E33_F,A,Day3,2,MWM_150,2/10/2021,11.0,1.521,NW,0.138,0.0,0.000,,6.5,0.331,0.051,0.0,0.000,,4.5,1.190,6.0,0.262,0.502,6.9,0.9,0.182,0.202,Control
176,210201_5,E33_F,A,Day3,2,MWM_150,2/10/2021,15.1,3.086,NW,0.204,1.7,0.324,0.187,8.4,1.473,0.176,1.8,0.487,0.269,3.2,0.802,10.1,0.248,2.095,11.1,0.0,0.000,,Control
177,210201_6,E44_F,C,Day3,2,MWM_150,2/10/2021,8.8,1.089,NW,0.123,0.0,0.000,,2.8,0.522,0.190,0.0,0.000,,6.1,0.567,2.8,0.093,0.945,4.7,1.6,0.352,0.220,Control
178,210201_7,E44_F,C,Day3,2,MWM_150,2/10/2021,10.3,1.140,NW,0.111,0.0,0.000,,0.7,0.101,0.148,0.0,0.000,,9.6,1.039,0.7,0.108,1.071,6.2,0.0,0.000,,Control
179,210201_8,E44_F,C,Day3,2,MWM_150,2/10/2021,27.2,4.764,NW,0.175,0.2,0.034,0.147,14.5,3.091,0.214,1.3,0.182,0.140,11.2,1.456,4.9,0.130,4.690,23.1,3.1,0.497,0.159,Control
180,210201_9,E44_F,C,Day3,2,MWM_150,2/10/2021,29.8,4.382,NW,0.147,2.6,0.366,0.139,17.9,3.024,0.169,0.7,0.084,0.120,8.5,0.908,9.9,0.106,4.281,25.7,0.7,0.146,0.219,Control
181,210201_10,E44_F,C,Day3,2,MWM_150,2/10/2021,12.8,1.254,SW,0.098,0.0,0.000,,0.0,0.000,,1.5,0.175,0.119,11.3,1.079,0.0,0.095,1.216,8.7,0.0,0.000,,Control
182,210201_11,E44_M,B,Day3,2,MWM_150,2/10/2021,35.6,5.510,NW,0.155,4.4,0.910,0.205,8.6,1.297,0.150,8.7,1.598,0.184,13.8,1.705,5.4,0.123,5.469,31.5,0.0,0.000,,Control
183,210201_12,E44_M,B,Day3,2,MWM_150,2/10/2021,40.0,5.598,SE,0.140,3.3,0.620,0.190,16.9,1.394,0.083,10.4,2.541,0.244,9.4,1.043,27.4,0.111,5.381,35.9,3.3,1.330,0.401,Control
184,210201_13,E44_M,B,Day3,2,MWM_150,2/10/2021,11.5,1.406,NW,0.122,0.0,0.000,,6.2,1.149,0.186,0.0,0.000,,5.3,0.257,6.2,0.048,1.361,7.4,1.1,0.166,0.151,Control
185,210201_14,E44_M,B,Day3,2,MWM_150,2/10/2021,9.1,1.141,NW,0.126,0.0,0.000,,3.6,0.718,0.197,0.0,0.000,,5.4,0.423,3.6,0.078,1.069,4.9,0.0,0.000,,Control
186,210201_15,E44_M,B,Day3,2,MWM_150,2/10/2021,54.1,4.951,NW,0.092,5.5,1.079,0.195,30.8,1.837,0.060,7.5,1.226,0.163,10.3,0.809,43.8,0.079,4.876,50.1,3.7,0.345,0.094,Control
187,210201_16,E44_M,B,Day3,2,MWM_150,2/10/2021,29.0,3.827,NE,0.132,1.4,0.110,0.080,13.4,0.794,0.059,5.1,1.105,0.218,9.2,1.818,13.3,0.198,3.003,25.0,5.2,0.991,0.191,Control
188,210201_17,E44_M,B,Day3,2,MWM_150,2/10/2021,17.8,1.669,NW,0.094,0.0,0.000,,12.3,1.335,0.108,0.0,0.000,,5.5,0.334,12.3,0.061,1.600,13.8,0.0,0.000,,Control
189,210201_18,E44_M,B,Day3,2,MWM_150,2/10/2021,58.7,9.151,NW,0.156,5.0,1.126,0.225,23.8,3.787,0.159,4.1,1.000,0.244,25.8,3.239,6.4,0.125,9.117,54.7,10.2,2.045,0.200,Control
190,210201_19,E2HN_M,D,Day3,2,MWM_150,2/10/2021,25.0,3.756,NE,0.151,9.5,1.321,0.139,3.8,0.855,0.227,3.8,0.804,0.212,7.9,0.777,17.0,0.098,3.718,20.9,5.0,0.854,0.171,Control
191,210201_1,E33_F,A,Day3,3,MWM_150,2/10/2021,11.1,1.479,SW,0.134,0.0,0.000,,0.0,0.000,,2.5,0.565,0.226,8.6,0.914,0.0,0.107,1.363,7.0,0.0,0.000,,Control
192,210201_2,E33_F,A,Day3,3,MWM_150,2/10/2021,12.5,2.616,SE,0.209,2.3,0.713,0.314,0.8,0.287,0.358,3.1,0.938,0.304,6.3,0.679,0.5,0.107,2.543,8.4,0.8,0.180,0.235,Control
193,210201_3,E33_F,A,Day3,3,MWM_150,2/10/2021,5.1,0.217,SW,0.043,0.0,0.000,,0.0,0.000,,0.0,0.000,,5.1,0.217,0.0,0.043,0.114,1.0,0.0,0.000,,Control
194,210201_4,E33_F,A,Day3,3,MWM_150,2/10/2021,32.5,6.767,SW,0.208,1.0,0.276,0.276,9.0,2.173,0.242,2.1,0.593,0.287,20.5,3.725,0.0,0.182,6.663,28.4,1.0,0.202,0.201,Control
195,210201_5,E33_F,A,Day3,3,MWM_150,2/10/2021,14.8,2.330,SE,0.158,0.0,0.000,,0.0,0.000,,4.8,0.924,0.193,10.0,1.406,0.5,0.141,2.263,10.7,1.8,0.384,0.213,Control
196,210201_6,E44_F,C,Day3,3,MWM_150,2/10/2021,6.1,1.046,SW,0.171,0.0,0.000,,2.1,0.256,0.124,0.0,0.000,,4.0,0.791,0.0,0.196,0.411,2.0,0.9,0.086,0.094,Control
197,210201_7,E44_F,C,Day3,3,MWM_150,2/10/2021,7.5,0.739,SE,0.099,0.0,0.000,,0.0,0.000,,1.3,0.217,0.162,6.1,0.522,1.3,0.085,0.600,3.4,0.0,0.000,,Control
198,210201_8,E44_F,C,Day3,3,MWM_150,2/10/2021,39.2,7.742,SE,0.198,1.9,0.501,0.264,5.0,1.036,0.206,6.9,1.181,0.171,25.4,5.024,4.7,0.198,6.996,35.1,7.2,1.072,0.150,Control
199,210201_9,E44_F,C,Day3,3,MWM_150,2/10/2021,15.7,1.677,SW,0.107,0.0,0.000,,0.0,0.000,,5.4,0.827,0.153,10.3,0.850,0.0,0.083,1.572,11.6,1.5,0.205,0.137,Control
200,210201_10,E44_F,C,Day3,3,MWM_150,2/10/2021,16.6,1.510,SE,0.091,0.0,0.000,,0.0,0.000,,0.6,0.040,0.068,16.0,1.470,0.6,0.092,1.510,12.5,0.0,0.000,,Control
201,210201_11,E44_M,B,Day3,3,MWM_150,2/10/2021,17.3,1.893,SE,0.110,0.0,0.000,,1.4,0.262,0.182,11.5,0.810,0.070,4.3,0.821,11.5,0.191,1.146,13.2,0.0,0.000,,Control
202,210201_12,E44_M,B,Day3,3,MWM_150,2/10/2021,22.7,2.496,SE,0.110,3.0,0.303,0.102,0.0,0.000,,8.8,1.365,0.155,10.9,0.828,11.8,0.076,2.419,18.6,0.0,0.000,,Control
203,210201_13,E44_M,B,Day3,3,MWM_150,2/10/2021,28.9,3.475,SE,0.120,0.0,0.000,,0.0,0.000,,11.0,0.806,0.073,17.9,2.669,11.0,0.149,3.187,24.9,2.3,0.291,0.128,Control
204,210201_14,E44_M,B,Day3,3,MWM_150,2/10/2021,11.4,1.485,SW,0.131,0.0,0.000,,0.2,0.042,0.179,0.0,0.000,,11.1,1.443,0.0,0.130,1.393,7.2,2.3,0.423,0.184,Control
205,210201_15,E44_M,B,Day3,3,MWM_150,2/10/2021,43.0,3.546,SE,0.082,0.0,0.000,,0.0,0.000,0.000,28.1,1.982,0.070,14.9,1.565,15.8,0.105,3.479,39.0,1.9,0.078,0.042,Control
206,210201_16,E44_M,B,Day3,3,MWM_150,2/10/2021,8.5,0.751,SW,0.088,0.0,0.000,,0.0,0.000,,0.0,0.000,,8.5,0.751,0.0,0.088,0.680,4.4,1.1,0.153,0.136,Control
207,210201_17,E44_M,B,Day3,3,MWM_150,2/10/2021,14.7,2.092,SE,0.143,0.0,0.000,,0.0,0.000,,4.0,0.904,0.224,10.6,1.188,2.5,0.112,2.004,10.6,3.4,0.565,0.166,Control
208,210201_18,E44_M,B,Day3,3,MWM_150,2/10/2021,9.0,0.691,SE,0.077,0.0,0.000,,0.0,0.000,,3.1,0.312,0.099,5.8,0.380,3.1,0.065,0.655,4.9,0.0,0.000,,Control
209,210201_19,E2HN_M,D,Day3,3,MWM_150,2/10/2021,31.9,4.999,SE,0.157,6.5,1.328,0.205,0.0,0.000,,20.2,2.557,0.127,5.1,1.061,26.7,0.207,4.206,27.8,10.8,1.117,0.103,Control
210,210201_1,E33_F,A,Day3,4,MWM_150,2/10/2021,24.0,4.320,NW,0.180,2.3,0.490,0.216,7.1,1.490,0.209,4.3,0.935,0.217,10.3,1.405,3.9,0.136,4.252,19.9,6.2,1.308,0.210,Control
211,210201_2,E33_F,A,Day3,4,MWM_150,2/10/2021,4.4,0.067,SW,0.015,0.0,0.000,,0.0,0.000,,0.0,0.000,,4.4,0.067,0.0,0.015,0.000,0.0,0.0,0.000,,Control
212,210201_3,E33_F,A,Day3,4,MWM_150,2/10/2021,4.8,0.131,SW,0.027,0.0,0.000,,0.0,0.000,,0.0,0.000,,4.8,0.131,0.0,0.027,0.058,0.7,0.0,0.000,,Control
213,210201_4,E33_F,A,Day3,4,MWM_150,2/10/2021,4.4,0.138,SW,0.031,0.0,0.000,,0.0,0.000,,0.0,0.000,,4.4,0.138,0.0,0.031,0.000,0.0,0.0,0.000,,Control
214,210201_5,E33_F,A,Day3,4,MWM_150,2/10/2021,8.5,0.925,SW,0.109,0.0,0.000,,0.2,0.050,0.301,0.0,0.000,,8.3,0.875,0.0,0.105,0.856,4.4,0.0,0.000,,Control
215,210201_6,E44_F,C,Day3,4,MWM_150,2/10/2021,33.0,6.247,SW,0.189,0.0,0.000,,7.2,1.568,0.219,10.3,1.688,0.164,15.6,2.991,0.0,0.192,5.435,29.0,4.5,0.990,0.219,Control
216,210201_7,E44_F,C,Day3,4,MWM_150,2/10/2021,4.4,0.921,SW,0.209,0.0,0.000,,2.1,0.388,0.182,0.0,0.000,,2.3,0.533,0.0,0.234,0.000,0.0,0.0,0.000,,Control
217,210201_8,E44_F,C,Day3,4,MWM_150,2/10/2021,7.9,1.517,SW,0.192,0.0,0.000,,0.0,0.000,,1.7,0.478,0.283,6.2,1.039,0.0,0.167,0.638,3.8,0.6,0.000,0.000,Control
218,210201_9,E44_F,C,Day3,4,MWM_150,2/10/2021,4.4,0.000,SW,0.000,0.0,0.000,,0.0,0.000,,0.0,0.000,,4.4,0.000,0.0,0.000,0.000,0.0,0.0,0.000,,Control
219,210201_10,E44_F,C,Day3,4,MWM_150,2/10/2021,20.7,2.678,SW,0.130,0.0,0.000,,1.0,0.201,0.206,0.0,0.000,,19.7,2.477,0.0,0.126,1.999,16.6,2.1,0.192,0.090,Control
220,210201_11,E44_M,B,Day3,4,MWM_150,2/10/2021,13.8,1.843,SW,0.134,0.0,0.000,,0.0,0.000,,8.1,1.033,0.128,5.7,0.810,0.0,0.142,0.678,9.7,0.0,0.000,,Control
221,210201_12,E44_M,B,Day3,4,MWM_150,2/10/2021,6.7,0.425,SW,0.063,0.0,0.000,,0.0,0.000,,0.6,0.098,0.163,6.1,0.327,0.0,0.053,0.391,2.7,0.0,0.000,,Control
222,210201_13,E44_M,B,Day3,4,MWM_150,2/10/2021,19.5,1.662,SW,0.085,0.0,0.000,,0.0,0.000,,4.7,0.736,0.157,14.8,0.926,0.0,0.062,1.585,15.5,0.0,0.000,,Control
223,210201_14,E44_M,B,Day3,4,MWM_150,2/10/2021,20.8,3.570,SE,0.172,0.0,0.000,,0.0,0.000,,5.3,1.100,0.209,15.5,2.470,2.2,0.159,2.987,16.7,1.7,0.301,0.181,Control
224,210201_15,E44_M,B,Day3,4,MWM_150,2/10/2021,28.6,1.683,SW,0.059,0.0,0.000,,0.0,0.000,,6.7,0.409,0.061,21.9,1.274,0.0,0.058,1.222,24.6,0.0,0.000,,Control
225,210201_16,E44_M,B,Day3,4,MWM_150,2/10/2021,25.8,4.085,SW,0.158,0.6,0.041,0.073,0.0,0.000,,7.9,1.306,0.166,17.4,2.738,0.0,0.158,3.595,21.8,3.9,0.721,0.187,Control
226,210201_17,E44_M,B,Day3,4,MWM_150,2/10/2021,7.2,0.578,SW,0.080,0.0,0.000,,0.0,0.000,,0.0,0.000,,7.2,0.578,0.0,0.080,0.462,3.2,0.0,0.000,,Control
227,210201_18,E44_M,B,Day3,4,MWM_150,2/10/2021,4.4,0.034,SW,0.008,0.0,0.000,,0.0,0.000,,0.0,0.000,,4.4,0.034,0.0,0.008,0.000,0.0,0.0,0.000,,Control
228,210201_19,E2HN_M,D,Day3,4,MWM_150,2/10/2021,10.1,1.381,SW,0.137,0.0,0.000,,0.0,0.000,,1.9,0.244,0.127,8.2,1.137,0.0,0.139,0.662,6.0,0.0,0.000,0.000,Control
229,210201_1,E33_F,A,Day4,1,MWM_150,2/11/2021,13.6,2.047,SE,0.150,0.0,0.000,,0.0,0.000,,4.8,0.978,0.202,8.8,1.069,1.6,0.122,1.974,9.5,0.0,0.000,,Control
230,210201_2,E33_F,A,Day4,1,MWM_150,2/11/2021,41.0,8.478,SE,0.207,1.4,0.371,0.272,7.5,1.687,0.226,13.0,2.975,0.229,19.2,3.445,1.1,0.179,8.438,37.0,5.3,1.025,0.195,Control
231,210201_3,E33_F,A,Day4,1,MWM_150,2/11/2021,34.6,5.672,SE,0.164,0.9,0.192,0.206,4.5,0.817,0.180,13.3,2.501,0.188,15.9,2.163,6.1,0.136,5.636,30.6,2.7,0.416,0.154,Control
232,210201_4,E33_F,A,Day4,1,MWM_150,2/11/2021,13.7,2.599,SE,0.189,0.0,0.038,1.130,0.5,0.131,0.245,3.9,1.141,0.295,9.3,1.288,1.7,0.139,2.488,9.7,0.0,0.000,,Control
233,210201_5,E33_F,A,Day4,1,MWM_150,2/11/2021,11.8,1.913,SE,0.162,0.0,0.000,,0.5,0.078,0.147,3.3,0.820,0.250,8.0,1.015,1.7,0.127,1.842,7.7,0.0,0.000,,Control
234,210201_6,E44_F,C,Day4,1,MWM_150,2/11/2021,60.0,11.302,SE,0.188,14.0,2.796,0.200,4.9,1.355,0.275,24.7,4.617,0.187,16.4,2.534,10.3,0.155,11.302,59.2,11.8,1.376,0.117,Control
235,210201_7,E44_F,C,Day4,1,MWM_150,2/11/2021,26.4,4.332,SE,0.164,0.0,0.000,,4.0,0.877,0.219,6.5,1.332,0.206,15.9,2.123,1.5,0.134,4.227,22.3,1.4,0.125,0.087,Control
236,210201_8,E44_F,C,Day4,1,MWM_150,2/11/2021,9.7,1.114,SE,0.115,0.0,0.000,,0.0,0.000,,4.0,0.783,0.197,5.7,0.331,4.0,0.058,1.047,5.6,0.5,0.049,0.091,Control
237,210201_9,E44_F,C,Day4,1,MWM_150,2/11/2021,18.2,2.566,SE,0.141,0.7,0.084,0.126,3.1,0.370,0.119,4.6,0.847,0.185,9.9,1.264,5.3,0.128,2.499,14.2,2.2,0.177,0.082,Control
238,210201_10,E44_F,C,Day4,1,MWM_150,2/11/2021,23.0,2.061,SE,0.090,0.0,0.000,,0.0,0.000,,13.2,1.236,0.094,9.8,0.825,13.2,0.084,2.023,18.9,0.0,0.000,,Control
239,210201_11,E44_M,B,Day4,1,MWM_150,2/11/2021,19.0,2.466,SE,0.130,0.9,0.124,0.138,0.9,0.119,0.133,8.8,1.144,0.130,8.4,1.078,4.5,0.128,2.080,14.9,0.0,0.000,,Control
240,210201_12,E44_M,B,Day4,1,MWM_150,2/11/2021,54.8,5.758,SE,0.105,1.4,0.185,0.132,15.9,2.026,0.127,10.9,1.057,0.097,26.7,2.489,6.7,0.093,5.689,50.8,5.6,0.679,0.122,Control
241,210201_13,E44_M,B,Day4,1,MWM_150,2/11/2021,60.0,7.773,SE,0.130,0.0,0.000,,13.5,2.097,0.156,19.6,1.762,0.090,26.9,3.914,12.5,0.146,,,11.9,2.214,0.186,Control
242,210201_14,E44_M,B,Day4,1,MWM_150,2/11/2021,20.3,3.401,SW,0.168,0.0,0.000,,0.0,0.000,,9.0,1.956,0.217,11.2,1.444,0.0,0.129,3.363,16.2,2.4,0.414,0.173,Control
243,210201_15,E44_M,B,Day4,1,MWM_150,2/11/2021,29.9,2.175,SE,0.073,0.0,0.000,,0.0,0.000,,22.7,1.694,0.075,7.2,0.482,22.7,0.067,2.099,25.8,10.9,0.481,0.044,Control
244,210201_16,E44_M,B,Day4,1,MWM_150,2/11/2021,21.6,2.395,SE,0.111,0.0,0.000,,0.0,0.000,,2.4,0.258,0.108,19.2,2.137,2.0,0.111,2.362,17.6,0.0,0.000,,Control
245,210201_17,E44_M,B,Day4,1,MWM_150,2/11/2021,11.1,1.035,SE,0.093,0.0,0.000,,0.0,0.000,,3.5,0.523,0.149,7.6,0.512,3.5,0.067,1.002,7.0,0.0,0.000,,Control
246,210201_18,E44_M,B,Day4,1,MWM_150,2/11/2021,39.5,4.232,SE,0.107,0.0,0.000,,0.0,0.000,,11.4,0.876,0.077,28.1,3.356,7.9,0.120,4.195,35.3,3.8,0.235,0.062,Control
247,210201_19,E2HN_M,D,Day4,1,MWM_150,2/11/2021,60.0,9.689,SE,0.161,0.0,0.000,,28.4,4.177,0.147,10.7,1.734,0.162,20.9,3.778,3.9,0.181,,,8.0,0.607,0.076,Control
248,210201_1,E33_F,A,Day4,2,MWM_150,2/11/2021,9.6,1.813,NW,0.190,0.0,0.000,,4.1,0.697,0.171,1.3,0.262,0.201,4.2,0.855,4.1,0.205,0.988,5.5,2.3,0.380,0.163,Control
249,210201_2,E33_F,A,Day4,2,MWM_150,2/11/2021,7.2,0.748,NW,0.104,0.0,0.000,,1.8,0.398,0.226,0.0,0.000,,5.5,0.349,1.8,0.064,0.670,3.2,0.0,0.000,,Control
250,210201_3,E33_F,A,Day4,2,MWM_150,2/11/2021,12.7,1.473,NW,0.116,0.0,0.000,,4.5,0.680,0.152,0.0,0.000,,8.2,0.793,4.5,0.096,1.436,8.6,1.5,0.242,0.158,Control
251,210201_4,E33_F,A,Day4,2,MWM_150,2/11/2021,11.5,2.562,SE,0.224,0.4,0.075,0.205,3.0,0.734,0.248,1.0,0.915,0.876,7.1,0.837,2.6,0.118,2.421,7.3,1.0,0.915,0.876,Control
252,210201_5,E33_F,A,Day4,2,MWM_150,2/11/2021,9.8,1.355,NW,0.138,0.0,0.000,,3.3,0.749,0.230,0.0,0.000,,6.6,0.606,3.3,0.092,1.282,5.8,0.0,0.000,,Control
253,210201_6,E44_F,C,Day4,2,MWM_150,2/11/2021,60.0,12.877,SE,0.215,9.1,2.173,0.240,12.8,2.535,0.199,14.7,3.212,0.219,23.5,4.958,0.6,0.211,,,13.1,1.947,0.149,Control
254,210201_7,E44_F,C,Day4,2,MWM_150,2/11/2021,15.3,1.958,NW,0.128,0.0,0.000,,3.5,0.563,0.162,1.0,0.077,0.074,10.8,1.318,3.5,0.122,1.854,11.2,0.0,0.000,,Control
255,210201_8,E44_F,C,Day4,2,MWM_150,2/11/2021,13.4,1.600,NW,0.119,0.0,0.000,,7.1,1.098,0.154,0.0,0.000,0.000,6.3,0.502,7.1,0.080,1.519,9.3,0.0,0.000,,Control
256,210201_9,E44_F,C,Day4,2,MWM_150,2/11/2021,9.0,1.102,SW,0.123,0.0,0.000,,0.0,0.000,,0.0,0.000,,9.0,1.102,0.0,0.123,0.981,4.9,0.0,0.000,,Control
257,210201_10,E44_F,C,Day4,2,MWM_150,2/11/2021,30.6,4.542,NW,0.148,0.0,0.000,,10.7,1.658,0.155,0.5,0.041,0.088,19.5,2.843,3.9,0.146,3.829,26.6,0.0,0.000,,Control
258,210201_11,E44_M,B,Day4,2,MWM_150,2/11/2021,8.6,0.678,NW,0.079,0.0,0.000,,2.9,0.339,0.118,0.0,0.000,,5.7,0.339,2.9,0.060,0.602,4.5,0.0,0.000,,Control
259,210201_12,E44_M,B,Day4,2,MWM_150,2/11/2021,25.9,1.970,NW,0.076,0.0,0.000,,15.0,1.244,0.083,0.0,0.000,,10.9,0.726,15.0,0.066,1.933,21.9,0.0,0.000,,Control
260,210201_13,E44_M,B,Day4,2,MWM_150,2/11/2021,39.2,3.361,NW,0.086,0.0,0.000,,19.0,0.828,0.043,5.2,0.964,0.185,14.9,1.570,17.6,0.105,3.326,35.1,0.0,0.000,,Control
261,210201_14,E44_M,B,Day4,2,MWM_150,2/11/2021,19.2,3.076,NW,0.160,0.0,0.000,,6.2,1.061,0.170,3.2,0.626,0.193,9.7,1.389,1.8,0.143,3.005,15.1,0.0,0.000,,Control
262,210201_15,E44_M,B,Day4,2,MWM_150,2/11/2021,30.9,3.345,NW,0.108,0.0,0.000,,13.0,0.746,0.057,4.7,0.716,0.153,13.1,1.883,13.0,0.143,3.202,26.8,2.1,0.300,0.143,Control
263,210201_16,E44_M,B,Day4,2,MWM_150,2/11/2021,14.5,1.875,NW,0.130,0.0,0.000,,3.4,0.320,0.095,4.3,0.881,0.205,6.8,0.674,3.4,0.099,1.799,10.4,0.5,0.075,0.140,Control
264,210201_17,E44_M,B,Day4,2,MWM_150,2/11/2021,9.5,0.793,NW,0.084,0.0,0.000,,4.0,0.454,0.114,0.0,0.000,,5.5,0.339,4.0,0.061,0.723,5.4,0.0,0.000,0.000,Control
265,210201_18,E44_M,B,Day4,2,MWM_150,2/11/2021,22.1,1.758,NW,0.080,0.0,0.000,,13.5,0.841,0.062,0.6,0.081,0.143,8.0,0.835,13.5,0.105,1.655,18.0,0.0,0.000,,Control
266,210201_19,E2HN_M,D,Day4,2,MWM_150,2/11/2021,28.2,2.109,NW,0.075,0.0,0.000,,18.1,0.937,0.052,0.0,0.000,,10.1,1.172,14.9,0.116,2.074,24.2,5.4,0.803,0.149,Control
267,210201_1,E33_F,A,Day4,3,MWM_150,2/11/2021,10.0,2.264,NE,0.226,1.3,0.357,0.267,0.4,0.150,0.346,1.4,0.273,0.199,6.9,1.484,1.8,0.216,1.471,6.0,1.5,0.320,0.213,Control
268,210201_2,E33_F,A,Day4,3,MWM_150,2/11/2021,9.9,0.220,SW,0.022,0.0,0.000,,0.0,0.000,,0.0,0.000,,9.9,0.220,0.0,0.022,0.153,5.8,0.0,0.000,,Control
269,210201_3,E33_F,A,Day4,3,MWM_150,2/11/2021,6.4,0.411,NW,0.064,0.0,0.000,,0.6,0.062,0.101,0.0,0.000,,5.8,0.349,0.6,0.060,0.376,2.3,0.0,0.000,,Control
270,210201_4,E33_F,A,Day4,3,MWM_150,2/11/2021,6.8,0.759,NE,0.111,1.1,0.280,0.251,0.0,0.000,,0.1,0.048,0.355,5.6,0.431,1.3,0.077,0.715,2.7,0.0,0.000,,Control
271,210201_5,E33_F,A,Day4,3,MWM_150,2/11/2021,27.4,5.154,SW,0.188,0.0,0.000,,6.1,1.278,0.209,3.6,0.908,0.250,17.7,2.969,0.0,0.168,5.120,23.4,2.9,0.443,0.154,Control
272,210201_6,E44_F,C,Day4,3,MWM_150,2/11/2021,28.3,4.721,NE,0.167,3.3,0.567,0.173,0.0,0.000,,12.2,2.122,0.174,12.8,2.032,7.6,0.159,3.731,24.2,0.0,0.000,,Control
273,210201_7,E44_F,C,Day4,3,MWM_150,2/11/2021,13.1,1.983,SE,0.151,0.0,0.000,,1.8,0.379,0.215,6.2,1.228,0.199,5.2,0.376,6.2,0.072,1.872,9.1,0.0,0.000,,Control
274,210201_8,E44_F,C,Day4,3,MWM_150,2/11/2021,9.6,1.442,NE,0.151,2.8,0.441,0.156,0.0,0.000,,1.2,0.309,0.265,5.6,0.692,4.0,0.124,1.029,5.5,0.0,0.000,,Control
275,210201_9,E44_F,C,Day4,3,MWM_150,2/11/2021,8.0,0.845,SE,0.106,0.0,0.000,,0.0,0.000,,1.6,0.290,0.184,6.4,0.555,1.6,0.087,0.703,3.9,0.5,0.051,0.109,Control
276,210201_10,E44_F,C,Day4,3,MWM_150,2/11/2021,15.3,2.220,SE,0.145,0.6,0.047,0.082,0.0,0.000,,7.2,1.337,0.185,7.5,0.836,5.5,0.111,1.474,11.3,3.8,0.602,0.158,Control
277,210201_11,E44_M,B,Day4,3,MWM_150,2/11/2021,16.2,1.008,NE,0.062,9.9,0.438,0.044,0.3,0.098,0.293,0.0,0.000,,5.9,0.472,10.3,0.080,0.939,12.1,0.0,0.000,,Control
278,210201_12,E44_M,B,Day4,3,MWM_150,2/11/2021,20.7,2.399,NE,0.116,8.6,0.714,0.083,1.5,0.117,0.078,4.5,0.592,0.132,6.1,0.976,14.2,0.160,1.657,16.6,0.4,0.063,0.157,Control
279,210201_13,E44_M,B,Day4,3,MWM_150,2/11/2021,12.7,1.771,NE,0.140,4.6,0.332,0.071,2.3,0.404,0.178,0.2,0.160,0.896,5.6,0.875,6.9,0.157,1.027,8.6,0.1,0.082,0.562,Control
280,210201_14,E44_M,B,Day4,3,MWM_150,2/11/2021,20.2,1.695,NE,0.084,11.5,0.438,0.038,0.0,0.000,,1.1,0.192,0.174,7.7,1.065,12.6,0.139,1.087,16.2,1.4,0.154,0.110,Control
281,210201_15,E44_M,B,Day4,3,MWM_150,2/11/2021,8.4,1.543,NE,0.183,2.7,0.557,0.203,0.2,0.075,0.450,0.0,0.000,,5.5,0.911,2.9,0.165,0.978,4.3,0.0,0.000,,Control
282,210201_16,E44_M,B,Day4,3,MWM_150,2/11/2021,11.1,1.320,NE,0.119,1.8,0.245,0.137,4.1,0.662,0.163,0.0,0.000,,5.3,0.412,5.9,0.078,1.189,7.0,0.0,0.000,,Control
283,210201_17,E44_M,B,Day4,3,MWM_150,2/11/2021,10.2,0.954,NE,0.093,4.0,0.541,0.136,0.2,0.035,0.151,0.0,0.000,,6.0,0.377,4.2,0.063,0.918,6.2,0.0,0.000,,Control
284,210201_18,E44_M,B,Day4,3,MWM_150,2/11/2021,16.4,1.222,NE,0.075,7.6,0.394,0.052,1.2,0.267,0.222,0.0,0.000,,7.6,0.561,8.8,0.074,1.188,12.4,0.0,0.000,,Control
285,210201_19,E2HN_M,D,Day4,3,MWM_150,2/11/2021,29.0,3.069,NE,0.106,12.5,0.800,0.064,8.5,1.415,0.166,0.0,0.000,,7.9,0.855,19.5,0.108,3.000,24.9,2.9,0.286,0.100,Control
286,210201_1,E33_F,A,Day4,4,MWM_150,2/11/2021,7.3,0.729,SW,0.100,0.0,0.000,,0.0,0.000,,0.0,0.000,,7.3,0.729,0.0,0.100,0.627,3.2,0.3,0.045,0.169,Control
287,210201_2,E33_F,A,Day4,4,MWM_150,2/11/2021,7.8,1.240,SW,0.160,0.0,0.000,,0.0,0.000,,0.0,0.000,,7.8,1.240,0.0,0.160,0.692,3.7,1.2,0.203,0.165,Control
288,210201_3,E33_F,A,Day4,4,MWM_150,2/11/2021,9.4,0.803,SW,0.086,0.0,0.000,,0.0,0.000,,0.0,0.000,,9.4,0.803,0.0,0.086,0.659,5.3,2.5,0.372,0.151,Control
289,210201_4,E33_F,A,Day4,4,MWM_150,2/11/2021,4.5,0.124,SW,0.028,0.0,0.000,,0.0,0.000,,0.0,0.000,,4.5,0.124,0.0,0.028,0.000,0.0,0.0,0.000,,Control
290,210201_5,E33_F,A,Day4,4,MWM_150,2/11/2021,5.5,0.369,SW,0.067,0.0,0.000,,0.0,0.000,,0.0,0.000,,5.5,0.369,0.0,0.067,0.230,1.4,0.0,0.000,,Control
291,210201_6,E44_F,C,Day4,4,MWM_150,2/11/2021,7.2,1.232,SW,0.172,0.0,0.000,,0.0,0.000,,1.2,0.448,0.360,5.9,0.784,0.0,0.133,0.541,3.1,0.0,0.000,,Control
292,210201_7,E44_F,C,Day4,4,MWM_150,2/11/2021,11.2,1.237,SE,0.110,0.0,0.000,,0.0,0.000,,3.0,0.393,0.133,8.3,0.844,1.1,0.102,1.201,7.2,0.0,0.000,,Control
293,210201_8,E44_F,C,Day4,4,MWM_150,2/11/2021,56.2,10.420,SW,0.185,4.5,1.058,0.233,10.2,2.410,0.236,5.8,1.486,0.256,35.2,5.335,0.0,0.152,10.077,52.2,16.5,3.708,0.224,Control
294,210201_9,E44_F,C,Day4,4,MWM_150,2/11/2021,48.3,10.819,NW,0.224,4.9,1.256,0.255,9.3,1.959,0.211,9.7,2.575,0.265,24.3,5.029,4.5,0.207,10.078,44.1,8.9,1.841,0.207,Control
295,210201_10,E44_F,C,Day4,4,MWM_150,2/11/2021,6.0,0.984,SW,0.164,0.0,0.000,,0.0,0.000,,1.0,0.368,0.379,5.0,0.617,0.0,0.122,0.210,1.9,0.8,0.078,0.094,Control
296,210201_11,E44_M,B,Day4,4,MWM_150,2/11/2021,7.8,0.892,SW,0.114,0.0,0.000,,0.0,0.000,,1.1,0.000,0.000,6.7,0.892,0.0,0.133,0.346,3.8,1.1,0.000,0.000,Control
297,210201_12,E44_M,B,Day4,4,MWM_150,2/11/2021,4.7,0.106,SW,0.022,0.0,0.000,,0.0,0.000,,0.0,0.000,,4.7,0.106,0.0,0.022,0.034,0.7,0.0,0.000,,Control
298,210201_13,E44_M,B,Day4,4,MWM_150,2/11/2021,7.1,0.298,SW,0.042,0.0,0.000,,0.0,0.000,,0.0,0.000,,7.1,0.298,0.0,0.042,0.262,3.0,0.0,0.000,,Control
299,210201_14,E44_M,B,Day4,4,MWM_150,2/11/2021,7.7,0.775,SW,0.100,0.0,0.000,,0.0,0.000,,0.0,0.000,,7.7,0.775,0.0,0.100,0.697,3.6,1.3,0.301,0.226,Control
300,210201_15,E44_M,B,Day4,4,MWM_150,2/11/2021,19.9,2.079,SE,0.104,0.0,0.000,,0.0,0.000,,8.6,0.100,0.012,11.3,1.979,8.1,0.175,1.426,15.9,2.3,0.177,0.078,Control
301,210201_16,E44_M,B,Day4,4,MWM_150,2/11/2021,9.7,1.350,SE,0.140,0.0,0.000,,0.0,0.000,,4.1,1.062,0.258,5.5,0.288,4.1,0.052,1.315,5.5,4.1,1.062,0.258,Control
302,210201_17,E44_M,B,Day4,4,MWM_150,2/11/2021,7.5,1.011,SW,0.134,0.0,0.000,,0.0,0.000,,1.3,0.222,0.174,6.2,0.788,0.0,0.126,0.555,3.4,0.0,0.000,,Control
303,210201_18,E44_M,B,Day4,4,MWM_150,2/11/2021,20.5,3.345,SW,0.163,0.0,0.000,,0.0,0.000,,0.6,0.411,0.649,19.9,2.934,0.0,0.148,1.921,16.4,1.6,0.145,0.091,Control
304,210201_19,E2HN_M,D,Day4,4,MWM_150,2/11/2021,14.5,0.154,SW,0.011,0.0,0.000,,0.0,0.000,,0.0,0.000,,14.5,0.154,0.0,0.011,0.112,10.4,0.0,0.000,,Control
305,210201_1,E33_F,A,Day5,1,MWM_150,2/12/2021,17.5,3.045,SW,0.174,0.7,0.140,0.190,2.6,0.656,0.256,1.9,0.422,0.226,12.3,1.829,0.0,0.148,3.011,13.4,0.0,0.000,,Control
306,210201_2,E33_F,A,Day5,1,MWM_150,2/12/2021,4.8,0.168,SW,0.035,0.0,0.000,,0.0,0.000,,0.0,0.000,,4.8,0.168,0.0,0.035,0.058,0.7,0.0,0.000,,Control
307,210201_3,E33_F,A,Day5,1,MWM_150,2/12/2021,5.9,0.539,SE,0.091,0.0,0.000,,0.0,0.000,,0.6,0.082,0.134,5.3,0.456,0.6,0.086,0.399,1.8,0.0,0.000,,Control
308,210201_4,E33_F,A,Day5,1,MWM_150,2/12/2021,4.4,0.074,SW,0.017,0.0,0.000,,0.0,0.000,,0.0,0.000,,4.4,0.074,0.0,0.017,0.000,0.0,0.0,0.000,,Control
309,210201_5,E33_F,A,Day5,1,MWM_150,2/12/2021,10.2,1.274,SE,0.125,0.0,0.000,,0.0,0.000,,1.5,0.241,0.166,8.8,1.032,1.5,0.118,1.201,6.2,0.0,0.000,,Control
310,210201_6,E44_F,C,Day5,1,MWM_150,2/12/2021,30.1,5.668,SW,0.188,1.8,0.537,0.304,7.8,1.655,0.213,5.3,1.235,0.235,15.3,2.241,0.0,0.146,5.564,26.0,1.9,0.280,0.145,Control
311,210201_7,E44_F,C,Day5,1,MWM_150,2/12/2021,7.7,1.152,NW,0.150,0.0,0.000,,2.0,0.323,0.163,0.0,0.000,,5.7,0.829,2.0,0.146,0.639,3.5,0.0,0.000,,Control
312,210201_8,E44_F,C,Day5,1,MWM_150,2/12/2021,13.4,1.284,SW,0.096,0.0,0.000,,2.5,0.444,0.180,0.0,0.000,,10.9,0.840,0.0,0.077,1.284,9.3,0.2,0.000,0.000,Control
313,210201_9,E44_F,C,Day5,1,MWM_150,2/12/2021,9.2,1.287,NW,0.140,0.9,0.267,0.297,0.6,0.075,0.131,2.3,0.589,0.256,5.4,0.355,3.8,0.065,1.253,5.1,0.0,0.000,,Control
314,210201_10,E44_F,C,Day5,1,MWM_150,2/12/2021,5.4,0.221,SW,0.041,0.0,0.000,,0.0,0.000,,0.0,0.000,,5.4,0.221,0.0,0.041,0.071,1.3,0.0,0.000,,Control
315,210201_11,E44_M,B,Day5,1,MWM_150,2/12/2021,8.2,0.419,SW,0.051,0.0,0.000,,0.0,0.000,,0.0,0.000,,8.2,0.419,0.0,0.051,0.343,4.2,0.0,0.000,,Control
316,210201_12,E44_M,B,Day5,1,MWM_150,2/12/2021,5.2,0.118,SW,0.023,0.0,0.000,,0.0,0.000,,0.0,0.000,,5.2,0.118,0.0,0.023,0.079,1.1,0.0,0.000,,Control
317,210201_13,E44_M,B,Day5,1,MWM_150,2/12/2021,15.1,0.704,SW,0.047,0.0,0.000,,0.0,0.000,,0.0,0.000,,15.1,0.704,0.0,0.047,0.563,11.0,0.0,0.000,,Control
318,210201_14,E44_M,B,Day5,1,MWM_150,2/12/2021,8.6,0.879,SW,0.103,0.0,0.000,,0.0,0.000,,2.1,0.430,0.202,6.4,0.449,0.0,0.070,0.805,4.5,0.0,0.000,,Control
319,210201_15,E44_M,B,Day5,1,MWM_150,2/12/2021,4.9,0.077,SW,0.016,0.0,0.000,,0.0,0.000,,0.0,0.000,,4.9,0.077,0.0,0.016,0.043,0.8,0.0,0.000,,Control
320,210201_16,E44_M,B,Day5,1,MWM_150,2/12/2021,4.7,0.107,SW,0.023,0.0,0.000,,0.0,0.000,,0.0,0.000,,4.7,0.107,0.0,0.023,0.035,0.6,0.0,0.000,,Control
321,210201_17,E44_M,B,Day5,1,MWM_150,2/12/2021,19.0,2.289,SW,0.120,0.0,0.000,,0.0,0.000,,1.2,0.167,0.139,17.8,2.122,0.0,0.119,2.209,14.9,1.3,0.108,0.083,Control
322,210201_18,E44_M,B,Day5,1,MWM_150,2/12/2021,16.9,1.280,SW,0.076,0.0,0.000,,1.0,0.152,0.152,0.0,0.000,,15.9,1.128,0.0,0.071,1.208,12.8,0.0,0.000,,Control
323,210201_19,E2HN_M,D,Day5,1,MWM_150,2/12/2021,36.4,5.230,SW,0.144,3.9,0.484,0.124,22.0,3.665,0.166,0.0,0.000,,10.4,1.081,0.0,0.104,5.187,32.3,11.8,1.361,0.116,Control
324,210201_1,E33_F,A,Day5,2,MWM_150,2/12/2021,23.1,4.107,SE,0.178,2.3,0.486,0.215,1.8,0.478,0.270,3.4,0.728,0.217,15.7,2.415,3.4,0.154,4.071,19.0,0.0,0.000,,Control
325,210201_2,E33_F,A,Day5,2,MWM_150,2/12/2021,6.2,0.387,SW,0.062,0.0,0.000,,0.0,0.000,,0.0,0.000,,6.2,0.387,0.0,0.062,0.314,2.2,0.0,0.000,,Control
326,210201_3,E33_F,A,Day5,2,MWM_150,2/12/2021,5.4,0.444,SW,0.083,0.0,0.000,,0.0,0.000,,0.0,0.000,,5.4,0.444,0.0,0.083,0.325,1.3,0.0,0.000,,Control
327,210201_4,E33_F,A,Day5,2,MWM_150,2/12/2021,8.6,1.166,SE,0.135,0.0,0.000,,0.0,0.000,,3.5,0.750,0.216,5.2,0.416,3.5,0.081,1.058,4.6,0.0,0.000,,Control
328,210201_5,E33_F,A,Day5,2,MWM_150,2/12/2021,12.1,2.563,SE,0.211,0.0,0.000,,0.0,0.000,,6.2,1.260,0.204,6.0,1.303,2.4,0.218,1.791,8.1,0.8,0.083,0.108,Control
329,210201_6,E44_F,C,Day5,2,MWM_150,2/12/2021,19.5,1.849,SE,0.095,0.0,0.000,,0.0,0.000,,5.1,0.612,0.121,14.5,1.237,3.8,0.085,1.708,15.5,0.0,0.000,,Control
330,210201_7,E44_F,C,Day5,2,MWM_150,2/12/2021,18.4,2.640,SE,0.143,1.9,0.318,0.165,2.7,0.545,0.204,3.1,0.607,0.195,10.7,1.170,7.7,0.109,2.538,14.4,0.1,0.000,0.000,Control
331,210201_8,E44_F,C,Day5,2,MWM_150,2/12/2021,22.1,3.382,SE,0.153,3.4,0.557,0.165,0.0,0.000,,8.0,1.692,0.211,10.7,1.134,3.0,0.106,3.311,18.0,1.2,0.174,0.145,Control
332,210201_9,E44_F,C,Day5,2,MWM_150,2/12/2021,7.3,0.489,SE,0.067,0.0,0.000,,0.0,0.000,,0.5,0.043,0.092,6.8,0.446,0.5,0.065,0.422,3.2,0.0,0.000,,Control
333,210201_10,E44_F,C,Day5,2,MWM_150,2/12/2021,19.3,1.603,SE,0.083,0.0,0.000,,0.0,0.000,,4.1,0.335,0.081,15.2,1.268,4.1,0.084,1.533,15.2,0.0,0.000,,Control
334,210201_11,E44_M,B,Day5,2,MWM_150,2/12/2021,8.2,0.551,SE,0.067,0.0,0.000,,0.0,0.000,,0.7,0.038,0.058,7.5,0.513,0.7,0.068,0.447,4.2,0.0,0.000,,Control
335,210201_12,E44_M,B,Day5,2,MWM_150,2/12/2021,31.8,3.159,SE,0.099,3.9,0.509,0.131,3.3,0.377,0.114,9.9,1.009,0.102,14.7,1.263,9.3,0.086,3.120,27.7,0.0,0.000,,Control
336,210201_13,E44_M,B,Day5,2,MWM_150,2/12/2021,13.8,1.179,SE,0.085,0.0,0.000,,0.0,0.000,,6.6,0.572,0.087,7.2,0.607,6.6,0.084,1.034,9.8,0.0,0.000,,Control
337,210201_14,E44_M,B,Day5,2,MWM_150,2/12/2021,11.2,0.879,SE,0.078,0.0,0.000,,0.0,0.000,,1.6,0.316,0.200,9.6,0.562,1.6,0.058,0.812,7.1,0.0,0.000,,Control
338,210201_15,E44_M,B,Day5,2,MWM_150,2/12/2021,22.3,3.019,SE,0.135,0.2,0.050,0.303,1.2,0.183,0.153,10.5,1.568,0.150,10.5,1.218,2.4,0.116,2.945,18.3,3.1,0.268,0.086,Control
339,210201_16,E44_M,B,Day5,2,MWM_150,2/12/2021,9.8,1.124,SE,0.115,0.0,0.000,,0.0,0.000,,2.2,0.413,0.187,7.6,0.711,2.2,0.094,1.086,5.7,0.0,0.000,,Control
340,210201_17,E44_M,B,Day5,2,MWM_150,2/12/2021,12.3,1.312,SE,0.107,0.0,0.000,,0.0,0.000,,2.8,0.393,0.139,9.5,0.919,2.8,0.097,1.172,8.2,0.0,0.000,,Control
341,210201_18,E44_M,B,Day5,2,MWM_150,2/12/2021,22.1,2.365,SE,0.107,0.0,0.000,,0.0,0.000,,7.5,0.584,0.077,14.6,1.780,7.5,0.122,2.329,18.0,2.1,0.328,0.156,Control
342,210201_19,E2HN_M,D,Day5,2,MWM_150,2/12/2021,60.0,9.536,SE,0.159,14.3,2.554,0.179,9.8,1.806,0.184,28.8,3.877,0.135,7.1,1.299,10.0,0.183,,,24.3,3.611,0.148,Control
343,210201_1,E33_F,A,Day5,3,MWM_150,2/12/2021,13.4,2.058,NW,0.154,0.0,0.000,,5.4,1.110,0.204,0.0,0.000,,8.0,0.948,2.6,0.119,1.951,9.4,0.0,0.000,,Control
344,210201_2,E33_F,A,Day5,3,MWM_150,2/12/2021,4.4,0.187,SW,0.042,0.0,0.000,,0.0,0.000,,0.0,0.000,,4.4,0.187,0.0,0.042,0.000,0.0,0.0,0.000,,Control
345,210201_3,E33_F,A,Day5,3,MWM_150,2/12/2021,5.1,0.034,SW,0.007,0.0,0.000,,0.0,0.000,,0.0,0.000,,5.1,0.034,0.0,0.007,,1.0,0.0,0.000,,Control
346,210201_4,E33_F,A,Day5,3,MWM_150,2/12/2021,7.6,1.064,NW,0.140,0.0,0.000,,2.1,0.524,0.244,0.0,0.000,,5.5,0.540,2.1,0.099,0.923,3.5,0.0,0.000,,Control
347,210201_5,E33_F,A,Day5,3,MWM_150,2/12/2021,7.8,0.912,NW,0.117,0.5,0.106,0.227,2.0,0.428,0.209,0.0,0.000,,5.3,0.378,2.5,0.072,0.840,3.7,0.0,0.000,,Control
348,210201_6,E44_F,C,Day5,3,MWM_150,2/12/2021,6.9,0.380,SW,0.055,0.0,0.000,,0.0,0.000,,0.0,0.000,,6.9,0.380,0.0,0.055,0.308,2.8,0.0,0.000,,Control
349,210201_7,E44_F,C,Day5,3,MWM_150,2/12/2021,19.9,3.716,NW,0.187,1.7,0.445,0.262,6.3,1.289,0.205,2.4,0.626,0.261,9.5,1.356,5.1,0.142,3.568,15.9,0.0,0.000,,Control
350,210201_8,E44_F,C,Day5,3,MWM_150,2/12/2021,54.0,13.040,SW,0.242,7.7,1.912,0.249,8.3,2.097,0.254,15.9,4.019,0.253,22.1,5.013,0.0,0.226,12.412,49.9,15.5,3.446,0.223,Control
351,210201_9,E44_F,C,Day5,3,MWM_150,2/12/2021,9.4,1.348,NE,0.144,2.5,0.638,0.252,0.0,0.000,,1.2,0.256,0.213,5.7,0.455,3.7,0.080,1.245,5.3,0.0,0.000,,Control
352,210201_10,E44_F,C,Day5,3,MWM_150,2/12/2021,17.0,1.108,NW,0.065,0.0,0.000,,4.1,0.405,0.099,0.0,0.000,,12.9,0.704,4.1,0.054,0.996,12.9,0.0,0.000,,Control
353,210201_11,E44_M,B,Day5,3,MWM_150,2/12/2021,7.2,0.412,NW,0.058,0.0,0.000,,1.4,0.123,0.086,0.0,0.000,,5.7,0.289,1.4,0.050,0.412,3.1,0.0,0.000,,Control
354,210201_12,E44_M,B,Day5,3,MWM_150,2/12/2021,60.0,6.751,NW,0.113,0.0,0.000,,15.5,1.471,0.095,15.5,2.017,0.130,29.0,3.263,7.0,0.113,,,22.0,2.540,0.116,Control
355,210201_13,E44_M,B,Day5,3,MWM_150,2/12/2021,6.2,0.395,NW,0.064,0.0,0.000,,0.8,0.112,0.138,0.0,0.000,,5.4,0.283,0.8,0.053,0.326,2.1,0.0,0.000,,Control
356,210201_14,E44_M,B,Day5,3,MWM_150,2/12/2021,8.9,0.279,SW,0.031,0.0,0.000,,0.0,0.000,,0.0,0.000,,8.9,0.279,0.0,0.031,0.173,4.8,0.0,0.000,,Control
357,210201_15,E44_M,B,Day5,3,MWM_150,2/12/2021,11.5,0.895,NW,0.078,0.0,0.000,,2.0,0.157,0.077,0.0,0.000,,9.5,0.737,2.0,0.078,0.824,7.4,0.0,0.000,,Control
358,210201_16,E44_M,B,Day5,3,MWM_150,2/12/2021,7.1,1.357,NW,0.190,0.0,0.000,,1.4,0.268,0.186,0.7,0.481,0.656,5.0,0.608,1.4,0.122,0.516,3.0,0.5,0.000,0.000,Control
359,210201_17,E44_M,B,Day5,3,MWM_150,2/12/2021,16.1,2.317,NW,0.144,0.0,0.000,,3.2,0.455,0.141,3.9,0.829,0.211,8.9,1.033,3.2,0.116,2.210,12.0,0.0,0.000,,Control
360,210201_18,E44_M,B,Day5,3,MWM_150,2/12/2021,9.5,1.458,NW,0.153,0.0,0.000,,1.3,0.243,0.182,1.8,0.408,0.222,6.4,0.808,1.3,0.127,1.144,5.4,0.0,0.000,,Control
361,210201_19,E2HN_M,D,Day5,3,MWM_150,2/12/2021,60.0,10.217,NW,0.170,4.4,0.952,0.217,20.0,2.992,0.150,5.0,0.932,0.186,30.6,5.341,5.5,0.174,,,21.2,2.840,0.134,Control
362,210201_1,E33_F,A,Day5,4,MWM_150,2/12/2021,4.8,0.189,SW,0.039,0.0,0.000,,0.0,0.000,,0.0,0.000,,4.8,0.189,0.0,0.039,0.112,0.8,0.0,0.000,,Control
363,210201_2,E33_F,A,Day5,4,MWM_150,2/12/2021,5.0,0.286,SW,0.057,0.0,0.000,,0.0,0.000,,0.0,0.000,,5.0,0.286,0.0,0.057,0.214,1.0,0.0,0.000,,Control
364,210201_3,E33_F,A,Day5,4,MWM_150,2/12/2021,6.2,0.364,SE,0.058,0.0,0.000,,0.0,0.000,,0.6,0.050,0.089,5.7,0.313,0.6,0.055,0.330,2.2,0.0,0.000,,Control
365,210201_4,E33_F,A,Day5,4,MWM_150,2/12/2021,9.6,1.483,SE,0.154,0.9,0.273,0.303,0.3,0.092,0.276,2.4,0.579,0.244,6.0,0.539,1.1,0.089,1.413,5.6,0.0,0.000,,Control
366,210201_5,E33_F,A,Day5,4,MWM_150,2/12/2021,10.8,2.524,SW,0.233,0.0,0.000,,0.0,0.000,,0.6,0.537,0.903,10.2,1.987,0.0,0.194,1.322,6.8,0.6,0.537,0.903,Control
367,210201_6,E44_F,C,Day5,4,MWM_150,2/12/2021,11.9,1.734,NE,0.146,1.3,0.832,0.648,0.0,0.000,,0.0,0.000,,10.6,0.902,1.3,0.085,1.626,7.9,2.0,0.867,0.444,Control
368,210201_7,E44_F,C,Day5,4,MWM_150,2/12/2021,18.8,2.581,NE,0.137,1.8,0.279,0.157,0.0,0.000,,2.3,0.506,0.217,14.7,1.795,4.1,0.122,2.436,14.7,0.9,0.190,0.219,Control
369,210201_8,E44_F,C,Day5,4,MWM_150,2/12/2021,10.6,1.407,NE,0.132,1.6,0.210,0.128,0.0,0.000,,2.6,0.682,0.262,6.4,0.515,4.2,0.081,1.298,6.6,0.0,0.000,,Control
370,210201_9,E44_F,C,Day5,4,MWM_150,2/12/2021,8.6,0.957,NW,0.112,0.0,0.000,,1.1,0.259,0.243,0.0,0.000,,7.5,0.698,1.1,0.093,0.923,4.5,0.0,0.000,,Control
371,210201_10,E44_F,C,Day5,4,MWM_150,2/12/2021,15.2,1.350,NE,0.089,3.2,0.217,0.068,0.0,0.000,,2.8,0.311,0.110,9.1,0.822,5.7,0.090,1.281,11.1,0.0,0.000,,Control
372,210201_11,E44_M,B,Day5,4,MWM_150,2/12/2021,13.1,0.593,SE,0.045,0.0,0.000,,0.0,0.000,,6.5,0.193,0.030,6.6,0.400,6.5,0.060,0.522,9.1,0.0,0.000,,Control
373,210201_12,E44_M,B,Day5,4,MWM_150,2/12/2021,15.3,1.700,SE,0.111,5.5,0.448,0.081,0.0,0.000,,2.4,0.704,0.292,7.4,0.548,7.9,0.074,1.552,11.2,1.8,0.615,0.334,Control
374,210201_13,E44_M,B,Day5,4,MWM_150,2/12/2021,9.1,0.798,SW,0.088,0.0,0.000,,0.0,0.000,,0.5,0.282,0.524,8.5,0.516,0.0,0.060,0.000,0.0,0.0,0.000,,Control
375,210201_14,E44_M,B,Day5,4,MWM_150,2/12/2021,10.8,1.754,SE,0.162,0.0,0.000,,0.0,0.000,,2.3,0.351,0.151,8.5,1.403,1.6,0.165,1.070,6.7,0.0,0.000,,Control
376,210201_15,E44_M,B,Day5,4,MWM_150,2/12/2021,12.6,1.104,NE,0.087,1.4,0.158,0.116,2.6,0.337,0.128,0.0,0.000,,8.6,0.608,4.0,0.070,1.033,8.6,0.0,0.000,,Control
377,210201_16,E44_M,B,Day5,4,MWM_150,2/12/2021,12.0,1.753,SW,0.146,0.0,0.000,,0.0,0.000,,0.6,0.099,0.177,11.4,1.654,0.0,0.145,1.132,7.9,0.0,0.000,,Control
378,210201_17,E44_M,B,Day5,4,MWM_150,2/12/2021,9.3,0.858,SE,0.092,0.0,0.000,,0.0,0.000,,1.3,0.191,0.146,8.0,0.667,1.3,0.083,0.751,5.2,0.0,0.000,,Control
379,210201_18,E44_M,B,Day5,4,MWM_150,2/12/2021,12.6,1.726,NE,0.137,5.0,0.177,0.035,0.0,0.000,,0.8,0.567,0.673,6.7,0.981,5.6,0.146,0.841,8.4,0.1,0.000,0.000,Control
380,210201_19,E2HN_M,D,Day5,4,MWM_150,2/12/2021,36.0,4.867,NE,0.135,9.0,0.574,0.063,4.2,0.783,0.186,9.7,1.649,0.170,13.0,1.861,13.2,0.143,4.605,31.9,4.1,0.513,0.124,Control
381,210201_1,E33_F,A,Probe_D5,1,MWM_150,2/12/2021,60.0,12.913,NE,0.215,5.9,1.915,0.324,12.1,2.479,0.205,7.0,1.475,0.212,35.0,7.045,0.6,0.201,2.005,5.5,2.4,1.138,0.484,Control
382,210201_2,E33_F,A,Probe_D5,1,MWM_150,2/12/2021,60.0,13.693,SW,0.228,4.7,1.084,0.229,7.6,1.342,0.176,16.3,3.923,0.240,31.3,7.343,0.0,0.235,0.753,3.5,6.6,0.977,0.148,Control
383,210201_3,E33_F,A,Probe_D5,1,MWM_150,2/12/2021,60.0,11.162,SE,0.186,0.0,0.000,,6.1,0.874,0.143,10.1,2.069,0.204,43.7,8.219,2.9,0.188,1.193,7.3,8.3,1.297,0.157,Control
384,210201_4,E33_F,A,Probe_D5,1,MWM_150,2/12/2021,60.0,13.942,NE,0.232,7.6,1.799,0.238,9.5,2.293,0.242,6.5,1.621,0.251,36.5,8.228,0.5,0.225,0.459,1.7,1.0,0.139,0.138,Control
385,210201_5,E33_F,A,Probe_D5,1,MWM_150,2/12/2021,60.0,11.977,NE,0.200,9.7,1.854,0.191,4.6,1.196,0.262,12.1,3.030,0.250,33.6,5.897,3.9,0.176,3.204,15.9,0.0,0.000,,Control
386,210201_6,E44_F,C,Probe_D5,1,MWM_150,2/12/2021,60.0,12.163,NE,0.203,5.1,0.931,0.184,7.9,1.543,0.195,13.8,3.265,0.236,33.2,6.423,4.2,0.193,1.612,11.2,1.4,0.232,0.166,Control
387,210201_7,E44_F,C,Probe_D5,1,MWM_150,2/12/2021,60.0,13.427,SE,0.224,5.9,1.565,0.267,6.4,1.487,0.231,17.2,3.935,0.228,30.5,6.440,4.1,0.211,1.262,5.5,4.5,0.942,0.211,Control
388,210201_8,E44_F,C,Probe_D5,1,MWM_150,2/12/2021,60.0,12.968,SE,0.216,8.9,2.229,0.251,5.9,1.385,0.235,12.3,2.710,0.220,32.7,6.609,1.1,0.202,1.485,11.1,11.0,2.581,0.235,Control
389,210201_9,E44_F,C,Probe_D5,1,MWM_150,2/12/2021,60.0,10.292,NE,0.172,2.4,0.522,0.218,7.1,1.415,0.198,5.1,1.242,0.245,45.4,7.112,2.0,0.157,0.770,4.6,3.5,0.520,0.150,Control
390,210201_10,E44_F,C,Probe_D5,1,MWM_150,2/12/2021,60.0,13.280,SW,0.221,5.4,1.394,0.260,7.6,1.780,0.233,17.2,4.119,0.239,29.8,5.987,0.0,0.201,0.410,2.8,0.0,0.000,,Control
391,210201_11,E44_M,B,Probe_D5,1,MWM_150,2/12/2021,60.0,10.293,NE,0.172,11.8,1.908,0.162,4.3,0.725,0.168,13.3,2.648,0.200,30.7,5.012,4.4,0.163,2.198,13.8,5.9,0.499,0.084,Control
392,210201_12,E44_M,B,Probe_D5,1,MWM_150,2/12/2021,60.0,8.570,SE,0.143,5.5,0.728,0.132,7.2,0.993,0.137,19.6,3.163,0.161,27.6,3.686,8.2,0.134,2.141,16.8,5.0,1.135,0.228,Control
393,210201_13,E44_M,B,Probe_D5,1,MWM_150,2/12/2021,60.0,10.649,NE,0.177,7.7,1.465,0.190,5.4,1.099,0.202,17.4,3.358,0.193,29.4,4.727,3.1,0.161,0.945,5.1,8.9,1.464,0.165,Control
394,210201_14,E44_M,B,Probe_D5,1,MWM_150,2/12/2021,60.0,11.662,SE,0.194,3.1,0.710,0.229,7.5,1.578,0.211,10.5,2.030,0.194,39.0,7.344,4.1,0.188,2.090,12.8,3.8,0.789,0.207,Control
395,210201_15,E44_M,B,Probe_D5,1,MWM_150,2/12/2021,60.0,9.180,NE,0.153,10.4,1.134,0.109,13.2,2.309,0.174,7.3,1.220,0.167,29.1,4.516,6.6,0.155,1.697,16.6,0.0,0.000,,Control
396,210201_16,E44_M,B,Probe_D5,1,MWM_150,2/12/2021,60.0,11.780,NE,0.196,7.5,1.659,0.220,16.8,3.019,0.180,8.2,1.888,0.231,27.5,5.214,2.0,0.190,1.410,7.4,9.6,1.313,0.137,Control
397,210201_17,E44_M,B,Probe_D5,1,MWM_150,2/12/2021,60.0,12.393,SW,0.207,6.7,1.477,0.220,4.2,0.869,0.207,12.8,2.583,0.202,36.3,7.464,0.0,0.206,2.738,14.0,8.2,1.464,0.179,Control
398,210201_18,E44_M,B,Probe_D5,1,MWM_150,2/12/2021,60.0,10.787,NE,0.180,5.4,0.797,0.148,7.6,1.148,0.150,5.5,1.057,0.193,41.5,7.786,1.2,0.187,0.526,2.9,1.3,0.198,0.156,Control
399,210201_19,E2HN_M,D,Probe_D5,1,MWM_150,2/12/2021,60.0,8.466,NE,0.141,16.0,1.275,0.080,7.5,1.380,0.185,4.7,0.803,0.172,31.8,5.008,22.7,0.157,4.230,34.1,10.4,1.033,0.100,Control
400,210201_1,E33_F,A,Probe_D8,1,MWM_150,2/15/2021,60.0,11.803,NE,0.197,1.4,0.276,0.204,3.4,0.755,0.224,4.2,0.911,0.215,51.0,9.861,3.3,0.193,2.017,9.0,5.1,0.658,0.129,Control
401,210201_2,E33_F,A,Probe_D8,1,MWM_150,2/15/2021,60.0,15.687,SE,0.261,4.7,1.167,0.248,5.3,1.342,0.252,18.3,4.885,0.268,31.7,8.294,2.2,0.262,0.840,3.0,4.3,1.002,0.231,Control
402,210201_3,E33_F,A,Probe_D8,1,MWM_150,2/15/2021,60.0,11.894,NE,0.198,2.3,0.396,0.174,3.6,0.837,0.235,20.4,4.184,0.205,33.7,6.477,1.9,0.192,0.694,2.9,9.3,1.492,0.160,Control
403,210201_4,E33_F,A,Probe_D8,1,MWM_150,2/15/2021,60.0,14.797,NE,0.247,10.2,2.660,0.260,5.8,1.465,0.252,10.7,2.671,0.250,33.3,8.001,2.3,0.241,1.016,3.1,4.0,0.654,0.164,Control
404,210201_5,E33_F,A,Probe_D8,1,MWM_150,2/15/2021,60.0,14.323,NE,0.239,16.8,4.069,0.242,3.6,0.950,0.262,17.3,4.215,0.244,22.2,5.089,4.1,0.229,1.374,5.7,0.0,0.000,,Control
405,210201_6,E44_F,C,Probe_D8,1,MWM_150,2/15/2021,60.0,13.655,NE,0.228,21.9,4.739,0.216,9.8,2.323,0.237,15.7,3.992,0.254,12.6,2.602,7.3,0.207,8.582,39.1,0.9,0.211,0.234,Control
406,210201_7,E44_F,C,Probe_D8,1,MWM_150,2/15/2021,60.0,13.199,NE,0.220,15.7,3.577,0.228,7.1,1.715,0.240,12.2,2.755,0.225,24.9,5.151,3.6,0.206,2.090,11.4,0.7,0.118,0.177,Control
407,210201_8,E44_F,C,Probe_D8,1,MWM_150,2/15/2021,60.0,15.298,NE,0.255,13.8,3.394,0.246,4.6,1.280,0.276,18.7,5.331,0.284,22.8,5.293,3.9,0.232,1.239,5.1,5.3,0.914,0.173,Control
408,210201_9,E44_F,C,Probe_D8,1,MWM_150,2/15/2021,60.0,14.228,NE,0.237,4.7,1.074,0.231,4.8,1.227,0.256,20.2,5.180,0.256,30.3,6.747,0.9,0.223,1.251,5.9,1.6,0.290,0.185,Control
409,210201_10,E44_F,C,Probe_D8,1,MWM_150,2/15/2021,60.0,11.563,NE,0.193,11.2,2.452,0.220,6.1,1.253,0.206,19.6,3.516,0.180,23.2,4.343,9.1,0.187,,,10.2,2.425,0.238,Control
410,210201_11,E44_M,B,Probe_D8,1,MWM_150,2/15/2021,60.0,10.359,SW,0.173,4.9,0.932,0.189,7.3,1.292,0.177,16.5,3.368,0.204,31.3,4.767,0.0,0.152,3.783,25.3,5.4,0.707,0.131,Control
411,210201_12,E44_M,B,Probe_D8,1,MWM_150,2/15/2021,60.0,7.357,NE,0.123,27.8,3.183,0.114,8.8,1.410,0.160,9.6,1.371,0.143,13.8,1.393,17.5,0.101,5.248,41.1,12.3,1.998,0.162,Control
412,210201_13,E44_M,B,Probe_D8,1,MWM_150,2/15/2021,60.0,12.356,NE,0.206,11.5,2.594,0.226,12.1,2.835,0.235,8.9,2.050,0.230,27.5,4.877,4.2,0.177,1.133,6.4,0.8,0.115,0.150,Control
413,210201_14,E44_M,B,Probe_D8,1,MWM_150,2/15/2021,60.0,11.635,NE,0.194,2.6,0.642,0.249,18.7,3.548,0.190,5.7,1.277,0.224,33.1,6.168,7.1,0.187,2.494,14.9,4.3,0.501,0.116,Control
414,210201_15,E44_M,B,Probe_D8,1,MWM_150,2/15/2021,60.0,9.110,NE,0.152,13.0,1.357,0.105,12.7,2.169,0.170,10.5,1.559,0.149,23.8,4.026,10.2,0.169,8.182,55.6,1.9,0.331,0.171,Control
415,210201_16,E44_M,B,Probe_D8,1,MWM_150,2/15/2021,60.0,11.217,SE,0.187,10.2,1.732,0.170,6.6,1.602,0.243,25.0,4.280,0.171,18.2,3.603,5.0,0.198,4.508,26.2,31.5,4.779,0.152,Control
416,210201_17,E44_M,B,Probe_D8,1,MWM_150,2/15/2021,60.0,11.349,NE,0.189,7.0,1.222,0.174,9.7,2.056,0.213,5.8,1.204,0.209,37.5,6.866,5.0,0.183,2.456,17.7,5.1,0.952,0.188,Control
417,210201_18,E44_M,B,Probe_D8,1,MWM_150,2/15/2021,60.0,11.587,NE,0.193,6.0,1.062,0.178,7.4,1.445,0.194,9.0,1.943,0.216,37.6,7.137,8.5,0.190,1.868,9.6,4.2,0.541,0.128,Control
418,210201_19,E2HN_M,D,Probe_D8,1,MWM_150,2/15/2021,60.0,10.096,NE,0.168,6.9,0.955,0.138,22.8,3.901,0.171,5.7,0.896,0.158,24.6,4.345,13.6,0.177,3.567,21.4,3.4,0.548,0.161,Control
