Test,Animal,Treatment,Code,Stage,Trial,Apparatus,Date,Duration,Distance,Mean speed,NE : time,NE : distance,NE : average speed,NW : time,NW : distance,NW : average speed,SE : time,SE : distance,SE : average speed,SW : time,SW : distance,SW : average speed,Island : distance to first entry,Island : latency to first entry,Thigmitaxis : time,Thigmitaxis : distance,Thigmitaxis : average speed,Diet,Sex,Age,Genotype
1,220509_1,E22_M_18mnth HFD,A,Day1,1,MWM_150,5/16/22,60,7.843,0.131,3.7,0.575,0.155,34.4,4.09,0.119,4.9,0.713,0.146,17,2.465,0.145,,,31.5,3.759,0.119,HFD,M,18,E22
2,220509_2,E22_F_18mnth HFD,D,Day1,1,MWM_150,5/16/22,5.4,0.278,0.051,0,0,,0,0,,0,0,,5.4,0.278,0.051,0.149,1.3,0,0,,HFD,F,18,E22
3,220509_4,E22_F_18mnth HFD,D,Day1,1,MWM_150,5/16/22,9,0.812,0.091,0,0,,0,0,,2.9,0.441,0.153,6.1,0.371,0.061,0.683,4.9,0,0,,HFD,F,18,E22
4,220509_6,E22_F_18mnth HFD,D,Day1,1,MWM_150,5/16/22,6.2,0.418,0.068,0,0,,0.7,0.042,0.057,0,0,,5.4,0.376,0.069,0.238,2.1,0,0,,HFD,F,18,E22
5,220509_7,E33_M_18mnth HFD,C,Day1,1,MWM_150,5/16/22,60,8.377,0.14,0,0,,7.2,0.966,0.135,19.8,2.984,0.15,33,4.427,0.134,,,36.3,4.885,0.135,HFD,M,18,E33
6,220509_8,E33_F_18mnth HFD,F,Day1,1,MWM_150,5/16/22,60,11.179,0.186,10.4,1.788,0.172,6.1,1.213,0.198,34.7,6.438,0.185,8.8,1.74,0.198,,,33,5.63,0.17,HFD,F,18,E33
7,220509_10,E33_F_18mnth HFD,F,Day1,1,MWM_150,5/16/22,60,5.979,0.1,22.8,2.638,0.116,1.6,0.38,0.237,22.1,2.109,0.095,13.5,0.852,0.063,,,31.7,2.411,0.076,HFD,F,18,E33
8,220509_11,E44_F_18mnth Control,E,Day1,1,MWM_150,5/16/22,60,11.214,0.187,0.3,0.047,0.175,2.5,0.477,0.188,28.5,5.173,0.182,28.6,5.472,0.192,,,40.9,7.54,0.184,Control,F,18,E44
9,220509_12,E22_F_12mnth Control,B,Day1,1,MWM_150,5/16/22,5.5,0.254,0.046,0,0,,0,0,,0,0,,5.5,0.254,0.046,0.041,1.5,0,0,,Control,F,12,E22
10,220509_13,E22_F_12mnth Control,B,Day1,1,MWM_150,5/16/22,60,9.262,0.154,0,0,,14.6,2.57,0.176,15.3,2.351,0.154,30.1,4.341,0.144,,,48.7,7.251,0.149,Control,F,12,E22
11,220509_14,E22_F_12mnth Control,B,Day1,1,MWM_150,5/16/22,60,11.872,0.198,22,4.714,0.215,7.8,1.542,0.198,17.8,3.531,0.199,12.5,2.086,0.168,,,24,4.157,0.173,Control,F,12,E22
12,220509_1,E22_M_18mnth HFD,A,Day1,2,MWM_150,5/16/22,22.7,2.114,0.093,14,1.401,0.1,1.9,0.408,0.211,0,0,,6.7,0.305,0.045,1.987,18.6,9.2,0.733,0.08,HFD,M,18,E22
13,220509_2,E22_F_18mnth HFD,D,Day1,2,MWM_150,5/16/22,54.3,8.988,0.165,18.8,3.461,0.184,11.5,1.989,0.172,9.9,1.9,0.193,14,1.576,0.113,8.988,50.3,26.9,4.634,0.172,HFD,F,18,E22
14,220509_4,E22_F_18mnth HFD,D,Day1,2,MWM_150,5/16/22,60,10.43,0.174,24,4.524,0.188,30.4,4.714,0.155,2.2,0.507,0.234,3.5,0.684,0.197,,,24.8,3.298,0.133,HFD,F,18,E22
15,220509_6,E22_F_18mnth HFD,D,Day1,2,MWM_150,5/16/22,60,10.787,0.18,28.7,4.952,0.173,6.8,1.315,0.192,12.7,2.551,0.201,11.8,1.969,0.167,,,18.7,2.899,0.155,HFD,F,18,E22
16,220509_7,E33_M_18mnth HFD,C,Day1,2,MWM_150,5/16/22,60,10.046,0.167,37.1,6.607,0.178,9.8,1.361,0.139,13.1,2.078,0.159,0,0,,,,38.8,6.639,0.171,HFD,M,18,E33
17,220509_8,E33_F_18mnth HFD,F,Day1,2,MWM_150,5/16/22,60,12.183,0.203,21.6,4.722,0.218,17.7,3.571,0.201,12.3,2.438,0.198,8.3,1.452,0.174,,,28.2,5.237,0.186,HFD,F,18,E33
18,220509_10,E33_F_18mnth HFD,F,Day1,2,MWM_150,5/16/22,60,8.891,0.148,36.4,4.76,0.131,0,0,,12.2,2.489,0.204,11.2,1.642,0.147,,,53.1,7.892,0.149,HFD,F,18,E33
19,220509_11,E44_F_18mnth Control,E,Day1,2,MWM_150,5/16/22,60,11.532,0.192,40.2,7.679,0.191,15.1,2.86,0.19,4.5,0.952,0.21,0,0,,,,39.7,7.635,0.192,Control,F,18,E44
20,220509_12,E22_F_12mnth Control,B,Day1,2,MWM_150,5/16/22,60,12.792,0.213,40.8,8.871,0.218,1.2,0.259,0.222,18.1,3.661,0.203,0,0,,,,33.1,6.648,0.201,Control,F,12,E22
21,220509_13,E22_F_12mnth Control,B,Day1,2,MWM_150,5/16/22,60,11.579,0.193,13.2,2.806,0.213,15.9,2.992,0.188,18.3,3.426,0.187,12.5,2.313,0.185,,,25,3.94,0.157,Control,F,12,E22
22,220509_14,E22_F_12mnth Control,B,Day1,2,MWM_150,5/16/22,60,11.372,0.19,17.3,2.5,0.144,2.3,0.576,0.247,27,5.791,0.215,13,2.504,0.193,,,35.3,6.609,0.187,Control,F,12,E22
23,220509_1,E22_M_18mnth HFD,A,Day1,3,MWM_150,5/16/22,60,11.385,0.19,18,3.177,0.177,15.3,2.543,0.167,11.5,2.538,0.221,15.3,3.127,0.204,,,33.7,6.453,0.191,HFD,M,18,E22
24,220509_2,E22_F_18mnth HFD,D,Day1,3,MWM_150,5/16/22,16.2,1.787,0.11,0,0,,8.8,1.189,0.135,0,0,,7.4,0.598,0.081,1.651,12.1,0,0,,HFD,F,18,E22
25,220509_4,E22_F_18mnth HFD,D,Day1,3,MWM_150,5/16/22,52.7,7.936,0.151,3.1,0.63,0.201,8.9,1.126,0.127,25.8,4.228,0.164,14.9,1.952,0.131,7.895,48.7,24.1,3.583,0.149,HFD,F,18,E22
26,220509_6,E22_F_18mnth HFD,D,Day1,3,MWM_150,5/16/22,60,9.944,0.166,16,2.915,0.182,18.8,2.968,0.158,5.3,1.075,0.202,19.8,2.986,0.151,,,22.5,2.606,0.116,HFD,F,18,E22
27,220509_7,E33_M_18mnth HFD,C,Day1,3,MWM_150,5/16/22,60,11.118,0.185,8.6,1.575,0.184,18,2.993,0.166,16.3,3.074,0.189,17.1,3.476,0.203,,,22.7,3.663,0.161,HFD,M,18,E33
28,220509_8,E33_F_18mnth HFD,F,Day1,3,MWM_150,5/16/22,60,10.628,0.177,13.4,2.707,0.201,15.5,2.398,0.155,14.5,2.751,0.19,16.6,2.772,0.167,,,31,4.399,0.142,HFD,F,18,E33
29,220509_10,E33_F_18mnth HFD,F,Day1,3,MWM_150,5/16/22,60,8.215,0.137,22.7,2.645,0.116,0.5,0.049,0.097,35.9,5.241,0.146,0.9,0.23,0.265,,,40.4,3.946,0.098,HFD,F,18,E33
30,220509_11,E44_F_18mnth Control,E,Day1,3,MWM_150,5/16/22,60,11.702,0.195,6,1.149,0.193,23.4,3.743,0.16,13.3,2.968,0.223,17.3,3.842,0.222,,,23.7,4.826,0.204,Control,F,18,E44
31,220509_12,E22_F_12mnth Control,B,Day1,3,MWM_150,5/16/22,22.5,3.513,0.156,0,0,,11.2,1.736,0.155,1.6,0.428,0.262,9.6,1.349,0.14,3.422,18.4,9.5,1.799,0.189,Control,F,12,E22
32,220509_13,E22_F_12mnth Control,B,Day1,3,MWM_150,5/16/22,60,11.277,0.188,6.3,1.059,0.167,34.2,6.519,0.191,4.3,0.578,0.134,15.2,3.121,0.205,,,29.6,5.111,0.173,Control,F,12,E22
33,220509_14,E22_F_12mnth Control,B,Day1,3,MWM_150,5/16/22,60,12.464,0.208,16.6,3.491,0.211,22.2,3.785,0.17,12,2.971,0.248,9.2,2.216,0.241,,,31.3,6.415,0.205,Control,F,12,E22
34,220509_1,E22_M_18mnth HFD,A,Day1,4,MWM_150,5/16/22,60,10.238,0.171,19.4,3.513,0.181,9.7,1.806,0.186,25.2,3.796,0.151,5.7,1.123,0.198,,,40.1,6.068,0.151,HFD,M,18,E22
35,220509_2,E22_F_18mnth HFD,D,Day1,4,MWM_150,5/16/22,60,9.688,0.161,12.1,2.034,0.168,18,2.771,0.154,17.1,2.403,0.14,12.7,2.48,0.195,,,23.9,2.55,0.107,HFD,F,18,E22
36,220509_4,E22_F_18mnth HFD,D,Day1,4,MWM_150,5/16/22,28.2,4.299,0.152,0,0,,0,0,,20.3,3.442,0.169,7.8,0.857,0.109,4.252,24.1,10.3,1.308,0.127,HFD,F,18,E22
37,220509_6,E22_F_18mnth HFD,D,Day1,4,MWM_150,5/16/22,60,10.701,0.178,5.5,0.939,0.17,7,1.105,0.158,27.7,5.068,0.183,19.8,3.589,0.181,,,25.8,3.644,0.141,HFD,F,18,E22
38,220509_7,E33_M_18mnth HFD,C,Day1,4,MWM_150,5/16/22,60,10.826,0.18,13,2.327,0.179,7.8,1.43,0.184,25.6,4.598,0.18,13.6,2.471,0.181,,,32.2,5.752,0.179,HFD,M,18,E33
39,220509_8,E33_F_18mnth HFD,F,Day1,4,MWM_150,5/16/22,60,12.65,0.211,16.4,3.437,0.21,10.5,2.142,0.203,19.3,4.175,0.217,13.8,2.897,0.21,,,35.3,7.136,0.202,HFD,F,18,E33
40,220509_10,E33_F_18mnth HFD,F,Day1,4,MWM_150,5/16/22,60,9.45,0.158,27.7,3.616,0.131,11.6,2.111,0.183,15.6,2.616,0.168,5.1,1.106,0.216,,,45.4,6.328,0.139,HFD,F,18,E33
41,220509_11,E44_F_18mnth Control,E,Day1,4,MWM_150,5/16/22,60,10.893,0.182,9.2,1.791,0.195,11.4,2.114,0.185,25.7,4.303,0.167,13.6,2.685,0.198,,,31.4,5.735,0.183,Control,F,18,E44
42,220509_12,E22_F_12mnth Control,B,Day1,4,MWM_150,5/16/22,32.1,6.237,0.194,10.1,2.218,0.219,5.2,1.353,0.262,4.5,1.046,0.23,12.2,1.62,0.132,6.2,28,10.1,2.206,0.218,Control,F,12,E22
43,220509_13,E22_F_12mnth Control,B,Day1,4,MWM_150,5/16/22,60,10.69,0.178,19.7,2.943,0.149,15.5,3,0.193,15.5,3.033,0.196,9.1,1.713,0.188,,,34.8,5.958,0.171,Control,F,12,E22
44,220509_14,E22_F_12mnth Control,B,Day1,4,MWM_150,5/16/22,22.5,3.158,0.14,0,0,,0,0,,16.5,2.769,0.168,6,0.39,0.065,3.051,18.4,1.5,0.199,0.13,Control,F,12,E22
45,220509_1,E22_M_18mnth HFD,A,Day2,1,MWM_150,5/17/22,19.9,1.832,0.092,8.4,0.972,0.115,2.8,0.58,0.21,0,0,,8.7,0.28,0.032,1.742,15.8,5,0.485,0.098,HFD,M,18,E22
46,220509_2,E22_F_18mnth HFD,D,Day2,1,MWM_150,5/17/22,13.8,1.802,0.131,4.4,0.772,0.174,0,0,,0.1,0.052,0.517,9.2,0.977,0.106,1.72,9.7,0,0,,HFD,F,18,E22
47,220509_4,E22_F_18mnth HFD,D,Day2,1,MWM_150,5/17/22,20.9,2.557,0.123,8.6,1.042,0.121,0,0,,6.3,1.236,0.196,6,0.278,0.047,2.461,16.8,7.7,1.043,0.135,HFD,F,18,E22
48,220509_6,E22_F_18mnth HFD,D,Day2,1,MWM_150,5/17/22,60,10.665,0.178,23,3.938,0.171,12.3,1.849,0.15,10.3,2.288,0.221,14.3,2.59,0.181,,,25.6,3.819,0.149,HFD,F,18,E22
49,220509_7,E33_M_18mnth HFD,C,Day2,1,MWM_150,5/17/22,60,11.848,0.197,13.5,2.561,0.19,14.3,2.724,0.191,17.1,3.438,0.201,15.2,3.124,0.206,,,17.1,2.943,0.172,HFD,M,18,E33
50,220509_8,E33_F_18mnth HFD,F,Day2,1,MWM_150,5/17/22,60,9.009,0.15,18.6,2.959,0.159,20.2,2.818,0.14,13.2,1.721,0.13,7.9,1.511,0.19,,,25,2.399,0.096,HFD,F,18,E33
51,220509_10,E33_F_18mnth HFD,F,Day2,1,MWM_150,5/17/22,60,11.065,0.184,29.3,4.965,0.169,16.4,2.968,0.181,9.7,2.02,0.209,4.6,1.112,0.244,,,43.8,7.659,0.175,HFD,F,18,E33
52,220509_11,E44_F_18mnth Control,E,Day2,1,MWM_150,5/17/22,48.7,7.248,0.149,25.7,3.941,0.153,7.5,1.57,0.209,5.1,0.702,0.137,10.4,1.036,0.1,7.21,44.6,15.1,2.929,0.194,Control,F,18,E44
53,220509_12,E22_F_12mnth Control,B,Day2,1,MWM_150,5/17/22,15,2.93,0.196,4.5,0.647,0.142,4.6,1.113,0.243,0,0,,5.8,1.17,0.2,2.109,10.9,4.7,0.775,0.165,Control,F,12,E22
54,220509_13,E22_F_12mnth Control,B,Day2,1,MWM_150,5/17/22,60,11.603,0.193,10.6,2.476,0.234,20.3,3.439,0.17,19,3.476,0.183,10.1,2.212,0.218,,,43.8,8.065,0.184,Control,F,12,E22
55,220509_14,E22_F_12mnth Control,B,Day2,1,MWM_150,5/17/22,16,2.027,0.127,1.5,0.238,0.161,0,0,,8.7,1.368,0.157,5.8,0.421,0.073,1.854,11.9,3,0.192,0.064,Control,F,12,E22
56,220509_1,E22_M_18mnth HFD,A,Day2,2,MWM_150,5/17/22,60,11.91,0.198,9.7,2.013,0.208,10.7,2.192,0.206,15.7,3.23,0.205,23.8,4.474,0.188,,,37,7.099,0.192,HFD,M,18,E22
57,220509_2,E22_F_18mnth HFD,D,Day2,2,MWM_150,5/17/22,60,10.846,0.181,16.1,2.647,0.164,11.3,2.164,0.191,16.4,2.843,0.173,16.1,3.192,0.198,,,41.7,6.642,0.159,HFD,F,18,E22
58,220509_4,E22_F_18mnth HFD,D,Day2,2,MWM_150,5/17/22,51.7,9.837,0.19,8.2,1.543,0.189,11.1,2.388,0.214,6.9,1.696,0.246,25.5,4.21,0.165,9.795,47.7,16.3,2.808,0.172,HFD,F,18,E22
59,220509_6,E22_F_18mnth HFD,D,Day2,2,MWM_150,5/17/22,4.4,0.084,0.019,0,0,,0,0,,0,0,,4.4,0.084,0.019,,0.4,0,0,,HFD,F,18,E22
60,220509_7,E33_M_18mnth HFD,C,Day2,2,MWM_150,5/17/22,60,11.166,0.186,11.2,2.126,0.19,9.2,1.83,0.199,24.5,4.487,0.184,15.2,2.723,0.179,,,14.3,2.32,0.162,HFD,M,18,E33
61,220509_8,E33_F_18mnth HFD,F,Day2,2,MWM_150,5/17/22,5.7,0.319,0.056,0,0,,0,0,,0,0,,5.7,0.319,0.056,0.233,1.6,0,0,,HFD,F,18,E33
62,220509_10,E33_F_18mnth HFD,F,Day2,2,MWM_150,5/17/22,60,12.075,0.201,10.2,2.165,0.212,16,3.213,0.201,21.5,4.008,0.187,12.2,2.635,0.215,,,46.7,9.034,0.193,HFD,F,18,E33
63,220509_11,E44_F_18mnth Control,E,Day2,2,MWM_150,5/17/22,60,11.483,0.191,17.7,3.295,0.186,18.2,3.782,0.207,6.6,1.383,0.211,17.4,3.023,0.173,,,19.1,3.164,0.166,Control,F,18,E44
64,220509_12,E22_F_12mnth Control,B,Day2,2,MWM_150,5/17/22,10.2,1.215,0.119,0,0,,0,0,,3.6,0.631,0.175,6.6,0.585,0.088,1.103,6.2,2.1,0.16,0.075,Control,F,12,E22
65,220509_13,E22_F_12mnth Control,B,Day2,2,MWM_150,5/17/22,7.4,0.709,0.096,0,0,,0,0,,1.2,0.356,0.289,6.2,0.353,0.057,0.674,3.3,0,0,,Control,F,12,E22
66,220509_14,E22_F_12mnth Control,B,Day2,2,MWM_150,5/17/22,17.8,2.834,0.159,0,0,,2.8,0.529,0.187,2,0.454,0.223,13,1.851,0.143,2.714,13.8,5,0.807,0.162,Control,F,12,E22
67,220509_1,E22_M_18mnth HFD,A,Day2,3,MWM_150,5/17/22,8.9,0.721,0.081,0,0,,0,0,,3.1,0.432,0.137,5.7,0.288,0.051,0.63,4.8,0,0,,HFD,M,18,E22
68,220509_2,E22_F_18mnth HFD,D,Day2,3,MWM_150,5/17/22,60,11.721,0.195,8.2,1.654,0.202,12,2.688,0.225,22.9,3.964,0.173,17,3.416,0.201,,,41,7.402,0.18,HFD,F,18,E22
69,220509_4,E22_F_18mnth HFD,D,Day2,3,MWM_150,5/17/22,12.1,1.031,0.086,0,0,,0,0,,5.6,0.543,0.096,6.4,0.487,0.076,0.941,8,0,0,,HFD,F,18,E22
70,220509_6,E22_F_18mnth HFD,D,Day2,3,MWM_150,5/17/22,18.6,3.07,0.165,0,0,,2.3,0.422,0.181,7.4,1.473,0.2,8.9,1.176,0.132,2.944,14.6,2.8,0.539,0.19,HFD,F,18,E22
71,220509_7,E33_M_18mnth HFD,C,Day2,3,MWM_150,5/17/22,9.1,1.165,0.128,0,0,,0,0,,2.2,0.444,0.198,6.8,0.721,0.106,0.968,5,0,0,,HFD,M,18,E33
72,220509_8,E33_F_18mnth HFD,F,Day2,3,MWM_150,5/17/22,59.8,11.805,0.197,12.1,2.713,0.224,14.6,2.947,0.201,15.2,3.201,0.21,17.8,2.944,0.165,11.763,55.8,20.4,3.673,0.18,HFD,F,18,E33
73,220509_10,E33_F_18mnth HFD,F,Day2,3,MWM_150,5/17/22,41.7,5.909,0.142,10.9,1.425,0.13,0,0,,25.2,4.088,0.162,5.6,0.396,0.07,5.821,37.7,26.6,3.559,0.134,HFD,F,18,E33
74,220509_11,E44_F_18mnth Control,E,Day2,3,MWM_150,5/17/22,60,11.939,0.199,19.1,3.813,0.2,7.8,1.675,0.216,28.6,5.609,0.196,4.5,0.843,0.186,,,19.7,3.901,0.198,Control,F,18,E44
75,220509_12,E22_F_12mnth Control,B,Day2,3,MWM_150,5/17/22,60,14.026,0.234,11.8,2.954,0.25,3.1,0.954,0.304,22.8,5.052,0.222,22.3,5.067,0.227,,,19.6,3.592,0.184,Control,F,12,E22
76,220509_13,E22_F_12mnth Control,B,Day2,3,MWM_150,5/17/22,25.1,3.761,0.15,8,0.784,0.098,0,0,,10.1,2.374,0.236,7.1,0.603,0.085,3.684,21.1,11.1,1.409,0.127,Control,F,12,E22
77,220509_14,E22_F_12mnth Control,B,Day2,3,MWM_150,5/17/22,27.8,4.975,0.179,6.4,1.208,0.189,3.1,0.646,0.206,9,1.948,0.218,9.4,1.173,0.125,4.875,23.8,6.6,1.197,0.181,Control,F,12,E22
78,220509_1,E22_M_18mnth HFD,A,Day2,4,MWM_150,5/17/22,60,11.041,0.184,2.2,0.451,0.205,25.2,4.594,0.182,4.5,0.952,0.21,28.1,5.044,0.18,,,25.9,3.995,0.154,HFD,M,18,E22
79,220509_2,E22_F_18mnth HFD,D,Day2,4,MWM_150,5/17/22,33.3,5.604,0.168,5.1,1.252,0.247,9,1.414,0.156,4.4,0.933,0.21,14.7,2.005,0.136,5.604,29.2,4.1,0.423,0.102,HFD,F,18,E22
80,220509_4,E22_F_18mnth HFD,D,Day2,4,MWM_150,5/17/22,44.1,7.913,0.18,2.9,0.684,0.239,9.1,1.451,0.16,7.5,1.568,0.21,24.7,4.21,0.171,7.868,40,4.7,0.56,0.118,HFD,F,18,E22
81,220509_6,E22_F_18mnth HFD,D,Day2,4,MWM_150,5/17/22,14.3,2.2,0.154,0,0,,7.5,1.58,0.209,0,0,,6.7,0.62,0.092,2.159,10.2,1.4,0.192,0.137,HFD,F,18,E22
82,220509_7,E33_M_18mnth HFD,C,Day2,4,MWM_150,5/17/22,19.5,3.444,0.176,6.4,1.404,0.22,0.8,0.115,0.138,4.5,1.037,0.232,7.9,0.888,0.113,3.35,15.5,1.3,0.198,0.157,HFD,M,18,E33
83,220509_8,E33_F_18mnth HFD,F,Day2,4,MWM_150,5/17/22,38.7,6.852,0.177,8.7,1.529,0.175,16.3,3.176,0.195,3.6,0.924,0.254,10,1.223,0.122,6.807,34.6,9.5,1.079,0.113,HFD,F,18,E33
84,220509_10,E33_F_18mnth HFD,F,Day2,4,MWM_150,5/17/22,60,11.31,0.188,31.5,5.715,0.182,9,1.613,0.178,13.7,2.86,0.209,5.7,1.122,0.196,,,48.7,8.472,0.174,HFD,F,18,E33
85,220509_11,E44_F_18mnth Control,E,Day2,4,MWM_150,5/17/22,60,10.984,0.183,25.3,4.68,0.185,7.5,1.026,0.137,18,3.604,0.201,9.2,1.673,0.182,,,26.7,4.417,0.165,Control,F,18,E44
86,220509_12,E22_F_12mnth Control,B,Day2,4,MWM_150,5/17/22,29.9,6.041,0.202,7.6,1.871,0.247,9.8,1.989,0.204,4.2,1.089,0.259,8.4,1.092,0.131,5.938,25.9,5,0.83,0.165,Control,F,12,E22
87,220509_13,E22_F_12mnth Control,B,Day2,4,MWM_150,5/17/22,35.8,6.104,0.17,1,0.265,0.256,13.9,2.771,0.2,0,0,,20.9,3.069,0.147,5.983,31.8,8.8,0.913,0.104,Control,F,12,E22
88,220509_14,E22_F_12mnth Control,B,Day2,4,MWM_150,5/17/22,17,2.521,0.148,3.2,0.49,0.155,3.1,0.604,0.198,4.5,0.778,0.174,6.3,0.648,0.103,2.317,13,2,0.217,0.108,Control,F,12,E22
89,220509_1,E22_M_18mnth HFD,A,Day3,1,MWM_150,5/18/22,60,11.143,0.186,11.5,2.026,0.176,21.3,4.203,0.197,9.1,1.482,0.163,18.1,3.431,0.19,,,27.2,4.223,0.156,HFD,M,18,E22
90,220509_2,E22_F_18mnth HFD,D,Day3,1,MWM_150,5/18/22,9.3,1.113,0.12,0,0,,3.8,0.769,0.202,0,0,,5.5,0.344,0.063,0.936,5.2,0,0,,HFD,F,18,E22
91,220509_4,E22_F_18mnth HFD,D,Day3,1,MWM_150,5/18/22,8.8,0.865,0.098,0,0,,3.3,0.521,0.156,0,0,,5.4,0.344,0.063,0.782,4.7,0,0,,HFD,F,18,E22
92,220509_6,E22_F_18mnth HFD,D,Day3,1,MWM_150,5/18/22,41.7,7.039,0.169,2,0.431,0.215,7.5,1.461,0.195,7.7,1.537,0.2,24.5,3.61,0.147,7.039,37.6,1.5,0.146,0.095,HFD,F,18,E22
93,220509_7,E33_M_18mnth HFD,C,Day3,1,MWM_150,5/18/22,9,0.989,0.11,0,0,,2.4,0.515,0.211,0,0,,6.5,0.474,0.073,0.989,4.9,0,0,,HFD,M,18,E33
94,220509_8,E33_F_18mnth HFD,F,Day3,1,MWM_150,5/18/22,26.8,4.964,0.185,1.2,0.324,0.27,7.8,1.686,0.215,3,0.753,0.248,14.8,2.202,0.149,4.964,22.8,5.3,0.853,0.16,HFD,F,18,E33
95,220509_10,E33_F_18mnth HFD,F,Day3,1,MWM_150,5/18/22,60,11.579,0.193,13.5,2.833,0.21,19.3,3.628,0.188,11,2.301,0.21,16.2,2.817,0.174,,,47.3,8.873,0.188,HFD,F,18,E33
96,220509_11,E44_F_18mnth Control,E,Day3,1,MWM_150,5/18/22,35.3,4.947,0.14,6.3,1.042,0.164,4.2,0.623,0.148,9.7,1.856,0.191,15,1.426,0.095,4.947,31.2,12.3,1.952,0.158,Control,F,18,E44
97,220509_12,E22_F_12mnth Control,B,Day3,1,MWM_150,5/18/22,9.5,1.302,0.137,0,0,,2.8,0.569,0.205,0,0,,6.7,0.733,0.109,1.138,5.4,0,0,,Control,F,12,E22
98,220509_13,E22_F_12mnth Control,B,Day3,1,MWM_150,5/18/22,60,12.051,0.201,8.4,1.938,0.23,12.2,2.48,0.204,19.2,4.073,0.213,20.2,3.56,0.176,,,24.4,4.188,0.171,Control,F,12,E22
99,220509_14,E22_F_12mnth Control,B,Day3,1,MWM_150,5/18/22,22.8,3.49,0.153,2.6,0.535,0.203,9.6,1.703,0.177,2.7,0.538,0.202,7.9,0.713,0.091,3.453,18.7,0,0,,Control,F,12,E22
100,220509_1,E22_M_18mnth HFD,A,Day3,2,MWM_150,5/18/22,60,10.424,0.174,13.9,2.048,0.147,12.2,2.504,0.205,11.3,2.285,0.202,22.5,3.587,0.159,,,24.8,3.312,0.134,HFD,M,18,E22
101,220509_2,E22_F_18mnth HFD,D,Day3,2,MWM_150,5/18/22,49.8,9.145,0.183,6.4,1.472,0.229,4.5,1.038,0.231,23.7,4.459,0.188,15.2,2.175,0.143,9.059,45.8,16.1,2.678,0.167,HFD,F,18,E22
102,220509_4,E22_F_18mnth HFD,D,Day3,2,MWM_150,5/18/22,10.2,1.456,0.143,1.6,0.316,0.192,0,0,,2.5,0.621,0.245,6,0.519,0.086,1.33,6.2,0,0,,HFD,F,18,E22
103,220509_6,E22_F_18mnth HFD,D,Day3,2,MWM_150,5/18/22,7.5,0.879,0.117,1.5,0.287,0.187,0.9,0.264,0.294,0,0,,5.1,0.328,0.064,0.749,3.5,0,0,,HFD,F,18,E22
104,220509_7,E33_M_18mnth HFD,C,Day3,2,MWM_150,5/18/22,60,10.847,0.181,9.6,1.974,0.206,10.3,1.675,0.162,25.5,4.787,0.188,14.6,2.412,0.166,,,8.6,0.975,0.113,HFD,M,18,E33
105,220509_8,E33_F_18mnth HFD,F,Day3,2,MWM_150,5/18/22,11.8,1.908,0.161,2.4,0.52,0.218,0,0,,2.9,0.781,0.266,6.5,0.607,0.093,1.823,7.8,2.4,0.354,0.149,HFD,F,18,E33
106,220509_10,E33_F_18mnth HFD,F,Day3,2,MWM_150,5/18/22,11.4,1.754,0.154,1.5,0.339,0.229,0,0,,4.9,1.125,0.23,5,0.291,0.058,1.665,7.3,4.1,0.991,0.244,HFD,F,18,E33
107,220509_11,E44_F_18mnth Control,E,Day3,2,MWM_150,5/18/22,60,11.912,0.199,19.7,3.837,0.194,8.5,1.816,0.213,21.8,4.39,0.201,9.9,1.87,0.188,,,16.9,2.778,0.165,Control,F,18,E44
108,220509_12,E22_F_12mnth Control,B,Day3,2,MWM_150,5/18/22,20.9,3.277,0.157,2.3,0.548,0.242,0.7,0.193,0.262,0,0,,17.9,2.536,0.142,3.239,16.8,2,0.175,0.087,Control,F,12,E22
109,220509_13,E22_F_12mnth Control,B,Day3,2,MWM_150,5/18/22,60,11.336,0.189,8.1,1.742,0.214,20.3,3.326,0.164,13.6,3.015,0.222,18,3.253,0.181,,,16.9,2.497,0.148,Control,F,12,E22
110,220509_14,E22_F_12mnth Control,B,Day3,2,MWM_150,5/18/22,29.6,5.013,0.169,1.4,0.245,0.171,0.7,0.133,0.19,10.5,2.206,0.211,17,2.429,0.143,4.975,25.6,7,0.881,0.127,Control,F,12,E22
111,220509_1,E22_M_18mnth HFD,A,Day3,3,MWM_150,5/18/22,8.4,0.836,0.1,0,0,,0,0,,2.4,0.42,0.174,6,0.416,0.07,0.705,4.3,0,0,,HFD,M,18,E22
112,220509_2,E22_F_18mnth HFD,D,Day3,3,MWM_150,5/18/22,27.6,4.732,0.171,0,0,,3.6,0.631,0.177,12.2,2.554,0.209,11.8,1.546,0.131,4.689,23.6,3.9,0.438,0.113,HFD,F,18,E22
113,220509_4,E22_F_18mnth HFD,D,Day3,3,MWM_150,5/18/22,8.4,0.874,0.104,0,0,,0,0,,2.8,0.486,0.173,5.6,0.387,0.069,0.746,4.4,0,0,,HFD,F,18,E22
114,220509_6,E22_F_18mnth HFD,D,Day3,3,MWM_150,5/18/22,11.5,1.384,0.12,0,0,,0,0,,2.1,0.361,0.174,9.4,1.022,0.108,1.287,7.5,0.7,0.093,0.127,HFD,F,18,E22
115,220509_7,E33_M_18mnth HFD,C,Day3,3,MWM_150,5/18/22,7.9,0.926,0.118,0,0,,0,0,,2.6,0.604,0.231,5.2,0.322,0.061,0.828,3.8,0,0,,HFD,M,18,E33
116,220509_8,E33_F_18mnth HFD,F,Day3,3,MWM_150,5/18/22,12.4,1.752,0.141,0,0,,0,0,,3.5,0.797,0.231,9,0.955,0.106,1.663,8.4,1.5,0.274,0.183,HFD,F,18,E33
117,220509_10,E33_F_18mnth HFD,F,Day3,3,MWM_150,5/18/22,60,11.025,0.184,12.5,2.509,0.201,11.1,2.157,0.194,26.8,4.263,0.159,9.6,2.096,0.218,,,43.9,7.742,0.176,HFD,F,18,E33
118,220509_11,E44_F_18mnth Control,E,Day3,3,MWM_150,5/18/22,44.3,7.333,0.166,4.3,0.815,0.19,0,0,,24.6,4.726,0.192,15.4,1.792,0.117,7.333,40.2,1.8,0.362,0.201,Control,F,18,E44
119,220509_12,E22_F_12mnth Control,B,Day3,3,MWM_150,5/18/22,37.8,7.147,0.189,4.2,0.912,0.219,2.1,0.345,0.164,6.3,1.217,0.193,25.3,4.674,0.185,7.029,33.8,5,0.71,0.141,Control,F,12,E22
120,220509_13,E22_F_12mnth Control,B,Day3,3,MWM_150,5/18/22,60,11.12,0.185,5.6,1.193,0.213,27.4,4.331,0.158,16.3,3.281,0.201,10.7,2.316,0.217,,,13.2,0.976,0.074,Control,F,12,E22
121,220509_14,E22_F_12mnth Control,B,Day3,3,MWM_150,5/18/22,13.1,1.761,0.135,0,0,,0,0,,1.2,0.264,0.213,11.8,1.497,0.126,1.685,9,0.8,0.089,0.117,Control,F,12,E22
122,220509_1,E22_M_18mnth HFD,A,Day3,4,MWM_150,5/18/22,5.6,0.223,0.04,0,0,,0,0,,0,0,,5.6,0.223,0.04,0.182,1.6,0,0,,HFD,M,18,E22
123,220509_2,E22_F_18mnth HFD,D,Day3,4,MWM_150,5/18/22,5.9,0.282,0.048,0,0,,0,0,,0,0,,5.9,0.282,0.048,0.165,1.8,0,0,,HFD,F,18,E22
124,220509_4,E22_F_18mnth HFD,D,Day3,4,MWM_150,5/18/22,5.4,0.272,0.051,0,0,,0,0,,0,0,,5.4,0.272,0.051,0.148,1.3,0,0,,HFD,F,18,E22
125,220509_6,E22_F_18mnth HFD,D,Day3,4,MWM_150,5/18/22,4.6,0.092,0.02,0,0,,0,0,,0,0,,4.6,0.092,0.02,0.046,0.6,0,0,,HFD,F,18,E22
126,220509_7,E33_M_18mnth HFD,C,Day3,4,MWM_150,5/18/22,16,2.568,0.161,1.3,0.273,0.215,0.7,0.173,0.236,5.7,1.373,0.241,8.3,0.749,0.09,2.476,11.9,0,0,,HFD,M,18,E33
127,220509_8,E33_F_18mnth HFD,F,Day3,4,MWM_150,5/18/22,7.9,0.677,0.086,0,0,,0,0,,0,0,,7.9,0.677,0.086,0.586,3.8,0,0,,HFD,F,18,E33
128,220509_10,E33_F_18mnth HFD,F,Day3,4,MWM_150,5/18/22,4.8,0.143,0.03,0,0,,0,0,,0,0,,4.8,0.143,0.03,0.093,0.8,0,0,,HFD,F,18,E33
129,220509_11,E44_F_18mnth Control,E,Day3,4,MWM_150,5/18/22,60,11.773,0.196,6.4,1.334,0.207,10,2.015,0.201,24.7,4.837,0.196,18.8,3.587,0.191,,,9.6,1.876,0.195,Control,F,18,E44
130,220509_12,E22_F_12mnth Control,B,Day3,4,MWM_150,5/18/22,7.1,0.782,0.111,0,0,,0.5,0.039,0.076,1.2,0.357,0.298,5.4,0.386,0.072,0.702,3,0,0,,Control,F,12,E22
131,220509_13,E22_F_12mnth Control,B,Day3,4,MWM_150,5/18/22,5.6,0.363,0.065,0,0,,0,0,,0,0,,5.6,0.363,0.065,0.246,1.5,0,0,,Control,F,12,E22
132,220509_14,E22_F_12mnth Control,B,Day3,4,MWM_150,5/18/22,7.7,0.768,0.1,0,0,,0,0,,0,0,,7.7,0.768,0.1,0.694,3.6,0,0,,Control,F,12,E22
133,220509_1,E22_M_18mnth HFD,A,Day4,1,MWM_150,5/19/22,6.5,0.475,0.073,0,0,,0,0,,1.3,0.278,0.217,5.2,0.197,0.038,0.386,2.4,0,0,,HFD,M,18,E22
134,220509_2,E22_F_18mnth HFD,D,Day4,1,MWM_150,5/19/22,12.7,1.375,0.108,0,0,,0,0,,5.5,0.909,0.165,7.2,0.467,0.065,1.254,8.6,2.5,0.417,0.169,HFD,F,18,E22
135,220509_4,E22_F_18mnth HFD,D,Day4,1,MWM_150,5/19/22,6.8,0.702,0.103,0,0,,0,0,,1.3,0.234,0.183,5.5,0.468,0.085,0.571,2.7,0,0,,HFD,F,18,E22
136,220509_6,E22_F_18mnth HFD,D,Day4,1,MWM_150,5/19/22,7.2,0.775,0.107,0,0,,0,0,,2.2,0.42,0.191,5,0.355,0.071,0.644,3.2,0,0,,HFD,F,18,E22
137,220509_7,E33_M_18mnth HFD,C,Day4,1,MWM_150,5/19/22,27,4.037,0.149,2.6,0.358,0.14,0.5,0.116,0.217,11.7,2.116,0.181,12.2,1.447,0.118,3.946,22.9,0,0,,HFD,M,18,E33
138,220509_8,E33_F_18mnth HFD,F,Day4,1,MWM_150,5/19/22,14.4,1.871,0.13,0.9,0.293,0.314,3.2,0.556,0.174,2.3,0.465,0.201,7.9,0.556,0.07,1.821,10.3,0,0,,HFD,F,18,E33
139,220509_10,E33_F_18mnth HFD,F,Day4,1,MWM_150,5/19/22,60,10.338,0.172,15.7,2.754,0.176,10,1.79,0.179,13.6,2.377,0.175,20.8,3.416,0.164,,,25.8,3.189,0.124,HFD,F,18,E33
140,220509_11,E44_F_18mnth Control,E,Day4,1,MWM_150,5/19/22,8.8,0.796,0.091,0,0,,0,0,,3.6,0.61,0.169,5.1,0.187,0.036,0.796,4.7,1.1,0.19,0.178,Control,F,18,E44
141,220509_12,E22_F_12mnth Control,B,Day4,1,MWM_150,5/19/22,8.1,0.92,0.114,0.9,0.19,0.219,0,0,,2.1,0.445,0.214,5.1,0.285,0.055,0.84,4,0,0,,Control,F,12,E22
142,220509_13,E22_F_12mnth Control,B,Day4,1,MWM_150,5/19/22,10.1,1.101,0.109,0,0,,0,0,,1.4,0.352,0.252,8.7,0.749,0.086,1.064,6.1,1.5,0.214,0.143,Control,F,12,E22
143,220509_14,E22_F_12mnth Control,B,Day4,1,MWM_150,5/19/22,26.5,4.175,0.158,0,0,,7.9,1.368,0.173,8.3,1.6,0.194,10.3,1.207,0.117,4.098,22.4,4.2,0.578,0.139,Control,F,12,E22
144,220509_1,E22_M_18mnth HFD,A,Day4,2,MWM_150,5/19/22,16.4,1.895,0.116,0,0,,5.5,0.885,0.16,0,0,,10.8,1.01,0.093,1.808,12.3,0,0,,HFD,M,18,E22
145,220509_2,E22_F_18mnth HFD,D,Day4,2,MWM_150,5/19/22,8.4,0.929,0.11,0.6,0.094,0.149,2.3,0.476,0.204,0,0,,5.5,0.358,0.066,0.836,4.4,0,0,,HFD,F,18,E22
146,220509_4,E22_F_18mnth HFD,D,Day4,2,MWM_150,5/19/22,14.9,1.866,0.125,0,0,,6.7,1.181,0.176,1.1,0.192,0.17,7.1,0.493,0.07,1.783,10.9,0,0,,HFD,F,18,E22
147,220509_6,E22_F_18mnth HFD,D,Day4,2,MWM_150,5/19/22,13.2,1.824,0.139,0,0,,4.2,0.828,0.195,0,0,,8.9,0.996,0.112,1.692,9.1,0.3,0.049,0.148,HFD,F,18,E22
148,220509_7,E33_M_18mnth HFD,C,Day4,2,MWM_150,5/19/22,17.1,2.342,0.137,1.5,0.368,0.251,4.6,0.693,0.15,2,0.404,0.202,9,0.877,0.098,2.295,13,0,0,,HFD,M,18,E33
149,220509_8,E33_F_18mnth HFD,F,Day4,2,MWM_150,5/19/22,14.1,2.215,0.157,0,0,,7.5,1.634,0.219,0,0,,6.6,0.581,0.088,2.17,10,1,0.241,0.241,HFD,F,18,E33
150,220509_10,E33_F_18mnth HFD,F,Day4,2,MWM_150,5/19/22,60,9.13,0.152,6.8,1.087,0.161,25.9,3.639,0.14,11.1,2.083,0.188,16.2,2.321,0.143,,,24.8,1.725,0.07,HFD,F,18,E33
151,220509_11,E44_F_18mnth Control,E,Day4,2,MWM_150,5/19/22,24.3,3.487,0.143,8.2,1.639,0.2,8.3,1.408,0.169,1.5,0.281,0.188,6.3,0.159,0.025,3.487,20.3,2.4,0.255,0.108,Control,F,18,E44
152,220509_12,E22_F_12mnth Control,B,Day4,2,MWM_150,5/19/22,6.9,0.776,0.112,0,0,,1.6,0.364,0.221,0,0,,5.3,0.411,0.078,0.652,2.9,0,0,,Control,F,12,E22
153,220509_13,E22_F_12mnth Control,B,Day4,2,MWM_150,5/19/22,28.2,4.416,0.157,1.2,0.222,0.185,6.3,1.052,0.167,9.2,1.882,0.205,11.5,1.26,0.109,4.381,24.2,0,0,,Control,F,12,E22
154,220509_14,E22_F_12mnth Control,B,Day4,2,MWM_150,5/19/22,20.3,2.762,0.136,0,0,,11.6,1.883,0.163,0,0,,8.7,0.88,0.101,2.642,16.2,2,0.351,0.173,Control,F,12,E22
155,220509_1,E22_M_18mnth HFD,A,Day4,3,MWM_150,5/19/22,10.1,1.032,0.103,1.9,0.357,0.184,2.2,0.39,0.177,0,0,,5.9,0.286,0.048,0.948,6,0,0,,HFD,M,18,E22
156,220509_2,E22_F_18mnth HFD,D,Day4,3,MWM_150,5/19/22,8.9,1.161,0.13,1.6,0.375,0.23,0,0,,2.1,0.445,0.212,5.2,0.342,0.066,1.005,4.8,0,0,,HFD,F,18,E22
157,220509_4,E22_F_18mnth HFD,D,Day4,3,MWM_150,5/19/22,9,1.032,0.115,2.3,0.451,0.193,0,0,,0.3,0.058,0.194,6.4,0.524,0.082,0.945,4.9,0,0,,HFD,F,18,E22
158,220509_6,E22_F_18mnth HFD,D,Day4,3,MWM_150,5/19/22,7.1,0.765,0.108,1.2,0.239,0.197,0.7,0.231,0.329,0,0,,5.2,0.295,0.057,0.67,3,0,0,,HFD,F,18,E22
159,220509_7,E33_M_18mnth HFD,C,Day4,3,MWM_150,5/19/22,20.2,3.225,0.16,5.9,1.118,0.191,1.5,0.204,0.136,1.9,0.317,0.17,11,1.586,0.144,3.177,16.2,0,0,,HFD,M,18,E33
160,220509_8,E33_F_18mnth HFD,F,Day4,3,MWM_150,5/19/22,16.1,2.371,0.147,3,0.595,0.195,0.5,0.047,0.087,1.9,0.397,0.213,10.6,1.331,0.125,2.281,12,0.6,0.094,0.149,HFD,F,18,E33
161,220509_10,E33_F_18mnth HFD,F,Day4,3,MWM_150,5/19/22,32.4,3.716,0.115,25.9,3.268,0.126,0,0,,1.2,0.262,0.225,5.3,0.186,0.035,3.716,28.3,15.6,1.499,0.096,HFD,F,18,E33
162,220509_11,E44_F_18mnth Control,E,Day4,3,MWM_150,5/19/22,20.7,2.294,0.111,8,1.188,0.149,0,0,,2.1,0.472,0.225,10.6,0.634,0.06,2.254,16.6,0,0,,Control,F,18,E44
163,220509_12,E22_F_12mnth Control,B,Day4,3,MWM_150,5/19/22,7.3,0.95,0.13,1.7,0.44,0.253,0,0,,0.8,0.221,0.276,4.7,0.289,0.061,0.831,3.2,0,0,,Control,F,12,E22
164,220509_13,E22_F_12mnth Control,B,Day4,3,MWM_150,5/19/22,37.4,4.821,0.129,10.3,1.547,0.15,0.6,0.139,0.22,10.8,1.495,0.138,15.7,1.64,0.105,4.746,33.4,2.8,0.254,0.091,Control,F,12,E22
165,220509_14,E22_F_12mnth Control,B,Day4,3,MWM_150,5/19/22,8.6,0.845,0.098,2.7,0.448,0.164,0.4,0.084,0.194,0,0,,5.4,0.312,0.057,0.801,4.6,0,0,,Control,F,12,E22
166,220509_1,E22_M_18mnth HFD,A,Day4,4,MWM_150,5/19/22,5.1,0.179,0.035,0,0,,0,0,,0,0,,5.1,0.179,0.035,0.087,1,0,0,,HFD,M,18,E22
167,220509_2,E22_F_18mnth HFD,D,Day4,4,MWM_150,5/19/22,9.3,1.091,0.118,0,0,,0,0,,0,0,,9.3,1.091,0.118,0.964,5.2,1.3,0.179,0.141,HFD,F,18,E22
168,220509_4,E22_F_18mnth HFD,D,Day4,4,MWM_150,5/19/22,5.7,0.297,0.052,0,0,,0,0,,0,0,,5.7,0.297,0.052,0.158,1.6,0,0,,HFD,F,18,E22
169,220509_6,E22_F_18mnth HFD,D,Day4,4,MWM_150,5/19/22,6.1,0.398,0.065,0,0,,0,0,,0,0,,6.1,0.398,0.065,0.352,2.1,0,0,,HFD,F,18,E22
170,220509_7,E33_M_18mnth HFD,C,Day4,4,MWM_150,5/19/22,8.5,0.914,0.107,0,0,,0.9,0.108,0.117,1.3,0.316,0.243,6.3,0.489,0.077,0.858,4.5,0,0,,HFD,M,18,E33
171,220509_8,E33_F_18mnth HFD,F,Day4,4,MWM_150,5/19/22,22.1,3.766,0.17,4,0.847,0.212,5.1,0.948,0.187,3.4,0.746,0.217,9.6,1.225,0.127,3.722,18,0,0,,HFD,F,18,E33
172,220509_10,E33_F_18mnth HFD,F,Day4,4,MWM_150,5/19/22,60,10.686,0.178,10.9,2.172,0.199,18.7,3.833,0.205,7.4,1.484,0.2,23,3.198,0.139,10.686,56.5,27,4.379,0.162,HFD,F,18,E33
173,220509_11,E44_F_18mnth Control,E,Day4,4,MWM_150,5/19/22,4.8,0.114,0.024,0,0,,0,0,,0,0,,4.8,0.114,0.024,,0.8,0,0,,Control,F,18,E44
174,220509_12,E22_F_12mnth Control,B,Day4,4,MWM_150,5/19/22,5,0.14,0.028,0,0,,0,0,,0,0,,5,0.14,0.028,0.07,0.9,0,0,,Control,F,12,E22
175,220509_13,E22_F_12mnth Control,B,Day4,4,MWM_150,5/19/22,6.1,0.414,0.068,0,0,,0.5,0.087,0.186,0,0,,5.6,0.327,0.058,0.338,2,0,0,,Control,F,12,E22
176,220509_14,E22_F_12mnth Control,B,Day4,4,MWM_150,5/19/22,29.2,4.26,0.146,0,0,,1.7,0.24,0.141,10.1,1.915,0.19,17.4,2.105,0.121,4.192,25.1,1,0.16,0.166,Control,F,12,E22
177,220509_1,E22_M_18mnth HFD,A,Day5,1,MWM_150,5/20/22,12.4,0.885,0.071,0,0,,0,0,,0,0,,12.4,0.885,0.071,0.796,8.3,0,0,,HFD,M,18,E22
178,220509_2,E22_F_18mnth HFD,D,Day5,1,MWM_150,5/20/22,5.8,0.518,0.089,0,0,,0.9,0.089,0.101,0,0,,4.9,0.43,0.087,0.289,1.8,0,0,,HFD,F,18,E22
179,220509_4,E22_F_18mnth HFD,D,Day5,1,MWM_150,5/20/22,5.3,0.278,0.052,0,0,,0,0,,0,0,,5.3,0.278,0.052,0.15,1.3,0,0,,HFD,F,18,E22
180,220509_6,E22_F_18mnth HFD,D,Day5,1,MWM_150,5/20/22,6.3,0.466,0.074,0,0,,0,0,,0,0,,6.3,0.466,0.074,0.377,2.3,0,0,,HFD,F,18,E22
181,220509_7,E33_M_18mnth HFD,C,Day5,1,MWM_150,5/20/22,6.6,0.465,0.071,0,0,,0,0,,0,0,,6.6,0.465,0.071,0.413,2.5,0,0,,HFD,M,18,E33
182,220509_8,E33_F_18mnth HFD,F,Day5,1,MWM_150,5/20/22,15.7,2.673,0.171,0,0,,2.9,0.686,0.237,2.9,0.773,0.264,9.8,1.213,0.124,2.588,11.6,0,0,,HFD,F,18,E33
183,220509_10,E33_F_18mnth HFD,F,Day5,1,MWM_150,5/20/22,60,10.891,0.182,15.2,2.923,0.193,16.2,2.475,0.152,11.4,2.643,0.232,17.2,2.851,0.166,,,34,5.138,0.151,HFD,F,18,E33
184,220509_11,E44_F_18mnth Control,E,Day5,1,MWM_150,5/20/22,5.7,0.235,0.041,0,0,,0,0,,0,0,,5.7,0.235,0.041,0.203,1.6,0,0,,Control,F,18,E44
185,220509_12,E22_F_12mnth Control,B,Day5,1,MWM_150,5/20/22,4.7,0.122,0.026,0,0,,0,0,,0,0,,4.7,0.122,0.026,0.043,0.6,0,0,,Control,F,12,E22
186,220509_13,E22_F_12mnth Control,B,Day5,1,MWM_150,5/20/22,22,2.976,0.135,0,0,,0.2,0,0,8.1,1.25,0.154,13.8,1.727,0.125,2.94,18,6.2,1.228,0.198,Control,F,12,E22
187,220509_14,E22_F_12mnth Control,B,Day5,1,MWM_150,5/20/22,6.9,0.414,0.06,0,0,,0,0,,0,0,,6.9,0.414,0.06,0.341,2.8,0,0,,Control,F,12,E22
188,220509_1,E22_M_18mnth HFD,A,Day5,2,MWM_150,5/20/22,60,10.636,0.177,4,0.793,0.197,13,2.358,0.182,19.7,3.4,0.172,23.3,4.084,0.175,,,11.8,1.493,0.126,HFD,M,18,E22
189,220509_2,E22_F_18mnth HFD,D,Day5,2,MWM_150,5/20/22,17.9,2.533,0.141,0.7,0.132,0.189,0,0,,11.6,2.129,0.184,5.6,0.271,0.048,2.406,13.9,1,0.085,0.085,HFD,F,18,E22
190,220509_4,E22_F_18mnth HFD,D,Day5,2,MWM_150,5/20/22,6.7,0.556,0.083,0,0,,0,0,,1.8,0.247,0.138,4.9,0.309,0.063,0.43,2.6,0,0,,HFD,F,18,E22
191,220509_6,E22_F_18mnth HFD,D,Day5,2,MWM_150,5/20/22,14.7,1.493,0.101,0,0,,0,0,,2.1,0.354,0.172,12.7,1.139,0.09,1.362,10.7,0,0,,HFD,F,18,E22
192,220509_7,E33_M_18mnth HFD,C,Day5,2,MWM_150,5/20/22,22.4,2.793,0.125,0,0,,0,0,,12,1.859,0.155,10.4,0.935,0.09,2.747,18.4,0,0,,HFD,M,18,E33
193,220509_8,E33_F_18mnth HFD,F,Day5,2,MWM_150,5/20/22,10.2,1.3,0.127,1,0.174,0.174,0,0,,3.8,0.856,0.223,5.4,0.27,0.05,1.213,6.2,0,0,,HFD,F,18,E33
194,220509_10,E33_F_18mnth HFD,F,Day5,2,MWM_150,5/20/22,50.5,8.555,0.169,12.2,2.546,0.209,13.7,2.627,0.191,4.4,0.806,0.184,20.2,2.576,0.127,8.509,46.4,23,4.03,0.175,HFD,F,18,E33
195,220509_11,E44_F_18mnth Control,E,Day5,2,MWM_150,5/20/22,8.4,0.845,0.1,0,0,,0,0,,3.3,0.615,0.186,5.1,0.23,0.045,0.807,4.4,0.7,0.077,0.11,Control,F,18,E44
196,220509_12,E22_F_12mnth Control,B,Day5,2,MWM_150,5/20/22,11.3,1.192,0.105,0,0,,0,0,,3.1,0.52,0.166,8.2,0.672,0.082,1.153,7.3,0,0,,Control,F,12,E22
197,220509_13,E22_F_12mnth Control,B,Day5,2,MWM_150,5/20/22,30.7,5.036,0.164,2.3,0.52,0.223,1.8,0.34,0.192,7.1,1.495,0.211,19.5,2.682,0.137,4.96,26.7,0,0,,Control,F,12,E22
198,220509_14,E22_F_12mnth Control,B,Day5,2,MWM_150,5/20/22,6.9,0.632,0.092,0,0,,0,0,,1.9,0.393,0.202,4.9,0.24,0.049,0.566,2.8,0,0,,Control,F,12,E22
199,220509_1,E22_M_18mnth HFD,A,Day5,3,MWM_150,5/20/22,6.8,0.628,0.092,0,0,,1.7,0.305,0.179,0,0,,5.1,0.323,0.063,0.496,2.8,0,0,,HFD,M,18,E22
200,220509_2,E22_F_18mnth HFD,D,Day5,3,MWM_150,5/20/22,11.5,1.319,0.114,0,0,,1.2,0.209,0.177,0,0,,10.4,1.11,0.107,1.231,7.5,0,0,,HFD,F,18,E22
201,220509_4,E22_F_18mnth HFD,D,Day5,3,MWM_150,5/20/22,19.1,2.14,0.112,0,0,,6,0.937,0.157,0.7,0.045,0.068,12.4,1.157,0.093,2.057,15,0,0,,HFD,F,18,E22
202,220509_6,E22_F_18mnth HFD,D,Day5,3,MWM_150,5/20/22,12.1,1.213,0.1,0,0,,3.8,0.591,0.155,0,0,,8.3,0.622,0.075,1.116,8,0,0,,HFD,F,18,E22
203,220509_7,E33_M_18mnth HFD,C,Day5,3,MWM_150,5/20/22,13.4,1.655,0.124,1.6,0.238,0.145,1.5,0.263,0.18,3.3,0.622,0.19,7,0.531,0.076,1.604,9.3,0,0,,HFD,M,18,E33
204,220509_8,E33_F_18mnth HFD,F,Day5,3,MWM_150,5/20/22,21.4,3.707,0.173,0,0,,9.2,1.888,0.204,0,0,,12.2,1.819,0.15,3.613,17.4,1.7,0.237,0.142,HFD,F,18,E33
205,220509_10,E33_F_18mnth HFD,F,Day5,3,MWM_150,5/20/22,60,10.854,0.181,16.5,2.844,0.172,15.7,3.01,0.192,12.8,2.176,0.17,15,2.823,0.188,,,36.6,6.219,0.17,HFD,F,18,E33
206,220509_11,E44_F_18mnth Control,E,Day5,3,MWM_150,5/20/22,19,2.125,0.112,0,0,,3.4,0.567,0.168,3.7,0.502,0.134,11.9,1.057,0.089,2.087,14.9,0,0,,Control,F,18,E44
207,220509_12,E22_F_12mnth Control,B,Day5,3,MWM_150,5/20/22,10.5,1.254,0.119,0,0,,2.2,0.48,0.215,0,0,,8.3,0.774,0.094,1.214,6.5,0,0,,Control,F,12,E22
208,220509_13,E22_F_12mnth Control,B,Day5,3,MWM_150,5/20/22,11.3,1.403,0.124,0.2,0.067,0.289,4.7,0.855,0.182,0,0,,6.3,0.481,0.076,1.366,7.2,0,0,,Control,F,12,E22
209,220509_14,E22_F_12mnth Control,B,Day5,3,MWM_150,5/20/22,9.9,0.866,0.087,0,0,,3.2,0.474,0.149,0,0,,6.8,0.393,0.058,0.833,5.9,0,0,,Control,F,12,E22
210,220509_1,E22_M_18mnth HFD,A,Day5,4,MWM_150,5/20/22,21.3,2.822,0.132,4.8,0.562,0.117,0,0,,8.1,1.366,0.168,8.4,0.895,0.107,2.738,17.3,0,0,,HFD,M,18,E22
211,220509_2,E22_F_18mnth HFD,D,Day5,4,MWM_150,5/20/22,12.5,1.712,0.137,2.5,0.496,0.201,3.5,0.64,0.183,0,0,,6.5,0.576,0.088,1.585,8.5,0,0,,HFD,F,18,E22
212,220509_4,E22_F_18mnth HFD,D,Day5,4,MWM_150,5/20/22,30.3,4.341,0.143,6.2,0.828,0.134,12.8,2.207,0.172,0,0,,11.3,1.306,0.115,4.259,26.3,0,0,,HFD,F,18,E22
213,220509_6,E22_F_18mnth HFD,D,Day5,4,MWM_150,5/20/22,10.9,1.231,0.113,1.5,0.316,0.214,0,0,,4.5,0.683,0.151,4.9,0.232,0.048,1.144,6.8,0,0,,HFD,F,18,E22
214,220509_7,E33_M_18mnth HFD,C,Day5,4,MWM_150,5/20/22,12.8,1.263,0.099,4.4,0.605,0.137,1.6,0.159,0.097,1.4,0.212,0.155,5.4,0.287,0.054,1.215,8.8,0,0,,HFD,M,18,E33
215,220509_8,E33_F_18mnth HFD,F,Day5,4,MWM_150,5/20/22,11.5,1.917,0.166,1.5,0.333,0.222,3.4,0.824,0.245,1.5,0.459,0.306,5.2,0.302,0.058,1.872,7.5,0.5,0.041,0.088,HFD,F,18,E33
216,220509_10,E33_F_18mnth HFD,F,Day5,4,MWM_150,5/20/22,60,10.411,0.174,10.7,1.637,0.152,14.3,2.661,0.187,21.3,4.007,0.188,13.6,2.054,0.151,,,28,4.002,0.143,HFD,F,18,E33
217,220509_11,E44_F_18mnth Control,E,Day5,4,MWM_150,5/20/22,12.5,1.256,0.1,1.6,0.318,0.197,1.3,0.131,0.1,0.8,0.191,0.229,8.8,0.616,0.07,1.216,8.5,0,0,,Control,F,18,E44
218,220509_12,E22_F_12mnth Control,B,Day5,4,MWM_150,5/20/22,7.3,1.085,0.15,1.1,0.252,0.227,0,0,,1.1,0.296,0.269,5,0.537,0.106,0.712,3.2,0,0,,Control,F,12,E22
219,220509_13,E22_F_12mnth Control,B,Day5,4,MWM_150,5/20/22,8.9,1.189,0.134,3.6,0.88,0.241,0,0,0,0,0,,5.2,0.309,0.06,1.15,4.8,0,0,,Control,F,12,E22
220,220509_14,E22_F_12mnth Control,B,Day5,4,MWM_150,5/20/22,16.7,2.371,0.142,2.4,0.437,0.181,0.3,0.054,0.201,0.8,0.143,0.172,13.1,1.737,0.132,2.333,12.6,0,0,,Control,F,12,E22
221,220509_1,E22_M_18mnth HFD,A,Probe_D5,1,MWM_150,5/20/22,60,10.656,0.178,8.8,1.556,0.176,7.3,1.284,0.175,16.7,2.643,0.158,27.1,5.173,0.191,1.672,12.3,5.7,0.565,0.1,HFD,M,18,E22
222,220509_2,E22_F_18mnth HFD,D,Probe_D5,1,MWM_150,5/20/22,60,10.46,0.174,6.6,1.174,0.178,11.9,1.833,0.154,17.9,2.977,0.166,23.6,4.477,0.19,10.403,59.7,5.9,0.671,0.114,HFD,F,18,E22
223,220509_4,E22_F_18mnth HFD,D,Probe_D5,1,MWM_150,5/20/22,60,10.378,0.173,10.5,1.635,0.156,11.4,1.725,0.151,3,0.483,0.161,35.1,6.536,0.186,1.412,11.3,1.8,0.29,0.158,HFD,F,18,E22
224,220509_6,E22_F_18mnth HFD,D,Probe_D5,1,MWM_150,5/20/22,60,11.193,0.187,10.4,1.963,0.188,7.4,1.29,0.174,19.4,3.506,0.181,22.8,4.433,0.195,2.359,13.1,0,0,,HFD,F,18,E22
225,220509_7,E33_M_18mnth HFD,C,Probe_D5,1,MWM_150,5/20/22,60,9.12,0.152,3.4,0.637,0.186,4.4,0.444,0.101,11.3,1.774,0.157,40.8,6.265,0.153,1.01,5.8,9.3,1.287,0.138,HFD,M,18,E33
226,220509_8,E33_F_18mnth HFD,F,Probe_D5,1,MWM_150,5/20/22,60,10.908,0.182,6.1,1.421,0.234,21.4,4.074,0.19,3.9,0.736,0.189,28.6,4.678,0.163,1.409,6,15.3,1.911,0.125,HFD,F,18,E33
227,220509_10,E33_F_18mnth HFD,F,Probe_D5,1,MWM_150,5/20/22,60,10.686,0.178,19,3.46,0.182,5.4,1.058,0.195,20.8,3.582,0.172,14.8,2.587,0.175,7.838,43.8,43.2,7.308,0.169,HFD,F,18,E33
228,220509_11,E44_F_18mnth Control,E,Probe_D5,1,MWM_150,5/20/22,60,10.644,0.177,13.1,2.308,0.177,9.5,1.617,0.17,19.1,3.505,0.184,18.3,3.214,0.176,,,2.1,0.344,0.164,Control,F,18,E44
229,220509_12,E22_F_12mnth Control,B,Probe_D5,1,MWM_150,5/20/22,60,11.672,0.195,2.5,0.494,0.198,3.8,0.672,0.175,24.2,4.549,0.188,29.4,5.958,0.202,2.594,13.2,1.8,0.187,0.104,Control,F,12,E22
230,220509_13,E22_F_12mnth Control,B,Probe_D5,1,MWM_150,5/20/22,60,10.859,0.181,3.4,0.799,0.235,7.3,1.212,0.165,10.2,2.165,0.212,39,6.683,0.171,1.766,11.1,3.2,0.346,0.109,Control,F,12,E22
231,220509_14,E22_F_12mnth Control,B,Probe_D5,1,MWM_150,5/20/22,60,11.862,0.198,4.9,1.076,0.22,2.3,0.446,0.194,10.4,2.128,0.205,42.4,8.213,0.194,1.803,12.1,3.2,0.544,0.168,Control,F,12,E22
232,220509_1,E22_M_18mnth HFD,A,Probe_D8,1,MWM_150,5/23/22,60,11.059,0.184,6.8,1.273,0.188,5.5,1.244,0.225,27.3,4.776,0.175,20.4,3.766,0.185,1.093,7.9,4,0.586,0.145,HFD,M,18,E22
233,220509_2,E22_F_18mnth HFD,D,Probe_D8,1,MWM_150,5/23/22,60,10.023,0.167,3.9,0.709,0.18,12.3,1.856,0.151,11.5,1.834,0.159,32.2,5.624,0.175,8.039,47.6,8.1,0.846,0.104,HFD,F,18,E22
234,220509_4,E22_F_18mnth HFD,D,Probe_D8,1,MWM_150,5/23/22,60,10.743,0.179,3.6,0.718,0.199,20.1,3.468,0.172,10.9,1.942,0.178,25.3,4.616,0.182,3.957,21.9,13.5,1.917,0.143,HFD,F,18,E22
235,220509_6,E22_F_18mnth HFD,D,Probe_D8,1,MWM_150,5/23/22,60,11.43,0.19,9.6,1.929,0.201,11.2,2.062,0.184,21.3,3.935,0.185,17.9,3.504,0.196,3.46,17.9,2.2,0.278,0.126,HFD,F,18,E22
236,220509_7,E33_M_18mnth HFD,C,Probe_D8,1,MWM_150,5/23/22,60,9.13,0.152,11.3,1.845,0.163,12.8,1.485,0.116,13.4,2.188,0.164,22.5,3.612,0.161,0.772,4.7,11.3,1.56,0.138,HFD,M,18,E33
237,220509_8,E33_F_18mnth HFD,F,Probe_D8,1,MWM_150,5/23/22,60,9.449,0.157,1.4,0.3,0.212,12.3,2.05,0.167,7,1.178,0.168,39.3,5.92,0.151,4.902,27.5,3.7,0.346,0.093,HFD,F,18,E33
238,220509_10,E33_F_18mnth HFD,F,Probe_D8,1,MWM_150,5/23/22,60,10.989,0.183,9.4,2.018,0.215,18.1,2.961,0.163,20.9,3.789,0.182,11.6,2.221,0.191,,,35.8,6.197,0.173,HFD,F,18,E33
239,220509_11,E44_F_18mnth Control,E,Probe_D8,1,MWM_150,5/23/22,60,10.205,0.17,11.7,1.881,0.161,14.7,2.291,0.155,15.2,2.707,0.179,18.4,3.327,0.18,1.558,13.1,6.2,1.121,0.182,Control,F,18,E44
240,220509_12,E22_F_12mnth Control,B,Probe_D8,1,MWM_150,5/23/22,60,12.824,0.214,4,0.923,0.231,5.3,1.15,0.216,17.2,3.563,0.207,33.4,7.188,0.215,0.824,3.6,2.8,0.537,0.192,Control,F,12,E22
241,220509_13,E22_F_12mnth Control,B,Probe_D8,1,MWM_150,5/23/22,60,12.551,0.209,13.6,2.993,0.219,12.3,2.461,0.201,11.6,2.837,0.246,22.5,4.261,0.189,1.316,7.6,0,0,,Control,F,12,E22
242,220509_14,E22_F_12mnth Control,B,Probe_D8,1,MWM_150,5/23/22,60,13.194,0.22,6.5,1.577,0.241,6.7,1.572,0.235,16.4,3.42,0.208,30.3,6.624,0.218,1.185,6.4,6.5,1.04,0.159,Control,F,12,E22