Cohort Name,Index,CIVM_ID,Animal_ID,Cage_Assignment,Cage Number,Sex,Genotype,Marking,DOB,Age(Years),Age (days),Age Months,Handling Date,Age_at_Handling,Group_Assignment,Glucose_week0,Glucose_week6,Glucose_week12,Glucose_week20,Glucose_Week_28,Glucose_Week30,Weight_week0,Weight_week1,Weight_week2,Weight_week3,Weight_week4,Weight_week5,Weight_week6,Weight_week7,Weight_week8,Weight_week9,Weight_week10,Weight_week11,Weight_week12,Weight_week13,Weight_week14,Weight_week15,Weight_week16,Weight_week17,Weight_week18,Weight_week19,Weight_week20,Weight_week21,Weight_week22,Weight_week23,Weight_week24,Weight_week25,Weight_week26,Weight_week27,Weight_week28,Weight_week29
HFD_Cohort1_10_5_20,1, ,201012_1,1,1275958,M,E4HN,LR,1/15/20,2.083333333,762,25.4,1/11/21,12.07,HFD,142, ,173, ,,,25,26,27,32,32,33,34,35,36,37,37,38,38,39,41,40,40,40,40,40,40,40,,,,,,,,
HFD_Cohort1_10_5_20,2,210118-2:0,201012_2,1,1275958,M,E4HN,RR,1/15/20,2.083333333,762,25.4,1/11/21,12.07,HFD,123, ,191, ,,,25,29,28,32,32,33,34,36,37,37,36,36,37,37,37,37,37,36,36,36,36,35,,,,,,,,
HFD_Cohort1_10_5_20,3,210118-3:0,201012_3,1,1275958,M,E4HN,LL,1/21/20,2.066666667,756,25.2,1/11/21,11.87,HFD,145, ,198, ,,,28,31,33,37,37,39,42,45,48,49,50,50,50,51,52,52,51,50,49,48,48,48,,,,,,,,
HFD_Cohort1_10_5_20,4,210118-4:0,201012_4,2,1275948,F,E4HN,R,1/15/20,2.083333333,762,25.4,1/11/21,12.07,HFD,116, ,241,237,,,21,23,23,28,32,32,33,36,38,37,36,36,36,38,40,40,39,39,42,44,44,44,46,,,,,,,
HFD_Cohort1_10_5_20,5,210118-5:0,201012_5,2,1275948,F,E4HN,L,1/15/20,2.083333333,762,25.4,1/11/21,12.07,HFD,185, ,241,264,,,23,26,25,27,34,34,36,37,39,39,39,39,39,41,43,42,40,40,40,44,44,44,44,,,,,,,
HFD_Cohort1_10_5_20,6,210118-6:0,201012_6,2,1275948,F,E4HN,LL,1/15/20,2.083333333,762,25.4,1/11/21,12.07,HFD,128, ,206,236,,,23,26,28,32,32,34,35,37,38,39,40,41,41,42,44,43,42,42,43,45,45,45,47,,,,,,,
HFD_Cohort1_10_5_20,7,210118-7:0,201012_7,8,1299774,F,E4HN,L,12/25/19,2.138888889,783,26.1,1/11/21,12.77,HFD,161, ,193,137,,,25,27,28,29,29,31,33,34,36,36,36,36,37,37,38,37,36,36,36,37,36,36,35,,,,,,,
HFD_Cohort1_10_5_20,8,210118-8:0,201012_8,8,1299774,F,E4HN,R,12/25/19,2.138888889,783,26.1,1/11/21,12.77,HFD,98, ,177, ,,,26,30,30,31,34,35,38,40,43,44,44,44,44,45,46,47,48,48,48,48,48,48,,,,,,,,
HFD_Cohort1_10_5_20,9,210118-9:0,201012_9,8,1299774,F,E4HN,LL,12/25/19,2.138888889,783,26.1,1/11/21,12.77,HFD,123, ,202,140,,,25,27,29,30,31,31,32,32,33,36,38,39,39,38,37,37,36,36,36,37,37,37,34,,,,,,,
HFD_Cohort1_10_5_20,10,210118-10:0,201012_10,8,1299774,F,E4HN,LR,12/25/19,2.138888889,783,26.1,1/11/21,12.77,HFD,147, ,186, ,,,28,29,31,31,32,32,32,33,34,35,35,36,36,36,36,37,38,38,38,39,39,39,,,,,,,,
HFD_Cohort1_10_5_20,11,210118-11:0,201012_11,10,1312798,F,E3HN,RR,11/20/19,2.236111111,818,27.26666667,1/11/21,13.93,HFD,105, ,186, ,,,32,37,34,40,39,39,41,43,45,46,46,46,46,46,46,47,48,47,46,45,46,46,,,,,,,,
HFD_Cohort1_10_5_20,12,210118-12:0,201012_12,10,1312798,F,E3HN,R,12/9/19,2.183333333,799,26.63333333,1/11/21,13.3,HFD,171, ,167, ,,,30,34,34,40,38,38,40,43,44,44,44,44,44,44,44,44,43,42,41,39,39,39,,,,,,,,
HFD_Cohort1_10_5_20,13,210118-13:0,201012_13,11,1343433,M,E3HN,LR,2/10/20,2.013888889,736,24.53333333,1/11/21,11.2,HFD,151, ,221, ,,,25,27,27,28,31,30,30,30,30,30,30,33,33,34,34,33,32,32,32,32,32,32,,,,,,,,
HFD_Cohort1_10_5_20,14,,201012_14,11,1343433,M,E3HN,L,12/12/19,2.175,796,26.53333333,1/11/21,13.2,HFD, , , , ,,,28, , , , , , , , , ,,, , , , , ,, , ,,,,,,,,,,
HFD_Cohort1_10_5_20,15,210118-15:0,201012_15,3,1198647,F,E33,L,1/1/20,2.122222222,776,25.86666667,1/11/21,12.53,HFD,150, ,195, ,,,26,29,28,36,36,36,36,36,36,38,40,42,43,44,44,43,42,42,42,47,46,46,,,,,,,,
HFD_Cohort1_10_5_20,16,210118-16:0,201012_16,3,1198647,F,E33,RR,1/1/20,2.122222222,776,25.86666667,1/11/21,12.53,HFD,138, ,151, ,,,27,29,31,40,40,39,38,38,37,38,39,39,39,39,40,40,40,40,40,43,43,43,,,,,,,,
HFD_Cohort1_10_5_20,17,210118-17:0,201012_17,5,1275960,F,E33,L,1/1/20,2.122222222,776,25.86666667,1/11/21,12.53,HFD,109, ,155,208,,,26,27,27,31,32,34,38,43,47,48,48,49,49,50,52,50,49,50,50,43,43,43,43,,,,,,,
HFD_Cohort1_10_5_20,18,210118-18:0,201012_18,5,1275960,F,E33,R,1/1/20,2.122222222,776,25.86666667,1/11/21,12.53,HFD,150, ,173,210,,,29,29,30,33,34,34,35,35,37,38,38,38,38,38,38,36,34,35,36,54,54,54,49,,,,,,,
HFD_Cohort1_10_5_20,19,210118-19:0,201012_19,5,1275960,F,E33,LR,1/2/20,2.119444444,775,25.83333333,1/11/21,12.5,HFD,138, ,183,193,,,27,29,29,31,31,32,33,35,36,37,38,38,38,39,41,41,42,43,43,43,43,43,41,,,,,,,
HFD_Cohort1_10_5_20,20,210118-20:0,201012_20,5,1275960,F,E33,LL,1/2/20,2.119444444,775,25.83333333,1/11/21,12.5,HFD,160, ,189,202,,,28,33,33,40,40,41,41,42,44,46,48,50,50,51,52,53,54,54,55,57,57,57,53,,,,,,,
HFD_Cohort1_10_5_20,21,210118-21:0,201012_21,5,1275960,F,E33,RR,1/2/20,2.119444444,775,25.83333333,1/11/21,12.5,HFD,141, ,192,137,,,29,31,31,36,37,38,39,40,44,45,47,47,47,47,48,48,49,50,50,50,50,50,33,,,,,,,
HFD_Cohort1_10_5_20,22,210118-22:0,201012_22,7,1253158,M,E33,L,1/2/20,2.119444444,775,25.83333333,1/11/21,12.5,HFD,244, ,183,131,,,29,42,43,44,50,50,50,51,51,52,53,53,53,53,53,53,53,53,53,55,55,55,53,,,,,,,
HFD_Cohort1_10_5_20,23,210118-23:0,201012_23,7,1253158,M,E33,R,1/2/20,2.119444444,775,25.83333333,1/11/21,12.5,HFD,195, ,214,143,,,37,33,34,40,40,41,42,43,46,47,47,48,48,47,47,48,50,50,50,52,52,52,46,,,,,,,
HFD_Cohort1_10_5_20,24,210118-24:0,201012_24,9,1253152,M,E33,L,1/1/20,2.122222222,776,25.86666667,1/11/21,12.53,HFD,134, ,247,149,,,28,35,33,38,38,41,43,44,47,47,47,47,47,48,48,47,47,47,48,46,46,46,48,,,,,,,
HFD_Cohort1_10_5_20,25,210118-25:0,201012_25,9,1253152,M,E33,R,1/1/20,2.122222222,776,25.86666667,1/11/21,12.53,HFD,160, ,198,223,,,27,32,31,37,37,37,37,38,38,39,38,39,39,41,42,43,43,43,43,48,47,47,47,,,,,,,
HFD_Cohort1_10_5_20,26,210118-26:0,201012_26,9,1253152,M,E33,LR,1/1/20,2.122222222,776,25.86666667,1/11/21,12.53,HFD,187, ,267,180,,,26,38,38,47,50,50,50,50,50,51,52,53,53,53,54,54,53,54,56,57,57,57,57,,,,,,,
HFD_Cohort1_10_5_20,27,210118-27:0,201012_27,9,1253152,M,E33,LL,1/1/20,2.122222222,776,25.86666667,1/11/21,12.53,HFD,145, ,190,238,,,28,31,30,36,36,36,36,37,37,36,35,35,35,37,38,39,39,44,47,51,51,51,46,,,,,,,
 , , , , , , , , , ,,,, , , , , , , ,, , , , , , , , , , , , , , , , , , , , , , , , , , , , , , , 
January_Mixed_Cohort HFD+HFCTRL,1,210817-17:0,210112_1,Cage_1,1362659,F,E4HN ,R,4/6/20,1.858333333,680,22.66666667,4/12/21,12.37,HFD ,204,,,,,171,28,29,29,30,34,38,37,38,38,38,38,38,39,39,41,41,42,43,43,43,43,44,44,45,45,45, ,53,52,
January_Mixed_Cohort HFD+HFCTRL,2,210730-4:0,210112_2,Cage_1,1362659,F,E4HN ,LR,4/6/20,1.858333333,680,22.66666667,4/12/21,12.37,HFD ,183,,,,,163,26,27,30,32,33,35,35,37,38,40,41,43,43,45,45,46,48,49,50,51,51,52,52,51,50,51, ,58,57,
January_Mixed_Cohort HFD+HFCTRL,3,,210112_3,Cage_1,1362659(1299175),F,E4HN ,L,4/29/20,1.794444444,657,21.9,4/12/21,11.6,HFD ,168,,,,,142,27,29,31,33,34,34,39,37,38,39,-,-,-,-,-,-,-,-,-,,,,,,,, ,54, ,
January_Mixed_Cohort HFD+HFCTRL,4,210817-1:0,210112_4,Cage_1,1362659(1299175),F,E4HN ,LL,4/6/20,1.858333333,680,22.66666667,4/12/21,12.37,HFD ,183,,,,,235,26,28,31,34,34,35,38,36,37,39,39,39,41,41,41,43,43,44,44,,,,,,,, , ,53,
January_Mixed_Cohort HFD+HFCTRL,5,210817-2:0,210112_5,Cage_2,1324361,M,E4HN ,L,4/15/20,1.833333333,671,22.36666667,4/12/21,12.07,Control ,137,,,,,154,28,29,29,29,-,-,-,-,-,-,-,-,-,-,-,-,-,28,28,,,,,,,, ,30,29,
January_Mixed_Cohort HFD+HFCTRL,6,210817-3:0,210112_6,Cage_2,1324361,M,E4HN ,R,4/15/20,1.833333333,671,22.36666667,4/12/21,12.07,Control ,207,,,,,198,30,30,30,30,-,-,-,-,-,-,-,-,-,-,-,-,-,29,29,,,,,,,, ,32,31,
January_Mixed_Cohort HFD+HFCTRL,7,210817-4:0,210112_7,Cage_2,1324361,M,E4HN ,LR,4/15/20,1.833333333,671,22.36666667,4/12/21,12.07,Control ,213,,,,,186,33,31,31,31,-,-,-,-,-,-,-,-,-,-,-,-,-,32,33,,,,,,,, ,36,35,
January_Mixed_Cohort HFD+HFCTRL,8,210817-18:0,210112_8,Cage_2,1324361,M,E4HN ,LL,4/15/20,1.833333333,671,22.36666667,4/12/21,12.07,Control ,161,,,,,163,25,27,27,27,-,-,-,-,-,-,-,-,-,-,-,-,-,26,26,,,,,,,, ,29,28,
January_Mixed_Cohort HFD+HFCTRL,9,210817-5:0,210112_9,Cage_3,1324349,M,E4HN ,L,4/21/20,1.816666667,665,22.16666667,4/12/21,11.87,HFD ,191,,,,,186,32,33,33,34,38,42,37,38,39,40,41,41,43,44,44,46,47,48,50,50,50,50,50,51,50,50, ,47,46,
January_Mixed_Cohort HFD+HFCTRL,10,,  ,Cage_3,1324349,M,E4HN ,R,4/21/20,1.816666667,665,22.16666667,4/12/21,11.87,HFD ,152,,,,, ,29,30,31,32,34,35,40,41,42,43,44,45,46,46,47,48,49,49,49,49,49,48,48,49,48,48, , , ,
January_Mixed_Cohort HFD+HFCTRL,11,210730-3:0,210112_11,Cage_3,1324349,M,E4HN ,LR,4/21/20,1.816666667,665,22.16666667,4/12/21,11.87,HFD ,199,,,,,190,32,33,35,37,39,41,44,48,49,49,49,50,50,51,51,52,52,53,53,54,54,55,55,55,56,55, ,55,53,
January_Mixed_Cohort HFD+HFCTRL,12,210817-19:0,210112_12,Cage_3,1324349,M,E4HN ,LL,4/21/20,1.816666667,665,22.16666667,4/12/21,11.87,HFD ,219,,,,,231,28,29,31,33,35,36,37,40,40,41,43,43,44,45,45,46,47,48,48,48,48,49,50,50,49,50, ,54,53,
January_Mixed_Cohort HFD+HFCTRL,13,,210112_13,Cage_4,1324350,F,E4HN ,L,4/21/20,1.816666667,665,22.16666667,4/12/21,11.87,Control ,207,,,,,152,25,25,25,25,-,-,-,-,-,-,-,-,-,-,-,-,-,25,25,,,,,,,, , ,27,
January_Mixed_Cohort HFD+HFCTRL,14,210817-6:0,210112_14,Cage_4,1324350,F,E4HN ,R,4/21/20,1.816666667,665,22.16666667,4/12/21,11.87,Control ,216,,,,,175,27,27,27,27,-,-,-,-,-,-,-,-,-,-,-,-,-,28,28,,,,,,,, , ,31,
January_Mixed_Cohort HFD+HFCTRL,15,210817-7:0,210112_15,Cage_4,1324350,F,E4HN ,LR,4/21/20,1.816666667,665,22.16666667,4/12/21,11.87,Control ,202,,,,,153,23,24,24,24,-,-,-,-,-,-,-,-,-,-,-,-,-,26,26,,,,,,,, , ,26,
January_Mixed_Cohort HFD+HFCTRL,16,210730-8:0,210112_16,Cage_4,1324350,F,E4HN ,LL,4/21/20,1.816666667,665,22.16666667,4/12/21,11.87,Control ,173,,,,,162,23,25,25,25,-,-,-,-,-,-,-,-,-,-,-,-,-,27,27,,,,,,,, , ,26,
January_Mixed_Cohort HFD+HFCTRL,17,210817-9:0,210112_17,Cage_4,1324350,F,E4HN ,LRR,4/29/20,1.794444444,657,21.9,4/12/21,11.6,Control ,220,,,,,138,23,24,24,24,-,-,-,-,-,-,-,-,-,-,-,-,-,28,28,,,,,,,, , ,25,
January_Mixed_Cohort HFD+HFCTRL,18,210730-5:0,210112_18,Cage_5,1299771,M,E3HN,LR,4/28/20,1.797222222,658,21.93333333,4/12/21,11.63,HFD ,192*,,,,,143,24,31,34,38,39,40,39,41,44,47,48,48,49,49,49,49,50,50,50,51,51,51,52,51,51,50, ,53,52,
January_Mixed_Cohort HFD+HFCTRL,19,210817-10:0,210112_19,Cage_5,1299771,M,E3HN,LL,4/28/20,1.797222222,658,21.93333333,4/12/21,11.63,HFD ,192*,,,,,218,25,33,35,38,38,40,40,43,45,48,50,50,51,51,53,53,53,53,53,53,53,54,54,55,55,55, ,55,55,
January_Mixed_Cohort HFD+HFCTRL,20,210817-11:0,210112_20,Cage_5,1299771,M,E3HN,RR,4/28/20,1.797222222,658,21.93333333,4/12/21,11.63,HFD ,192*,,,,,201,26,33,35,39,40,41,41,42,45,47,47,47,47,48,48,48,48,48,48,48,48,49,50,51,50,51, ,55,52,
January_Mixed_Cohort HFD+HFCTRL,21,210730-6:0,210112_21,Cage_6,1343452,F,E3HN,LR,4/28/20,1.797222222,658,21.93333333,4/12/21,11.63,HFD ,207,,,,,188,28,31,33,35,42,41,41,43,37,37,39,41,44,46,47,48,49,49,49,49,49,49,49,49,50,49, ,62,59,
January_Mixed_Cohort HFD+HFCTRL,22,,210112_22,Cage_6,1343452,F,E3HN,LLR,3/10/20,1.930555556,707,23.56666667,4/12/21,13.27,HFD ,192.5*,,,,,239,-,-,-,-,-,41,42,43,40,40,-,-,-,-,-,-,-,-,-,-,-,-,-,,,,, , ,
January_Mixed_Cohort HFD+HFCTRL,23,210817-12:0,210112_23,Cage_6,1343452,F,E3HN,L,3/10/20,1.930555556,707,23.56666667,4/12/21,13.27,HFD ,192.5*,,,,,162,-,-,-,-,-,38,38,40,40,40,41,43,45,45,47,48,49,50,51,51,50,50,50,51,50,50, ,58,57,
January_Mixed_Cohort HFD+HFCTRL,24,210817-13:0,210112_24,Cage_6,1343452,F,E3HN,LL,4/28/20,1.797222222,658,21.93333333,4/12/21,11.63,HFD ,178,,,,,159,26,29,34,36,39,40,39,44,39,39,40,40,42,44,46,47,48,48,48,48,49,49,50,49,49,49, ,55,55,
January_Mixed_Cohort HFD+HFCTRL,25,210817-14:0,210112_25,Cage_7,1324359,M,E44,L,4/6/20,1.858333333,680,22.66666667,4/12/21,12.37,HFD ,152,,,,,237,32,32,33,36,37,37,38,40,40,41,42,43,44,44,46,47,47,48,49,49,48,49,49,49,49,50, ,51,50,
January_Mixed_Cohort HFD+HFCTRL,26,210730-7:0,210112_26,Cage_7,1324359,M,E44,R,4/6/20,1.858333333,680,22.66666667,4/12/21,12.37,HFD ,242,,,,,199,29,30,33,36,37,38,40,42,44,45,45,46,46,46,46,47,47,47,48,48,49,49,49,50,51,51, ,52,51,
January_Mixed_Cohort HFD+HFCTRL,27,210730-8:0,210112_27,Cage_8,1324352,F,E44,L,4/6/20,1.858333333,680,22.66666667,4/12/21,12.37,HFD ,154,,,,,192,26,28,30,34,30,29,40,42,41,41,42,42,43,43,44,45,46,46,46,46,46,47,47,48,49,49, ,50,50,
January_Mixed_Cohort HFD+HFCTRL,28,210817-15:0,210112_28,Cage_8,1324352,F,E44,R,4/6/20,1.858333333,680,22.66666667,4/12/21,12.37,HFD ,179,,,,,205,27,28,30,33,35,37,29,33,32,32,32,33,33,34,35,36,37,37,38,38,39,40,40,41,41,41, ,48,45,
January_Mixed_Cohort HFD+HFCTRL,29,210817-16:0,210112_29,Cage_8,1324352,F,E44,LR,4/16/20,1.830555556,670,22.33333333,4/12/21,12.03,HFD ,146,,,,,216,23,25,26,26,26,26,29,30,30,30,30,30,31,32,32,33,33,34,34,35,35,35,36,36,37,37, ,36,35,
 , , , , , , , , , ,,,, , , , , , , ,, , , , , , , , , , , , , , , , , , , , , , , , , , , , , , , 
CTRL_12MnthCohort2_2_1_21,1,,210201_1,12C1,1253165,F,E33,L,1/2/20,2.119444444,775,25.83333333,2/1/21,13.2,Control ,213,,125,172,,,28,,,,,,,,,,,,30,,,,,,,,35,,,,,,,,,
CTRL_12MnthCohort2_2_1_21,2,210201-2:0,210201_2,12C1,1253165,F,E33,R,1/2/20,2.119444444,775,25.83333333,2/1/21,13.2,Control ,160,,142,193,,,29,,,,,,,,,,,,30,,,,,,,,28,,,,,,,,,
CTRL_12MnthCohort2_2_1_21,3,210201-3:0,210201_3,12C1,1253165,F,E33,LR,1/2/20,2.119444444,775,25.83333333,2/1/21,13.2,Control ,167,,126,182,,,30,,,,,,,,,,,,34,,,,,,,,34,,,,,,,,,
CTRL_12MnthCohort2_2_1_21,4,210201-4:0,210201_4,12C1,1253165,F,E33,LL,1/2/20,2.119444444,775,25.83333333,2/1/21,13.2,Control ,218,,137,142,,,30,,,,,,,,,,,,33,,,,,,,,27,,,,,,,,,
CTRL_12MnthCohort2_2_1_21,5,210201-5:0,210201_5,12C1,1253165,F,E33,RR,1/2/20,2.119444444,775,25.83333333,2/1/21,13.2,Control ,166,,127,192,,,27,,,,,,,,,,,,28,,,,,,,,28,,,,,,,,,
CTRL_12MnthCohort2_2_1_21,6,210201-6:0,210201_6,12C2,1275963,F,E44,L,3/4/20,1.947222222,713,23.76666667,2/1/21,11.13,Control ,195,,228,185,,,25,,,,,,,,,,,,27,,,,,,,,28,,,,,,,,,
CTRL_12MnthCohort2_2_1_21,7,210201-7:0,210201_7,12C2,1275963,F,E44,R,3/4/20,1.947222222,713,23.76666667,2/1/21,11.13,Control ,172,,158,215,,,23,,,,,,,,,,,,26,,,,,,,,27,,,,,,,,,
CTRL_12MnthCohort2_2_1_21,8,210201-8:0,210201_8,12C2,1275963,F,E44,LR,3/4/20,1.947222222,713,23.76666667,2/1/21,11.13,Control ,181,,188,214,,,24,,,,,,,,,,,,25,,,,,,,,25,,,,,,,,,
CTRL_12MnthCohort2_2_1_21,9,210201-9:0,210201_9,12C2,1275963,F,E44,LL,3/4/20,1.947222222,713,23.76666667,2/1/21,11.13,Control ,188,,168,163,,,22,,,,,,,,,,,,24,,,,,,,,28,,,,,,,,,
CTRL_12MnthCohort2_2_1_21,10,210201-10:0,210201_10,12C2,1275963,F,E44,RR,3/4/20,1.947222222,713,23.76666667,2/1/21,11.13,Control ,146,,158,200,,,23,,,,,,,,,,,,24,,,,,,,,24,,,,,,,,,
CTRL_12MnthCohort2_2_1_21,11,210201-11:0,210201_11,12C3,1324357,M,E44,L,3/18/20,1.908333333,699,23.3,2/1/21,10.67,Control ,196,,190,178,,,32,,,,,,,,,,,,32,,,,,,,,31,,,,,,,,,
CTRL_12MnthCohort2_2_1_21,12,210201-12:0,210201_12,12C3,1324357,M,E44,R,3/18/20,1.908333333,699,23.3,2/1/21,10.67,Control ,143,,163,213,,,30,,,,,,,,,,,,31,,,,,,,,30,,,,,,,,,
CTRL_12MnthCohort2_2_1_21,13,210201-13:0,210201_13,12C3,1324357,M,E44,RR,3/18/20,1.908333333,699,23.3,2/1/21,10.67,Control ,182,,216,179,,,38,,,,,,,,,,,,28,,,,,,,,28,,,,,,,,,
CTRL_12MnthCohort2_2_1_21,14,210201-14:0,210201_14,12C4,1324355,M,E44,LR,3/4/20,1.947222222,713,23.76666667,2/1/21,11.13,Control ,210,,174,246,,,30,,,,,,,,,,,,31,,,,,,,,30,,,,,,,,,
CTRL_12MnthCohort2_2_1_21,15,210201-15:0,210201_15,12C4,1324355,M,E44,LL,3/4/20,1.947222222,713,23.76666667,2/1/21,11.13,Control ,176,,189,214,,,30,,,,,,,,,,,,31,,,,,,,,30,,,,,,,,,
CTRL_12MnthCohort2_2_1_21,16,210201-16:0,210201_16,12C4,1324355,M,E44,RR,3/4/20,1.947222222,713,23.76666667,2/1/21,11.13,Control ,252,,189,256,,,34,,,,,,,,,,,,34,,,,,,,,34,,,,,,,,,
CTRL_12MnthCohort2_2_1_21,17,210201-17:0,210201_17,12C5,1253156,M,E44,LL,1/8/20,2.102777778,769,25.63333333,2/1/21,13,Control ,193,,199,217,,,32,,,,,,,,,,,,33,,,,,,,,33,,,,,,,,,
CTRL_12MnthCohort2_2_1_21,18,210201-18:0,210201_18,12C5,1253156,M,E44,RR,1/8/20,2.102777778,769,25.63333333,2/1/21,13,Control ,225,,172,223,,,29,,,,,,,,,,,,30,,,,,,,,31,,,,,,,,,
CTRL_12MnthCohort2_2_1_21,19,210201-19:0,210201_19,12C6,1385322,M,E2HN,LR,3/15/20,1.916666667,702,23.4,2/1/21,10.77,Control ,228,,177,226,,,28,,,,,,,,,,,,29,,,,,,,,29,,,,,,,,,
 , , , , , , , , , ,,,, , , , , , , ,, , , , , , , , , , , , , , , , , , , , , , , , , , , , , , , 
CTRL_12MnthCohort3_2_22_21,1,210222-1:0,210222_1,12C1,1324347,F,E3HN,LR,3/10/20,1.930555556,707,23.56666667,2/22/21,11.63,Control ,150,158,147,,,,30,,,,,,29,,,,,,30,,,,,,,,,,,,,,,,,
CTRL_12MnthCohort3_2_22_21,2,210222-2:0,210222_2,12C1,1324347,F,E3HN,RR,3/10/20,1.930555556,707,23.56666667,2/22/21,11.63,Control ,166,148,198,,,,31,,,,,,30,,,,,,32,,,,,,,,,,,,,,,,,
CTRL_12MnthCohort3_2_22_21,3,210222-3:0,210222_3,12C2,1299777,M,E3HN,L,3/10/20,1.930555556,707,23.56666667,2/22/21,11.63,Control ,177,197,158,,,,31,,,,,,31,,,,,,31,,,,,,,,,,,,,,,,,
CTRL_12MnthCohort3_2_22_21,4,210222-4:0,210222_4,12C2,1299777,M,E3HN,R,3/10/20,1.930555556,707,23.56666667,2/22/21,11.63,Control ,190,193,171,,,,37,,,,,,37,,,,,,36,,,,,,,,,,,,,,,,,
CTRL_12MnthCohort3_2_22_21,5,210222-5:0,210222_5,12C2,1299777,M,E3HN,LR,3/10/20,1.930555556,707,23.56666667,2/22/21,11.63,Control ,177,153,217,,,,32,,,,,,33,,,,,,32,,,,,,,,,,,,,,,,,
CTRL_12MnthCohort3_2_22_21,6,210222-6:0,210222_6,12C2,1299777,M,E3HN,RR,3/10/20,1.930555556,707,23.56666667,2/22/21,11.63,Control ,222,206,253,,,,32,,,,,,32,,,,,,32,,,,,,,,,,,,,,,,,
CTRL_12MnthCohort3_2_22_21,7,210222-7:0,210222_7,12C3,1299779,F,E33,L,2/23/20,1.977777778,723,24.1,2/22/21,12.17,Control ,188,186,214,,,,40,,,,,,41,,,,,,42,,,,,,,,,,,,,,,,,
CTRL_12MnthCohort3_2_22_21,8,210222-8:0,210222_8,12C3,1299779,F,E33,R,2/23/20,1.977777778,723,24.1,2/22/21,12.17,Control ,184,205,164,,,,33,,,,,,31,,,,,,34,,,,,,,,,,,,,,,,,
CTRL_12MnthCohort3_2_22_21,9,210222-9:0,210222_9,12C3,1299779,F,E33,LR,2/23/20,1.977777778,723,24.1,2/22/21,12.17,Control ,177,182,191,,,,35,,,,,,37,,,,,,31,,,,,,,,,,,,,,,,,
CTRL_12MnthCohort3_2_22_21,10,210222-10:0,210222_10,12C4,1324351,F,E33,L,3/8/20,1.936111111,709,23.63333333,2/22/21,11.7,Control ,194,193,195,,,,28,,,,,,29,,,,,,28,,,,,,,,,,,,,,,,,
CTRL_12MnthCohort3_2_22_21,11,210222-11:0,210222_11,12C4,1324351,F,E33,R,3/8/20,1.936111111,709,23.63333333,2/22/21,11.7,Control ,159,158,165,,,,28,,,,,,28,,,,,,29,,,,,,,,,,,,,,,,,
CTRL_12MnthCohort3_2_22_21,12,210222-12:0,210222_12,12C4,1324351,F,E33,LR,3/8/20,1.936111111,709,23.63333333,2/22/21,11.7,Control ,159,167,156,,,,27,,,,,,27,,,,,,27,,,,,,,,,,,,,,,,,
CTRL_12MnthCohort3_2_22_21,13,210222-13:0,210222_13,12C5,1324353,M,E33,L,3/8/20,1.936111111,709,23.63333333,2/22/21,11.7,Control ,173,171,176,,,,34,,,,,,34,,,,,,34,,,,,,,,,,,,,,,,,
CTRL_12MnthCohort3_2_22_21,14,210222-14:0,210222_14,12C5,1324353,M,E33,R,3/8/20,1.936111111,709,23.63333333,2/22/21,11.7,Control ,162,153,166,,,,33,,,,,,33,,,,,,34,,,,,,,,,,,,,,,,,
CTRL_12MnthCohort3_2_22_21,15,210222-15:0,210222_15,12C5,1324353,M,E33,LR,3/8/20,1.936111111,709,23.63333333,2/22/21,11.7,Control ,177,182,155,,,,35,,,,,,35,,,,,,35,,,,,,,,,,,,,,,,,
CTRL_12MnthCohort3_2_22_21,16,210222-16:0,210222_16,12C6,1190436,M,E22,L,2/17/20,1.994444444,729,24.3,2/22/21,12.37,Control ,200,192,205,,,,27,,,,,,28,,,,,,27,,,,,,,,,,,,,,,,,
CTRL_12MnthCohort3_2_22_21,17,210222-17:0,210222_17,12C6,1190436,F,E22,L,2/17/20,1.994444444,729,24.3,2/22/21,12.37,Control ,144,138,147,,,,28,,,,,,29,,,,,,27,,,,,,,,,,,,,,,,,
 , , , , , , , , , ,,,, , , , , , , ,, , , , , , , , , , , , , , , , , , , , , , , , , , , , , , , 
CTRL_12_18MnthCohort__5_3_21,1,210624-1:0,210503_1,Cage_1,1275947,M,E33,L,10/13/19,2.338888889,856,28.53333333,5/3/21,18.93,Control ,172,168,,,,,24,,,,,,35,,,,,,,,,,,,,,,,,,,,,,,
CTRL_12_18MnthCohort__5_3_21,2,210624-2:0,210503_2,Cage_1,1275947,M,E33,R,10/13/19,2.338888889,856,28.53333333,5/3/21,18.93,Control ,168,202,,,,,26,,,,,,42,,,,,,,,,,,,,,,,,,,,,,,
CTRL_12_18MnthCohort__5_3_21,3,210624-3:0,210503_3,Cage_1,1275947,M,E33,LR,10/13/19,2.338888889,856,28.53333333,5/3/21,18.93,Control ,155,208,,,,,25,,,,,,45,,,,,,,,,,,,,,,,,,,,,,,
CTRL_12_18MnthCohort__5_3_21,4,210624-4:0,210503_4,Cage_2,1275956,M,E33,L,11/2/19,2.286111111,836,27.86666667,5/3/21,18.27,Control ,188,170,,,,,23,,,,,,28,,,,,,,,,,,,,,,,,,,,,,,
CTRL_12_18MnthCohort__5_3_21,5,210624-5:0,210503_5,Cage_2,1275956,M,E33,R,11/2/19,2.286111111,836,27.86666667,5/3/21,18.27,Control ,210,180,,,,,31,,,,,,33,,,,,,,,,,,,,,,,,,,,,,,
CTRL_12_18MnthCohort__5_3_21,6,210624-6:0,210503_6,Cage_2,1275956,M,E33,LR,11/2/19,2.286111111,836,27.86666667,5/3/21,18.27,Control ,178,174,,,,,30,,,,,,35,,,,,,,,,,,,,,,,,,,,,,,
CTRL_12_18MnthCohort__5_3_21,7,210624-7:0,210503_7,Cage_3,1275955,F,E33,L,11/2/19,2.286111111,836,27.86666667,5/3/21,18.27,Control ,166,201,,,,,30,,,,,,27,,,,,,,,,,,,,,,,,,,,,,,
CTRL_12_18MnthCohort__5_3_21,8,210624-8:0,210503_8,Cage_3,1275955,F,E33,R,11/2/19,2.286111111,836,27.86666667,5/3/21,18.27,Control ,183,184,,,,,29,,,,,,28,,,,,,,,,,,,,,,,,,,,,,,
CTRL_12_18MnthCohort__5_3_21,9,210624-9:0,210503_9,Cage_3,1275955,F,E33,LR,11/2/19,2.286111111,836,27.86666667,5/3/21,18.27,Control ,188,183,,,,,30,,,,,,29,,,,,,,,,,,,,,,,,,,,,,,
CTRL_12_18MnthCohort__5_3_21,10,,210503_10,Cage_3,1275955,F,E33,LL,11/2/19,2.286111111,836,27.86666667,5/3/21,18.27,Control ,209,,,,,,26,,,,,,,,,,,,,,,,,,,,,,,,,,,,,
CTRL_12_18MnthCohort__5_3_21,11,210624-10:0,210503_11,Cage_3,1275955,F,E33,RR,11/2/19,2.286111111,836,27.86666667,5/3/21,18.27,Control ,187,188,,,,,25,,,,,,30,,,,,,,,,,,,,,,,,,,,,,,
CTRL_12_18MnthCohort__5_3_21,12,210624-11:0,210503_12,Cage_4,1253154,F,E33,L,11/8/19,2.269444444,830,27.66666667,5/3/21,18.07,Control ,167,190,,,,,28,,,,,,32,,,,,,,,,,,,,,,,,,,,,,,
CTRL_12_18MnthCohort__5_3_21,13,210624-12:0,210503_13,Cage_4,1253154,F,E33,R,11/8/19,2.269444444,830,27.66666667,5/3/21,18.07,Control ,198,191,,,,,27,,,,,,29,,,,,,,,,,,,,,,,,,,,,,,
CTRL_12_18MnthCohort__5_3_21,14,210624-13:0,210503_14,Cage_4,1253154,F,E33,LR,11/8/19,2.269444444,830,27.66666667,5/3/21,18.07,Control ,176,177,,,,,29,,,,,,35,,,,,,,,,,,,,,,,,,,,,,,
CTRL_12_18MnthCohort__5_3_21,15,210624-14:0,210503_15,Cage_4,1253154,F,E33,LL,11/8/19,2.269444444,830,27.66666667,5/3/21,18.07,Control ,180,187,,,,,31,,,,,,29,,,,,,,,,,,,,,,,,,,,,,,
CTRL_12_18MnthCohort__5_3_21,16,210624-15:0,210503_16,Cage_4,1253154,F,E33,RR,11/8/19,2.269444444,830,27.66666667,5/3/21,18.07,Control ,168,201,,,,,27,,,,,,26,,,,,,,,,,,,,,,,,,,,,,,
CTRL_12_18MnthCohort__5_3_21,17,210624-16:0,210503_17,Cage_5,1272258,F,E33,VET,7/8/19,2.602777778,953,31.76666667,5/3/21,22.17,Control ,191,196,,,,,26,,,,,,36,,,,,,,,, , , ,,,,,,,,,,,,
CTRL_12_18MnthCohort__5_3_21,18,211001-1,210503_18,Cage_6,1125471,M,E22,L,5/12/20,1.758333333,644,21.46666667,5/3/21,11.87,Control ,172,-,,136,,,22,,,,,,-,,,,,,,,,38,38,39,38,38,39,38,38,,,,,,,
CTRL_12_18MnthCohort__5_3_21,19,211001-2,210503_19,Cage_6,1125471,M,E22,R,5/12/20,1.758333333,644,21.46666667,5/3/21,11.87,Control ,201,-,,112,,,32,,,,,,-,,,,,,,,,33,33,33,33,33,33,33,33,,,,,,,
CTRL_12_18MnthCohort__5_3_21,20,211001-3,210503_20,Cage_6,1125471,M,E22,LR,5/12/20,1.758333333,644,21.46666667,5/3/21,11.87,Control ,187,-,,175,,,33,,,,,,-,,,,,,,,,36,37,37,36,37,37,38,37,,,,,,,
CTRL_12_18MnthCohort__5_3_21,21,211001-4,210503_21,Cage_7,1343445,F,E22,L,5/12/20,1.758333333,644,21.46666667,5/3/21,11.87,Control ,188,-,,167,,,26,,,,,,-,,,,,,,,,30,30,30,31,32,29,29,29,,,,,,,
CTRL_12_18MnthCohort__5_3_21,22,211001-5,210503_22,Cage_7,1343445,F,E22,R,5/12/20,1.758333333,644,21.46666667,5/3/21,11.87,Control ,192,-,,120,,,25,,,,,,-,,,,,,,,,25,26,26,25,27,25,26,25,,,,,,,
 , , , , , , , , , ,,,, , , , , , , ,, , , , , , , , , , , , , , , , , , , , , , , , , , , , , , , 
March_Mixed_Cohort HFD+HFCTRL,1,210730-2:0,210614_1,Cage1,1336217,F,E2HN,L,6/29/20,1.627777778,596,19.86666667,6/14/21,11.67,HFD,191,,,,180,,22,24,24,26,27,27,29,29,30,31,32,33,33,35,35,36,34,34,,,36,35,36,35,36,36,36,36,37,
March_Mixed_Cohort HFD+HFCTRL,2,211001-6:0,210614_2,Cage1,1336217,F,E2HN,R,6/29/20,1.627777778,596,19.86666667,6/14/21,11.67,HFD,163,,,,227,,23,23,24,25,25,26,26,26,36,36,36,35,35,35,35,35,35,35,,,38,36,38,38,39,40,40,40,42,
March_Mixed_Cohort HFD+HFCTRL,3,211001-7:0,210614_3,Cage1,1336217,F,E2HN,LR,6/29/20,1.627777778,596,19.86666667,6/14/21,11.67,HFD,169,,,,201,,22,23,24,24,24,25,25,26,27,28,29,29,30,30,30,31,30,30,,,33,30,32,34,33,33,34,33,34,
March_Mixed_Cohort HFD+HFCTRL,4,211001-8:0,210614_4,Cage1,1336217,F,E2HN,LL,6/29/20,1.627777778,596,19.86666667,6/14/21,11.67,HFD,187,,,,185,,20,21,22,22,24,25,25,27,27,27,27,26,26,25,25,25,25,26,,,27,25,27,27,27,27,27,27,28,
March_Mixed_Cohort HFD+HFCTRL,5,211001-9:0,210614_5,Cage1,1336217,F,E2HN,RR,6/29/20,1.627777778,596,19.86666667,6/14/21,11.67,HFD,234,,,,204,,23,24,24,25,25,25,25,26,26,26,26,27,27,28,29,29,28,28,,,28,27,28,30,29,30,31,29,29,
March_Mixed_Cohort HFD+HFCTRL,6,210730-1:0,210614_6,Cage2,1334231,M,E2HN,L,6/29/20,1.627777778,596,19.86666667,6/14/21,11.67,HFD,200,,,,172,,29,29,30,30,31,31,32,32,33,34,34,34,35,35,36,35,35,35,,,37,37,37,37,38,40,38,36,37,
March_Mixed_Cohort HFD+HFCTRL,7,211001-25:0,210614_7,Cage2,1334231,M,E2HN,R,6/29/20,1.627777778,596,19.86666667,6/14/21,11.67,HFD,203,,,,214,,30,30,30,31,31,31,31,32,32,33,35,36,38,40,41,40,41,40,,,35,32,33,31,31,31,30,31,31,
March_Mixed_Cohort HFD+HFCTRL,8,211001-10:0,210614_8,Cage3,1299767,M,E3HN,L,6/20/20,1.652777778,605,20.16666667,6/14/21,11.97,HFD,137,,,,182,,31,33,35,37,38,38,41,43,46,48,48,48,47,48,48,49,48,47,,,51,50,50,53,53,54,53,52,52,
March_Mixed_Cohort HFD+HFCTRL,9,211001-11:0,210614_9,Cage3,1299767,M,E3HN,R,6/20/20,1.652777778,605,20.16666667,6/14/21,11.97,HFD,186,,,,180,,30,33,33,35,37,39,42,44,45,47,47,47,46,47,47,47,47,47,,,49,48,48,51,50,51,49,48,47,
March_Mixed_Cohort HFD+HFCTRL,10,211001-12:0,210614_10,Cage3,1299767,M,E3HN,LR,6/20/20,1.652777778,605,20.16666667,6/14/21,11.97,HFD,186,,,,150,,30,33,36,38,42,45,45,47,49,51,49,48,46,45,45,45,45,45,,,47,46,47,48,48,49,48,48,48,
March_Mixed_Cohort HFD+HFCTRL,11,211001-13:0,210614_11,Cage3,1299767,M,E3HN,LL,6/20/20,1.652777778,605,20.16666667,6/14/21,11.97,HFD,145,,,,165,,29,33,35,39,43,45,47,50,51,53,49,47,45,45,45,46,46,45,,,44,41,43,47,47,49,47,46,47,
March_Mixed_Cohort HFD+HFCTRL,12,211001-14:0,210614_12,Cage3,1299767,M,E3HN,RR,6/20/20,1.652777778,605,20.16666667,6/14/21,11.97,HFD,176,,,,129,,30,33,36,37,41,43,47,47,49,51,48,46,46,46,45,45,45,45,,,47,46,46,48,49,50,48,47,47,
March_Mixed_Cohort HFD+HFCTRL,13,211001-20:0,210614_13,Cage4,1336228,F,E3HN,L,6/20/20,1.652777778,605,20.16666667,6/14/21,11.97,HFD,167,,,,156,,23,25,26,27,27,29,30,30,31,32,31,31,30,30,30,30,31,31,,,44,41,42,43,44,43,45,45,46,
March_Mixed_Cohort HFD+HFCTRL,14,211001-21:0,210614_14,Cage4,1336228,F,E3HN,R,6/20/20,1.652777778,605,20.16666667,6/14/21,11.97,HFD,181,,,,204,,27,28,30,33,36,37,39,40,41,43,44,46,46,47,48,48,48,48,,,56,52,53,56,56,56,57,56,57,
March_Mixed_Cohort HFD+HFCTRL,15,211001-22:0,210614_15,Cage4,1336228,F,E3HN,LR,6/20/20,1.652777778,605,20.16666667,6/14/21,11.97,HFD,202,,,,178,,25,27,29,31,32,35,35,36,36,38,39,39,40,40,41,41,41,41,,,48,43,42,46,46,47,48,48,49,
March_Mixed_Cohort HFD+HFCTRL,16,211001-23:0,210614_16,Cage4,1336228,F,E3HN,LL,6/20/20,1.652777778,605,20.16666667,6/14/21,11.97,HFD,180,,,,168,,25,28,31,33,33,35,36,36,38,38,39,39,40,40,41,40,41,41,,,49,45,46,48,47,49,50,49,49,
March_Mixed_Cohort HFD+HFCTRL,17,211001-24:0,210614_31,Cage4,1336228,F,E3HN,LRR,6/20/20,1.652777778,605,20.16666667,6/14/21,11.97,HFD, ,,,,165,,26,28,29,31,33,35,35,38,40,42,43,43,44,44,45,44,44,45,,,54,47,49,53,52,54,55,52,53,
March_Mixed_Cohort HFD+HFCTRL,18,211001-26:0,210614_17,Cage5,1343435,F,E3HN,L,6/16/20,1.663888889,609,20.3,6/14/21,12.1,Control ,169,,,,135,,23,24,24,25,26,26,27,27,27,28,28,28,27,27,27, , , ,,,26,25,25,25,26,27,26,26,26,
March_Mixed_Cohort HFD+HFCTRL,19,211001-27:0,210614_18,Cage5,1343435,F,E3HN,R,6/16/20,1.663888889,609,20.3,6/14/21,12.1,Control ,132,,,,95,,25,27,27,28,28,28,29,29,30,30,30,30,29,29,29, , , ,,,27,26,26,26,26,27,26,27,26,
March_Mixed_Cohort HFD+HFCTRL,20,211001-28:0,210614_19,Cage5,1343435,F,E3HN,RR,6/16/20,1.663888889,609,20.3,6/14/21,12.1,Control ,187,,,,143,,26,26,28,28,29,28,29,30,31,31,30,30,29,29,28, , , ,,,29,28,28,29,28,29,29,29,28,
March_Mixed_Cohort HFD+HFCTRL,21,211001-29:0,210614_20,Cage5,1343435,F,E3HN,LLR,6/16/20,1.663888889,609,20.3,6/14/21,12.1,Control ,200,,,,145,,28,27,27,26,26,25,26,25,26,26,25,25,24,24,24, , , ,,, ,30,29,29,30,30,30,30,29,
March_Mixed_Cohort HFD+HFCTRL,22,211001-30:0,210614_21,Cage5,1343435,F,E3HN,LRR,6/16/20,1.663888889,609,20.3,6/14/21,12.1,Control ,208,,,,149,,26,26,26,25,26,26,25,26,26,26,27,27,28,29,30, , , ,,, ,32,32,32,33,32,32,33,32,
March_Mixed_Cohort HFD+HFCTRL,23,211001-15:0,210614_22,Cage6,1336218,M,E3HN,L,6/20/20,1.652777778,605,20.16666667,6/14/21,11.97,Control ,140,,,,148,,33,33,31,30,28,28,29,28,28,28,30,32,32,34,36, , , ,,,37,35,35,35,34,35,35,36,35,
March_Mixed_Cohort HFD+HFCTRL,24,211001-16:0,210614_23,Cage6,1336218,M,E3HN,R,6/20/20,1.652777778,605,20.16666667,6/14/21,11.97,Control ,172,,,,153,,31,31,31,32,32,32,33,33,33,33,33,33,34,34,34, , , ,,,36,33,33,33,33,34,34,34,34,
March_Mixed_Cohort HFD+HFCTRL,25,211001-17:0,210614_24,Cage6,1336218,M,E3HN,LR,6/20/20,1.652777778,605,20.16666667,6/14/21,11.97,Control ,184,,,,154,,33,33,33,33,32,33,33,34,33,33,34,34,35,35,35, , , ,,,37,34,35,34,34,35,35,35,35,
March_Mixed_Cohort HFD+HFCTRL,26,211001-18:0,210614_25,Cage6,1336218,M,E3HN,LL,6/20/20,1.652777778,605,20.16666667,6/14/21,11.97,Control ,162,,,,160,,32,32,34,34,33,34,34,34,34,34,34,34,35,34,34, , , ,,,35,33,34,33,33,33,32,33,33,
March_Mixed_Cohort HFD+HFCTRL,27,211001-19:0,210614_26,Cage6,1336218,M,E3HN,RR,6/20/20,1.652777778,605,20.16666667,6/14/21,11.97,Control ,202,,,,175,,34,34,34,33,33,32,33,32,31,30,32,33,35,35,37, , , ,,,37,35,36,36,35,36,36,37,36,
March_Mixed_Cohort HFD+HFCTRL,28,211001-31:0,210614_27,Cage7,1324363,M,E3HN,L,6/28/20,1.630555556,597,19.9,6/14/21,11.7,Control ,165,,,,162,,30,30,30,31,31,30,30,31,31,31,31,31,30,30,31, , , ,,,32,31,31,31,32,31,29,31,31,
March_Mixed_Cohort HFD+HFCTRL,29,211001-32:0,210614_28,Cage7,1324363,M,E3HN,R,6/28/20,1.630555556,597,19.9,6/14/21,11.7,Control ,159,,,,137,,29,29,29,30,30,30,30,29,29,31,31,31,31,31,31, , , ,,,33,32,32,32,33,32,33,33,33,
March_Mixed_Cohort HFD+HFCTRL,30,211001-33:0,210614_29,Cage7,1324363,M,E3HN,LR,6/28/20,1.630555556,597,19.9,6/14/21,11.7,Control ,143,,,,148,,30,30,30,31,31,31,31,31,30,31,31,31,31,31,31, , , ,,,32,31,32,31,32,32,31,32,31,
March_Mixed_Cohort HFD+HFCTRL,31,211001-34:0,210614_30,Cage7,1324363,M,E3HN,LL,6/28/20,1.630555556,597,19.9,6/14/21,11.7,Control ,182,,,,142,,36,35,35,34,33,33,33,33,32,32,32,31,31,30,30, , , ,,,31,29,29,28,29,29,29,29,29,
 , , , , , , , , , ,,,, , , , , , , ,, , , , , , , , , , , , , , , , , , , , , , , , , , , , , , , 
August_Mixed_Cohort HFD+CTRL,1,,210809_1,Cage-1,1343448,F,E3HN,R,8/20/20,1.486111111,544,18.13333333,8/9/21,11.8,Control ,175,,,,,,,,,,,,,,,,,,,26,26,25,25,26,25,26,25,26,26,27,28,27,,,,
August_Mixed_Cohort HFD+CTRL,2,,210809_2,Cage-1,1343448,F,E3HN,LR ,8/24/20,1.475,540,18,8/9/21,11.67,Control ,178,,,,,,,,,,,,,,,,,,,22,22,22,23,22,22,22,22,23,22,23,23,22,,,,
August_Mixed_Cohort HFD+CTRL,3,,210809_3,Cage-1,1343448,F,E3HN,RR,8/24/20,1.475,540,18,8/9/21,11.67,Control ,182,,,,,,,,,,,,,,,,,,,23,23,24,24,23,23,23,23,24,24,24,24,23,,,,
August_Mixed_Cohort HFD+CTRL,4,,210809_4,Cage-1,1343448,F,E3HN,LRR,9/3/20,1.45,530,17.66666667,8/9/21,11.33,Control ,226,,,,,,,,,,,,,,,,,,,33,31,31,31,31,32,32,32,32,34,35,32,34,,,,
August_Mixed_Cohort HFD+CTRL,5,,210809_5,Cage-2,1343451,M,E2HN,L,8/16/20,1.497222222,548,18.26666667,8/9/21,11.93,HFD,189,,,,,,27,28,28,29,29,30,30,30,30,31,,,,41,40,39,41,39,40,38,39,39,39,39,39,40,,,,
August_Mixed_Cohort HFD+CTRL,6,,210809_6,Cage-2,1343451,M,E2HN,R,8/16/20,1.497222222,548,18.26666667,8/9/21,11.93,HFD,225,,,,,,30,31,33,34,35,35,36,37,39,40,,,,45,45,45,46,46,49,51,53,54,51,48,46,47,,,,
August_Mixed_Cohort HFD+CTRL,7,,210809_7,Cage-2,1343451,M,E2HN,LR,8/16/20,1.497222222,548,18.26666667,8/9/21,11.93,HFD,201,,,,,,26,27,27,28,28,29,29,30,31,31,,,,31,31,31,31,30,29,30,30,30,31,30,30,31,,,,
August_Mixed_Cohort HFD+CTRL,8,,210809_8,Cage-2,1343451,M,E2HN,LL,8/16/20,1.497222222,548,18.26666667,8/9/21,11.93,HFD,177,,,,,,30,31,33,34,35,36,37,39,41,43,,,,46,46,44,44,43,47,48,50,50,50,49,51,51,,,,
,,,,,,,,,,,,,,,,,,,,,,,,,,,,,,,,,,,,,,,,,,,,,,,,,,,
September_Mixed_Cohort_HFD_CTRL,1,,210906_1,Cage_1,1362663,F,E2HN,L,9/7/20,1.438888889,526,17.53333333,9/6/21,12.13,Control ,178,,,,,,,,,,,,,,25,24,23,24,24,24,24,24,24,23,24,24,24,23,,,,,,,,
September_Mixed_Cohort_HFD_CTRL,2,,210906_2,Cage_1,1362663,F,E2HN,LR,9/7/20,1.438888889,526,17.53333333,9/6/21,12.13,Control ,209,,,,,,,,,,,,,,24,28,21,22,23,23,22,23,22,22,22,22,22,22,,,,,,,,
September_Mixed_Cohort_HFD_CTRL,3,,210906_3,Cage_1,1362663,F,E2HN,LL,9/7/20,1.438888889,526,17.53333333,9/6/21,12.13,Control ,194,,,,,,,,,,,,,,30,29,29,29,29,28,28,28,28,28,30,29,28,24,,,,,,,,
September_Mixed_Cohort_HFD_CTRL,4,,210906_4,Cage_1,1362663,F,E2HN,RR,9/7/20,1.438888889,526,17.53333333,9/6/21,12.13,Control ,179,,,,,,,,,,,,,,29,26,28,28,29,29,28,28,28,27,28,28,28,27,,,,,,,,
September_Mixed_Cohort_HFD_CTRL,5,,210906_5,Cage_1,1362663,F,E2HN,LRR,9/7/20,1.438888889,526,17.53333333,9/6/21,12.13,Control ,158,,,,,,,,,,,,,,26,24,25,25,26,26,25,25,25,26,26,27,26,27,,,,,,,,
September_Mixed_Cohort_HFD_CTRL,6,,210906_6,Cage_2,1299778,M,E2HN,L,9/28/20,1.380555556,505,16.83333333,9/6/21,11.43,Control ,193,,,,,,,,,,,,,,36,35,35,35,35,35,35,35,34,36,36,36,36,36,,,,,,,,
September_Mixed_Cohort_HFD_CTRL,7,,210906_7,Cage_2,1324364,F,E2HN,L,9/21/20,1.4,512,17.06666667,9/6/21,11.67,Control ,201,,,,,,,,,,,,,,26,26,26,26,26,26,26,26,26,27,25,26,26,26,,,,,,,,
September_Mixed_Cohort_HFD_CTRL,8,,210906_8,Cage_2,1324364,F,E2HN, R ,9/21/20,1.4,512,17.06666667,9/6/21,11.67,Control ,189,,,,,,,,,,,,,,28,28,28,29,28,28,27,28,27,27,28,28,28,28,,,,,,,,
September_Mixed_Cohort_HFD_CTRL,9,,210906_9,Cage_3,1343446,F,E44,L,9/8/20,1.436111111,525,17.5,9/6/21,12.1,HFD,168,,,,,,32,33,35,35,36,37,,,38,34,37,36,37,37,36,34,35,36,38,38,40,41,,,,,,,,
September_Mixed_Cohort_HFD_CTRL,10,,210906_10,Cage_3,1343446,F,E44,R,9/8/20,1.436111111,525,17.5,9/6/21,12.1,HFD,198,,,,,,32,34,34,34,35,38,,,39,39,42,42,42,42,43,42,43,44,46,46,48,48,,,,,,,,
September_Mixed_Cohort_HFD_CTRL,11,,210906_11,Cage_3,1343446,F,E44,LR,9/8/20,1.436111111,525,17.5,9/6/21,12.1,HFD,206,,,,,,27,27,28,28,29,30,,,33,30,31,30,31,31,32,31,31,30,30,31,31,31,,,,,,,,
September_Mixed_Cohort_HFD_CTRL,12,,210906_12,Cage_3,1343446,F,E44,LL,9/8/20,1.436111111,525,17.5,9/6/21,12.1,HFD,173,,,,,,29,29,30,31,31,31,,,35,33,34,35,37,37,35,34,36,36,38,37,38,39,,,,,,,,
September_Mixed_Cohort_HFD_CTRL,13,,210906_13,Cage_3,1343446,F,E44,RR,9/8/20,1.436111111,525,17.5,9/6/21,12.1,HFD,181,,,,,,31,31,32,32,31,32,,,34,33,34,33,33,36,36,34,35,36,36,35,37,35,,,,,,,,
September_Mixed_Cohort_HFD_CTRL,14,,210906_14,Cage_6,1362660,F,E44,L,10/3/20,1.366666667,500,16.66666667,9/6/21,11.27,HFD,217,,,,,,32,32,34,35,35,36,,,27,27,26,26,28,28,28,28,28,29,30,30,31,31,,,,,,,,
September_Mixed_Cohort_HFD_CTRL,15,,210906_15,Cage_6,1362660,F,E44,R,10/3/20,1.366666667,500,16.66666667,9/6/21,11.27,HFD,195,,,,,,29,32,34,36,38,40,,,39,35,36,35,36,36,37,36,37,38,38,38,38,39,,,,,,,,
September_Mixed_Cohort_HFD_CTRL,16,,210906_16,Cage_6,1362660,F,E44,LR,10/3/20,1.366666667,500,16.66666667,9/6/21,11.27,HFD,168,,,,,,28,29,30,31,33,33,,,33,33,34,34,33,34,35,35,35,36,37,37,37,37,,,,,,,,
September_Mixed_Cohort_HFD_CTRL,17,,210906_17,Cage_6,1362660,F,E44,LL,10/3/20,1.366666667,500,16.66666667,9/6/21,11.27,HFD,184,,,,,,33,34,34,35,35,35,,,26,27,25,26,26,25,27,26,26,26,26,26,25,26,,,,,,,,
September_Mixed_Cohort_HFD_CTRL,18,,210906_18,Cage_6,1362660,F,E44,RR,10/3/20,1.366666667,500,16.66666667,9/6/21,11.27,HFD,,,,,,,,,,,,,,,31,32,34,35,36,35,36,36,37,38,39,39,40,40,,,,,,,,
September_Mixed_Cohort_HFD_CTRL,19,,210906_19,Cage_7,1362661,F,E44,L,10/3/20,1.366666667,500,16.66666667,9/6/21,11.27,HFD,155,,,,,,28,33,36,33,35,35,,,40,39,41,42,41,42,42,41,42,43,44,46,48,48,49,50,,50,51,51,49,50
September_Mixed_Cohort_HFD_CTRL,20,,210906_20,Cage_7,1362661,F,E44,R,10/3/20,1.366666667,500,16.66666667,9/6/21,11.27,HFD,179,,,,,,31,34,35,37,39,42,,,41,40,43,43,44,46,45,45,47,48,49,51,51,52,52,51,,52,53,52,52,54
September_Mixed_Cohort_HFD_CTRL,21,,210906_21,Cage_7,1362661,F,E44,LR,10/3/20,1.366666667,500,16.66666667,9/6/21,11.27,HFD,193,,,,,,30,32,33,35,38,38,,,37,37,38,39,38,39,38,38,40,40,42,42,43,43,45,45,,45,47,47,46,48
September_Mixed_Cohort_HFD_CTRL,22,,210906_22,Cage_7,1362661,F,E44,LL,10/3/20,1.366666667,500,16.66666667,9/6/21,11.27,HFD,233,,,,,,33,34,35,35,36,37,,,40,40,42,42,44,45,45,44,46,46,47,49,52,53,54,56,,56,58,57,56,56
September_Mixed_Cohort_HFD_CTRL,23,,210906_23,Cage_8,1362658,F,E44,L,9/30/20,1.375,503,16.76666667,9/6/21,11.37,Control ,,,,,,,,,,,,,,,,26,24,24,25,25,25,25,25,26,26,25,25,25,25,25,,26,26,25,26,27
September_Mixed_Cohort_HFD_CTRL,24,,210906_24,Cage_8,1362658,F,E44,R,9/30/20,1.375,503,16.76666667,9/6/21,11.37,Control ,,,,,,,,,,,,,,,,23,25,24,24,24,24,24,24,24,24,24,24,24,24,24,,25,24,24,25,26
,,,,,,,,,,,,,,,,,,,,,,,,,,,,,,,,,,,,,,,,,,,,,,,,,,,
October_Mixed_Cohort_HFD_CTRL,1,,211004_1,Cage-1,1362674,M,E33,L,10/3/20,1.366666667,500,16.66666667,10/4/21,12.2,Control ,170,,,,,,31,30,,,35,38,37,38,38,39,38,37,37,38,37,36,37,,,,,,,,,,,,,
October_Mixed_Cohort_HFD_CTRL,2,,211004_2,Cage-1,1362674,M,E33,R,10/3/20,1.366666667,500,16.66666667,10/4/21,12.2,Control ,210,,,,,,26,27,,,39,38,37,37,37,39,38,37,37,37,36,35,36,,,,,,,,,,,,,
October_Mixed_Cohort_HFD_CTRL,3,,211004_3,Cage-1,1362674,M,E33,LR,10/15/20,1.333333333,488,16.26666667,10/4/21,11.8,Control ,204,,,,,,25,28,,,37,36,35,36,37,38,37,36,36,35,35,35,36,,,,,,,,,,,,,
October_Mixed_Cohort_HFD_CTRL,4,,211004_4,Cage-1,1362674,M,E33,LL,10/15/20,1.333333333,488,16.26666667,10/4/21,11.8,Control ,211,,,,,,31,29,,,38,40,40,,,,,,,,,,,,,,,,,,,,,,,
October_Mixed_Cohort_HFD_CTRL,5,,211004_5,Cage-2,1362665,F,E33,R,10/3/20,1.366666667,500,16.66666667,10/4/21,12.2,HFD,174,,,,,,28,28,,,45,42,44,45,46,47,49,48,50,51,49,50,51,52,55,54,,,,,,,,,,
October_Mixed_Cohort_HFD_CTRL,6,,211004_6,Cage-2,1362665,F,E33,LR,10/3/20,1.366666667,500,16.66666667,10/4/21,12.2,HFD,168,,,,,,27,29,,,42,38,41,,,,,,,,,,,,,,,,,,,,,,,
October_Mixed_Cohort_HFD_CTRL,7,,211004_7,Cage-2,1362665,F,E33,LL,10/15/20,1.333333333,488,16.26666667,10/4/21,11.8,HFD,178,,,,,,33,33,,,53,48,50,,,,,,,,,,,,,,,,,,,,,,,
October_Mixed_Cohort_HFD_CTRL,8,,211004_8,Cage-2,1362665,F,E33,RR,10/15/20,1.333333333,488,16.26666667,10/4/21,11.8,HFD,177,,,,,,28,28,,,48,43,46,,,,,,,,,,,,,,,,,,,,,,,
October_Mixed_Cohort_HFD_CTRL,9,,211004_9,Cage-2,1362665,F,E33,LLR,10/15/20,1.333333333,488,16.26666667,10/4/21,11.8,HFD,165,,,,,,27,28,,,41,37,40,40,41,43,46,44,47,46,44,46,47,47,49,47,,,,,,,,,,
October_Mixed_Cohort_HFD_CTRL,10,,211004_10,Cage-3,1362666,F,E4HN,L,10/5/20,1.361111111,498,16.6,10/4/21,12.13,Control ,201,,,,,, , ,,,23,25,25,22,23,24,24,25,25,26,25,25,26,25,25,26,,,,,,,,,,
October_Mixed_Cohort_HFD_CTRL,11,,211004_11,Cage-3,1362666,F,E4HN,R,10/5/20,1.361111111,498,16.6,10/4/21,12.13,Control ,194,,,,,,,,,,23,26,27,27,27,27,27,27,28,28,27,28,28,27,27,27,,,,,,,,,,
October_Mixed_Cohort_HFD_CTRL,12,,211004_12,Cage-3,1362666,F,E4HN,LR,10/5/20,1.361111111,498,16.6,10/4/21,12.13,Control ,177,,,,,,,,,,17,20,20,20,21,21,21,21,20,21,21,21,21,21,20,21,,,,,,,,,,
October_Mixed_Cohort_HFD_CTRL,13,,211004_13,Cage-3,1362666,F,E4HN,LL,10/5/20,1.361111111,498,16.6,10/4/21,12.13,Control ,171,,,,,,,,,,21,23,24,24,24,24,23,23,24,25,24,24,24,24,24,24,,,,,,,,,,
October_Mixed_Cohort_HFD_CTRL,14,,211004_14,Cage-4,1362673,M,E4HN,L,10/5/20,1.361111111,498,16.6,10/4/21,12.13,HFD,169,,,,,,,,,,44,41,42,44,42,45,47,48,49,50,48,46,47,48,48,49,,,,,,,,,,
October_Mixed_Cohort_HFD_CTRL,15,,211004_15,Cage-4,1362673,M,E4HN,R,10/5/20,1.361111111,498,16.6,10/4/21,12.13,HFD,185,,,,,,27,28,,,47,40,40,41,42,42,45,44,45,46,46,45,45,45,46,47,,,,,,,,,,
October_Mixed_Cohort_HFD_CTRL,16,,211004_16,Cage-4,1362673,M,E4HN,LL,10/5/20,1.361111111,498,16.6,10/4/21,12.13,HFD,183,,,,,,32,30,,,47,44,44,47,47,48,48,47,47,46,44,45,47,48,49,50,,,,,,,,,,
October_Mixed_Cohort_HFD_CTRL,17,,211004_17,Cage-4,1362673,M,E4HN,RR,10/5/20,1.361111111,498,16.6,10/4/21,12.13,HFD,199,,,,,,24,26,,,50,45,46,49,49,49,50,49,50,49,48,48,49,49,50,50,,,,,,,,,,
October_Mixed_Cohort_HFD_CTRL,18,,211004_18,Cage-4,1362673,M,E4HN,LRR,10/5/20,1.361111111,498,16.6,10/4/21,12.13,HFD,194,,,,,,27,26,,,,,,,,,,,,,,,,,,,,,,,,,,,,
October_Mixed_Cohort_HFD_CTRL,19,,211004_19,Cage-6,1343442,M,E44,LL,4/6/20,1.858333333,680,22.66666667,10/4/21,18.2,18 Month Control,176,,,,,,,,,,,,,,32,32,31,32,32,32,31,31,32,31,,,,,,,,,,,,
October_Mixed_Cohort_HFD_CTRL,20,,211004_20,Cage-6,1343442,F,E44,,4/6/20,1.858333333,680,22.66666667,10/4/21,18.2,18 Month Control,159,,,,,,,,,,,,,,31,31,30,31,29,31,30,28,29,29,,,,,,,,,,,,
October_Mixed_Cohort_HFD_CTRL,21,,211004_21,Cage-6,1416092,M,E4HN,RR,4/21/20,1.816666667,665,22.16666667,10/4/21,17.7,18 Month Control,153,,,,,,,,,,,,,,,28,28,29,28,29,29,28,28,28,,,,,,,,,,,,
,,,,,,,,,,,,,,,,,,,,,,,,,,,,,,,,,,,,,,,,,,,,,,,,,,,
November_Mixed_Cohort,1,,211122_1,Cage-1,1362669,F,E2HN,L,11/15/20,1.25,457,15.23333333,11/22/21,12.4,HFD,164,,,,,,24,29,28,29,27,28,28,27,29,30,32,32,33,36,,37,37,38,39,40,,,,,,,,,,
November_Mixed_Cohort,2,,211122_2,Cage-1,1362669,F,E2HN,LR,11/15/20,1.25,457,15.23333333,11/22/21,12.4,HFD,146,,,,,,27,30,33,33,33,33,32,33,35,34,35,34,36,37,,38,39,40,40,42,,,,,,,,,,
November_Mixed_Cohort,3,,211122_3,Cage-1,1362669,F,E2HN,R,11/15/20,1.25,457,15.23333333,11/22/21,12.4,HFD,163,,,,,,25,28,30,29,31,32,34,34,34,35,36,34,37,39,,38,40,40,40,42,,,,,,,,,,
November_Mixed_Cohort,4,,211122_4,Cage-1,1362669,F,E2HN,LL,11/19/20,1.238888889,453,15.1,11/23/21,12.3,HFD,190,,,,,,26,27,29,28,30,30,32,32,33,33,32,32,34,35,,37,37,38,38,40,,,,,,,,,,
November_Mixed_Cohort,5,,211122_5,Cage-2,1362675,F,E2HN,L,11/7/20,1.272222222,465,15.5,11/22/21,12.67,HFD,166,,,,,,26,30,27,27,29,29,31,31,34,33,34,33,34,33,,33,32,33,34,35,,,,,,,,,,
November_Mixed_Cohort,6,,211122_6,Cage-2,1362675,F,E2HN,R,11/7/20,1.272222222,465,15.5,11/22/21,12.67,HFD,172,,,,,,26,31,34,36,37,36,38,38,40,39,40,40,41,41,,41,41,40,43,44,,,,,,,,,,
November_Mixed_Cohort,7,,211122_7,Cage-2,1362675,F,E2HN,LL,11/11/20,1.261111111,461,15.36666667,11/22/21,12.53,HFD,170,,,,,,27,32,32,35,38,35,38,39,41,44,42,43,45,45,,45,46,48,49,50,,,,,,,,,,
November_Mixed_Cohort,8,,211122_8,Cage-2,1362675,F,E2HN,LR,11/11/20,1.261111111,461,15.36666667,11/22/21,12.53,HFD,183,,,,,,25,28,29,30,31,30,32,32,35,35,37,36,38,36,,37,36,36,38,38,,,,,,,,,,
November_Mixed_Cohort,9,,211122_9,Cage-3,1362664,M,E2HN,L,11/7/20,1.272222222,465,15.5,11/22/21,12.67,Control ,126,,,,,,29,30,30,30,29,30,30,30,30,30,29,30,30,30,,29,29,29,29,30,,,,,,,,,,
November_Mixed_Cohort,10,,211122_10,Cage-3,1362664,M,E2HN,R,11/7/20,1.272222222,465,15.5,11/22/21,12.67,Control ,156,,,,,,33,33,34,34,32,33,33,33,32,33,32,34,33,33,,33,33,33,33,33,,,,,,,,,,
November_Mixed_Cohort,11,,211122_11,Cage-3,1362664,M,E2HN,LR,11/7/20,1.272222222,465,15.5,11/22/21,12.67,Control ,183,,,,,,32,32,32,33,31,32,31,32,31,32,32,33,32,33,,33,32,32,31,32,,,,,,,,,,
November_Mixed_Cohort,12,,211122_12,Cage-3,1362664,M,E2HN,LL,11/7/20,1.272222222,465,15.5,11/22/21,12.67,Control ,199,,,,,,31,31,32,32,30,31,30,31,31,31,31,32,31,31,,32,31,30,31,32,,,,,,,,,,
November_Mixed_Cohort,13,,211122_13,Cage-4,1378926,M,E2HN,L,11/17/20,1.24,455,15.16666667,11/22/21,,Control ,126,,,,,,,,,,,,,,,,33,34,33,34,,34,32,33,32,33,,,,,,,,,,
November_Mixed_Cohort,14,,211122_14,Cage-4,1378926,M,E2HN,R,11/17/20,1.24,455,15.16666667,11/22/21,,Control ,144,,,,,,,,,,,,,,,,31,32,32,31,,32,30,31,30,32,,,,,,,,,,
November_Mixed_Cohort,15,,211122_15,Cage-4,1378926,M,E2HN,LR,11/19/20,1.24,453,15.1,11/22/21,,Control ,174,,,,,,,,,,,,,,,,31,32,32,32,,32,31,31,31,32,,,,,,,,,,
November_Mixed_Cohort,16,,211122_16,Cage-4,1378926,M,E2HN,LL,11/19/20,1.24,453,15.1,11/22/21,,Control ,151,,,,,,,,,,,,,,,,32,34,32,33,,34,33,33,33,34,,,,,,,,,,
November_Mixed_Cohort,17,,211122_17,Cage-5,1378921,F,E3HN,L,11/23/20,1.227777778,449,14.96666667,11/22/21,12.13,Control ,184,,,,,,24,25,26,25,24,24,24,24,24,24,25,25,24,,,,,,,,,,,,,,,,,
November_Mixed_Cohort,18,,211122_18,Cage-5,1378921,F,E3HN,LR,11/23/20,1.227777778,449,14.96666667,11/22/21,12.13,Control ,182,,,,,,25,26,26,26,25,25,26,25,26,26,27,27,27,,,,,,,,,,,,,,,,,
November_Mixed_Cohort,19,,211122_19,Cage-5,1378921,F,E3HN,LL,11/23/20,1.227777778,449,14.96666667,11/22/21,12.13,Control ,222,,,,,,24,26,27,26,25,25,25,25,26,26,26,26,26,,,,,,,,,,,,,,,,,
November_Mixed_Cohort,20,,211122_20,Cage-5,1378921,F,E3HN,RR,11/23/20,1.227777778,449,14.96666667,11/22/21,12.13,Control ,198,,,,,,28,28,27,29,26,28,26,27,29,28,28,29,27,,,,,,,,,,,,,,,,,
November_Mixed_Cohort,21,,211122_21,Cage-5,1378921,F,E3HN,R,11/23/20,1.227777778,449,14.96666667,11/22/21,12.13,Control ,187,,,,,,26,28,26,27,26,27,27,27,26,27,27,27,27,,,,,,,,,,,,,,,,,
November_Mixed_Cohort,22,,211122_22,Cage-6,1336230,M,E22,,5/12/20,1.758333333,644,21.46666667,11/22/21,18.63,18 Month Control,143,,,,,,,,29,31,30,30,30,30,30,29,30,30,30,,,,,,,,,,,,,,,,,
November_Mixed_Cohort,23,,211122_23,Cage-7,1299769,M,E2HN,LRR,5/11/20,1.761111111,645,21.5,11/22/21,18.67,18 Month Control,154,,,,,,,,32,34,33,33,32,32,32,32,32,33,33,34,,33,32,33,32,33,,,,,,,,,,
November_Mixed_Cohort,24,,211122_24,Cage-7,1299769,M,E2HN,L,6/16/20,1.663888889,609,20.3,11/22/21,17.47,18 Month Control,151,,,,,,,,32,33,32,32,31,32,31,32,32,32,32,32,,33,32,33,32,33,,,,,,,,,,
November_Mixed_Cohort,25,,211122_25,Cage-7,1299769,M,E2HN,LR,6/16/20,1.663888889,609,20.3,11/22/21,17.47,18 Month Control,154,,,,,,,,33,33,33,33,32,33,33,32,33,33,33,33,,34,33,34,33,33,,,,,,,,,,
November_Mixed_Cohort,26,,211122_26,CAge-8,1343434,F,E2HN,R,6/16/20,1.663888889,609,20.3,11/22/21,17.47,18 Month Control,152,,,,,,,,30,30,30,31,31,31,31,32,32,32,32,33,,33,32,33,34,35,,,,,,,,,,
November_Mixed_Cohort,27,,211122_27,CAge-8,1343434,F,E2HN,LR,6/16/20,1.663888889,609,20.3,11/22/21,17.47,18 Month Control,176,,,,,,,,28,28,28,29,28,28,28,29,29,28,28,29,,28,28,28,29,29,,,,,,,,,,
November_Mixed_Cohort,28,,211122_28,CAge-8,1343434,F,E2HN,LL,3/10/20,1.930555556,707,23.56666667,11/22/21,20.73,18 Month Control,139,,,,,,,,29,28,27,28,28,28,28,28,27,27,26,26,,28,27,27,26,27,,,,,,,,,,
,,,,,,,,,,,,,,,,,,,,,,,,,,,,,,,,,,,,,,,,,,,,,,,,,,,
Jan_2022_Mixed,1,,220110_1,Cage-1,1385324,M,E2HN,L,1/6/21,1.11,405,13.5,1/10/22,12.3,HFD,152,,,,,,32,34,36,37,38,39,40,,41,44,44,46,48,,,,,,,,,,,,,,,,,
Jan_2022_Mixed,2,,220110_2,Cage-1,1385324,M,E2HN,R,1/6/21,1.11,405,13.5,1/10/22,12.3,HFD,159,,,,,,31,33,35,37,37,39,41,,41,43,43,45,45,,,,,,,,,,,,,,,,,
Jan_2022_Mixed,3,,220110_3,Cage-1,1385324,M,E2HN,LR,1/6/21,1.11,405,13.5,1/10/22,12.3,HFD,177,,,,,,30,32,32,33,34,34,35,,35,37,37,38,39,,,,,,,,,,,,,,,,,
Jan_2022_Mixed,4,,220110_4,Cage-1,1385324,M,E2HN,LL,1/6/21,1.11,405,13.5,1/10/22,12.3,HFD,186,,,,,,31,34,37,40,40,42,44,,46,49,48,49,50,,,,,,,,,,,,,,,,,
Jan_2022_Mixed,5,,220110_5,Cage-2,1385326,M,E2HN,L,1/6/21,1.11,405,13.5,1/10/22,12.3,Control ,194,,,,,,29,29,29,29,29,29,30,,30,29,29,28,30,,,,,,,,,,,,,,,,,
Jan_2022_Mixed,6,,220110_6,Cage-2,1385326,M,E2HN,R,1/6/21,1.11,405,13.5,1/10/22,12.3,Control ,163,,,,,,32,31,30,31,32,31,32,,32,31,31,31,32,,,,,,,,,,,,,,,,,
Jan_2022_Mixed,7,,220110_7,Cage-2,1385326,M,E2HN,LR,1/26/21,1.05,385,12.83333333,1/10/22,11.63333333,Control ,179,,,,,,34,33,33,33,33,33,34,,34,34,34,34,35,,,,,,,,,,,,,,,,,
Jan_2022_Mixed,8,,220110_8,Cage-3,1385325,F,E2HN,L,1/4/21,1.11,407,13.56666667,1/10/22,12.36666667,Control ,189,,,,,,26,27,27,27,28,28,28,,27,28,27,27,28,,,,,,,,,,,,,,,,,
Jan_2022_Mixed,9,,220110_9,Cage-3,1385325,F,E2HN,R,1/4/21,1.11,407,13.56666667,1/10/22,12.36666667,Control ,170,,,,,,26,26,26,25,26,26,26,,26,25,26,26,27,,,,,,,,,,,,,,,,,
Jan_2022_Mixed,10,,220110_10,Cage-3,1385325,F,E2HN,LR,1/4/21,1.11,407,13.56666667,1/10/22,12.36666667,Control ,145,,,,,,25,26,26,26,26,27,26,,26,26,26,25,26,,,,,,,,,,,,,,,,,
Jan_2022_Mixed,11,,220110_11,Cage-4,1385309,M,E44,L,1/7/21,1.11,404,13.46666667,1/10/22,12.26666667,HFD,184,,,,,,32,35,37,39,41,42,43,,46,47,47,49,51,,,,,,,,,,,,,,,,,
Jan_2022_Mixed,12,,220110_12,Cage-4,1385309,M,E44,R,1/7/21,1.11,404,13.46666667,1/10/22,12.26666667,HFD,216,,,,,,32,38,41,43,45,46,47,,48,48,48,49,50,,,,,,,,,,,,,,,,,
Jan_2022_Mixed,13,,220110_13,Cage-5,1378925,M,E4HN,L,11/30/20,1.21,442,14.73333333,1/10/22,13.53333333,Control ,160,,,,,,,,,,,,34,,34,33,33,33,34,,,,,,,,,,,,,,,,,
Jan_2022_Mixed,14,,220110_14,Cage-5,1378925,M,E4HN,R,11/30/20,1.21,442,14.73333333,1/10/22,13.53333333,Control ,159,,,,,,,,,,,,35,,35,35,35,36,36,,,,,,,,,,,,,,,,,
Jan_2022_Mixed,15,,220110_15,Cage-5,1378925,M,E4HN,LR,11/30/20,1.21,442,14.73333333,1/10/22,13.53333333,Control ,165,,,,,,,,,,,,33,,33,32,33,32,34,,,,,,,,,,,,,,,,,
,,,,,,,,,,,,,,,,,,,,,,,,,,,,,,,,,,,,,,,,,,,,,,,,,,,
Feb_2022_18MnthCtrl+HFD,1,,220207_1,Cage-1,1343436,M,E3HN,L,8/10/20,1.51,554,18.46666667,2/7/22,18.2,18 month HFD,142,,,,,,32,35,36,,40,42,41,43,44,,,,,,,,,,,,,,,,,,,,,
Feb_2022_18MnthCtrl+HFD,2,,220207_2,Cage-1,1343436,M,E3HN,R,8/10/20,1.51,554,18.46666667,2/7/22,18.2,18 month HFD,160,,,,,,30,34,34,,37,39,40,42,43,,,,,,,,,,,,,,,,,,,,,
Feb_2022_18MnthCtrl+HFD,3,,220207_3,Cage-1,1343436,M,E3HN,LL,8/10/20,1.51,554,18.46666667,2/7/22,18.2,18 month HFD,158,,,,,,31,35,36,,36,37,40,42,40,,,,,,,,,,,,,,,,,,,,,
Feb_2022_18MnthCtrl+HFD,4,,220207_4,Cage-1,1343436,M,E3HN,RR,8/10/20,1.51,554,18.46666667,2/7/22,18.2,18 month HFD,160,,,,,,31,35,36,,38,40,42,43,43,,,,,,,,,,,,,,,,,,,,,
Feb_2022_18MnthCtrl+HFD,5,,220207_5,Cage-2,1343439,M,E3HN,L,8/10/20,1.51,554,18.46666667,2/7/22,18.2,18 Month Control,122,,,,,,33,33,33,,33,,,,,,,,,,,,,,,,,,,,,,,,,
Feb_2022_18MnthCtrl+HFD,6,,220207_6,Cage-2,1343439,M,E3HN,R,8/10/20,1.51,554,18.46666667,2/7/22,18.2,18 Month Control,127,,,,,,32,32,32,,32,,,,,,,,,,,,,,,,,,,,,,,,,
Feb_2022_18MnthCtrl+HFD,7,,220207_7,Cage-2,1343439,M,E3HN,LR,8/10/20,1.51,554,18.46666667,2/7/22,18.2,18 Month Control,117,,,,,,32,33,33,,32,,,,,,,,,,,,,,,,,,,,,,,,,
Feb_2022_18MnthCtrl+HFD,8,,220207_8,Cage-2,1343439,M,E3HN,LL,8/10/20,1.51,554,18.46666667,2/7/22,18.2,18 Month Control,157,,,,,,32,32,32,,33,,,,,,,,,,,,,,,,,,,,,,,,,
Feb_2022_18MnthCtrl+HFD,9,,220207_9,Cage-3,1343438,F,E3HN,L,8/10/20,1.51,554,18.46666667,2/7/22,18.2,18 Month Control,147,,,,,,24,25,25,,25,25,25,24,25,,,,,,,,,,,,,,,,,,,,,
Feb_2022_18MnthCtrl+HFD,10,,220207_10,Cage-3,1343438,F,E3HN,R,8/10/20,1.51,554,18.46666667,2/7/22,18.2,18 Month Control,160,,,,,,26,27,27,,27,26,26,25,27,,,,,,,,,,,,,,,,,,,,,
Feb_2022_18MnthCtrl+HFD,11,,220207_11,Cage-3,1343438,F,E3HN,LR,8/10/20,1.51,554,18.46666667,2/7/22,18.2,18 Month Control,182,,,,,,30,29,30,,30,30,32,32,33,,,,,,,,,,,,,,,,,,,,,
Feb_2022_18MnthCtrl+HFD,12,,220207_12,Cage-3,1343438,F,E3HN,LL,8/10/20,1.51,554,18.46666667,2/7/22,18.2,18 Month Control,183,,,,,,27,29,28,,29,29,29,29,31,,,,,,,,,,,,,,,,,,,,,
Feb_2022_18MnthCtrl+HFD,13,,220207_13,Cage-3,1343438,F,E3HN,RR,8/10/20,1.51,554,18.46666667,2/7/22,18.2,18 Month Control,173,,,,,,28,28,28,,28,29,28,28,29,,,,,,,,,,,,,,,,,,,,,
Feb_2022_18MnthCtrl+HFD,14,,220207_14,Cage-4,1343440,F,E3HN,L,8/10/20,1.51,554,18.46666667,2/7/22,18.2,18 month HFD,173,,,,,,28,31,33,,38,41,41,45,46,,,,,,,,,,,,,,,,,,,,,
Feb_2022_18MnthCtrl+HFD,15,,220207_15,Cage-4,1343440,F,E3HN,R,8/10/20,1.51,554,18.46666667,2/7/22,18.2,18 month HFD,170,,,,,,29,31,35,,40,41,45,47,45,,,,,,,,,,,,,,,,,,,,,
Feb_2022_18MnthCtrl+HFD,16,,220207_16,Cage-4,1343440,F,E3HN,LR,8/10/20,1.51,554,18.46666667,2/7/22,18.2,18 month HFD,163,,,,,,26,30,34,,39,40,43,44,45,,,,,,,,,,,,,,,,,,,,,
Feb_2022_18MnthCtrl+HFD,17,,220207_17,Cage-4,1343440,F,E3HN,LL,8/10/20,1.51,554,18.46666667,2/7/22,18.2,18 month HFD,191,,,,,,25,28,30,,34,35,38,39,40,,,,,,,,,,,,,,,,,,,,,
Feb_2022_18MnthCtrl+HFD,18,,220207_18,Cage-4,1343440,F,E3HN,LRR,8/10/20,1.51,554,18.46666667,2/7/22,18.2,18 month HFD,180,,,,,,27,28,30,,34,35,38,38,39,,,,,,,,,,,,,,,,,,,,,
Feb_2022_18MnthCtrl+HFD,19,,220207_19,Cage-5,1343437,M,E3HN,L,8/14/20,1.5,550,18.33333333,2/7/22,18.06666667,18 Month Control,169,,,,,,34,35,35,,34,34,35,35,35,,,,,,,,,,,,,,,,,,,,,
Feb_2022_18MnthCtrl+HFD,20,,220207_20,Cage-5,1343437,M,E3HN,R,8/14/20,1.5,550,18.33333333,2/7/22,18.06666667,18 Month Control,193,,,,,,40,41,41,,40,40,41,41,42,,,,,,,,,,,,,,,,,,,,,
Feb_2022_18MnthCtrl+HFD,21,,220207_21,Cage-5,1343437,M,E3HN,LR,8/14/20,1.5,550,18.33333333,2/7/22,18.06666667,18 Month Control,171,,,,,,37,37,37,,38,37,38,38,39,,,,,,,,,,,,,,,,,,,,,
Feb_2022_18MnthCtrl+HFD,22,,220207_22,Cage-5,1343437,M,E3HN,LL,9/7/20,1.44,526,17.53333333,2/7/22,17.26666667,18 Month Control,167,,,,,,37,37,38,,36,36,37,37,38,,,,,,,,,,,,,,,,,,,,,
Feb_2022_18MnthCtrl+HFD,23,,220207_23,Cage-5,1343437,M,E3HN,LRR,9/7/20,1.44,526,17.53333333,2/7/22,17.26666667,18 Month Control,153,,,,,,31,31,32,,32,31,32,31,32,,,,,,,,,,,,,,,,,,,,,
Feb_2022_18MnthCtrl+HFD,24,,220207_24,Cage-6,1343443,M,E3HN,L,8/20/20,1.49,544,18.13333333,2/7/22,17.86666667,18 month HFD,168,,,,,,28,29,29,,29,30,30,30,31,,,,,,,,,,,,,,,,,,,,,
Feb_2022_18MnthCtrl+HFD,25,,220207_25,Cage-6,1343443,M,E3HN,R,8/20/20,1.49,544,18.13333333,2/7/22,17.86666667,18 month HFD,160,,,,,,28,30,29,,30,31,30,31,31,,,,,,,,,,,,,,,,,,,,,
Feb_2022_18MnthCtrl+HFD,26,,220207_26,Cage-6,1343443,M,E3HN,LR,8/24/20,1.48,540,18,2/7/22,17.73333333,18 month HFD,159,,,,,,28,33,36,,40,41,41,42,43,,,,,,,,,,,,,,,,,,,,,
,,,,,,,,,,,,,,,,,,,,,,,,,,,,,,,,,,,,,,,,,,,,,,,,,,,
March_2022_18moCTRL,1,,220307_1,Cage-1,1343441,F,E3HN, LLR,8/24/20,1.48,540,18,3/7/22,18.66666667,18 Month Control,201,,,,,,35,,,,,,,,,,,,,,,,,,,,,,,,,,,,,
March_2022_18moCTRL,2,,220307_2,Cage-1,1343441,F,E3HN,L,8/24/20,1.48,540,18,3/7/22,18.66666667,18 Month Control,175,,,,,,25,,,,,,,,,,,,,,,,,,,,,,,,,,,,,
March_2022_18moCTRL,3,,220307_3,Cage-1,1343441,F,E3HN,LR,8/24/20,1.48,540,18,3/7/22,18.66666667,18 Month Control,220,,,,,,26,,,,,,,,,,,,,,,,,,,,,,,,,,,,,
March_2022_18moCTRL,4,,220307_4,Cage-1,1343441,F,E3HN,LL,8/24/20,1.48,540,18,3/7/22,18.66666667,18 Month Control,183,,,,,,27,,,,,,,,,,,,,,,,,,,,,,,,,,,,,
March_2022_18moCTRL,5,,220307_5,Cage-1,1343441,F,E3HN,R,8/24/20,1.48,540,18,3/7/22,18.66666667,18 Month Control,168,,,,,,26,,,,,,,,,,,,,,,,,,,,,,,,,,,,,
March_2022_18moCTRL,6,,220307_6,Cage-2,1362670,M,E2HN,L,10/12/20,1.34,491,16.36666667,3/7/22,17.03333333,18 Month Control,,,,,,,31,,,,,,,,,,,,,,,,,,,,,,,,,,,,,
March_2022_18moCTRL,7,,220307_7,Cage-2,1362670,M,E2HN,R,10/12/20,1.34,491,16.36666667,3/7/22,17.03333333,18 Month Control,,,,,,,29,,,,,,,,,,,,,,,,,,,,,,,,,,,,,
March_2022_18moCTRL,8,,220307_8,Cage-2,1362670,M,E2HN,LR,10/12/20,1.34,491,16.36666667,3/7/22,17.03333333,18 Month Control,,,,,,,33,,,,,,,,,,,,,,,,,,,,,,,,,,,,,
March_2022_18moCTRL,9,,220307_9,Cage-3,1272257,F,E2HN,L,10/12/20,1.34,491,16.36666667,3/7/22,17.03333333,18 Month Control,218,,,,,,26,,,,,,,,,,,,,,,,,,,,,,,,,,,,,
March_2022_18moCTRL,10,,220307_10,Cage-3,1272257,F,E2HN,R,10/12/20,1.34,491,16.36666667,3/7/22,17.03333333,18 Month Control,164,,,,,,27,,,,,,,,,,,,,,,,,,,,,,,,,,,,,
March_2022_18moCTRL,11,,220307_11,Cage-3,1272257,F,E2HN,LR,10/12/20,1.34,491,16.36666667,3/7/22,17.03333333,18 Month Control,163,,,,,,23,,,,,,,,,,,,,,,,,,,,,,,,,,,,,
March_2022_18moCTRL,12,,220307_12,Cage-3,1272257,F,E2HN,LL,10/12/20,1.34,491,16.36666667,3/7/22,17.03333333,18 Month Control,119,,,,,,25,,,,,,,,,,,,,,,,,,,,,,,,,,,,,
March_2022_18moCTRL,13,,220307_13,Cage-3,1272257,F,E2HN,RR,10/12/20,1.34,491,16.36666667,3/7/22,17.03333333,18 Month Control,174,,,,,,31,,,,,,,,,,,,,,,,,,,,,,,,,,,,,
,,,,,,,,,,,,,,,,,,,,,,,,,,,,,,,,,,,,,,,,,,,,,,,,,,,
April_2022_12moHFD,1,,220404_1,Cage-1,1416081,F,E22,L,4/5/21,0.86,316,10.53333333,4/4/22,12.13333333,HFD,194,,,,,,23,,,,,,,,,,,,,,,,,,,,,,,,,,,,,
April_2022_12moHFD,2,,220404_2,Cage-1,1416081,F,E22,R,4/5/21,0.86,316,10.53333333,4/4/22,12.13333333,HFD,170,,,,,,25,,,,,,,,,,,,,,,,,,,,,,,,,,,,,
April_2022_12moHFD,3,,220404_3,Cage-1,1416081,F,E22,LR,4/5/21,0.86,316,10.53333333,4/4/22,12.13333333,HFD,178,,,,,,26,,,,,,,,,,,,,,,,,,,,,,,,,,,,,
April_2022_12moHFD,4,,220404_4,Cage-1,1416081,F,E22,LL,4/5/21,0.86,316,10.53333333,4/4/22,12.13333333,HFD,232,,,,,,25,,,,,,,,,,,,,,,,,,,,,,,,,,,,,
April_2022_12moHFD,5,,220404_5,Cage-1,1416081,F,E22,RR,6/20/21,0.65,240,8,4/4/22,9.6,HFD,218,,,,,,25,,,,,,,,,,,,,,,,,,,,,,,,,,,,,
April_2022_12moHFD,6,,220404_6,Cage-2,1416079,M,E22,L,4/14/21,0.84,307,10.23333333,4/4/22,11.83333333,HFD,196,,,,,,33,,,,,,,,,,,,,,,,,,,,,,,,,,,,,
April_2022_12moHFD,7,,220404_7,Cage-2,1416079,M,E22,R,4/14/21,0.84,307,10.23333333,4/4/22,11.83333333,HFD,182,,,,,,33,,,,,,,,,,,,,,,,,,,,,,,,,,,,,
April_2022_12moHFD,8,,220404_8,Cage-2,1416079,M,E22,LL,4/14/21,0.84,307,10.23333333,4/4/22,11.83333333,HFD,187,,,,,,30,,,,,,,,,,,,,,,,,,,,,,,,,,,,,
April_2022_12moHFD,9,,220404_9,Cage-3,1416080,F,E22,L,4/14/21,0.84,307,10.23333333,4/4/22,11.83333333,HFD,166,,,,,,24,,,,,,,,,,,,,,,,,,,,,,,,,,,,,
April_2022_12moHFD,10,,220404_10,Cage-3,1416080,F,E22,R,4/14/21,0.84,307,10.23333333,4/4/22,11.83333333,HFD,203,,,,,,26,,,,,,,,,,,,,,,,,,,,,,,,,,,,,
April_2022_12moHFD,11,,220404_11,Cage-3,1416080,F,E22,LR,4/17/21,0.83,304,10.13333333,4/4/22,11.73333333,HFD,187,,,,,,24,,,,,,,,,,,,,,,,,,,,,,,,,,,,,
April_2022_12moHFD,12,,220404_12,Cage-3,1416080,F,E22,LL,4/17/21,0.83,304,10.13333333,4/4/22,11.73333333,HFD,198,,,,,,24,,,,,,,,,,,,,,,,,,,,,,,,,,,,,
April_2022_12moHFD,13,,220404_13,Cage-4,1416082,M,E22,LRR,4/5/21,0.86,316,10.53333333,4/4/22,12.13333333,HFD,205,,,,,,30,,,,,,,,,,,,,,,,,,,,,,,,,,,,,
April_2022_12moHFD,14,,220404_14,Cage-4,1416082,M,E22,R,4/5/21,0.86,316,10.53333333,4/4/22,12.13333333,HFD,184,,,,,,29,,,,,,,,,,,,,,,,,,,,,,,,,,,,,
April_2022_12moHFD,15,,220404_15,Cage-4,1416082,M,E22,LR,4/17/21,0.83,304,10.13333333,4/4/22,11.73333333,HFD,199,,,,,,29,,,,,,,,,,,,,,,,,,,,,,,,,,,,,
April_2022_12moHFD,16,,220404_16,Cage-4,1416082,M,E22,LL,4/17/21,0.83,304,10.13333333,4/4/22,11.73333333,HFD,167,,,,,,30,,,,,,,,,,,,,,,,,,,,,,,,,,,,,
April_2022_12moHFD,17,,220404_17,Cage-4,1416082,M,E22,L,4/17/21,0.83,304,10.13333333,4/4/22,11.73333333,HFD,138,,,,,,32,,,,,,,,,,,,,,,,,,,,,,,,,,,,,