,Test,Animal,Animal_ID,Treatment,Code,Stage,Trial,Apparatus,Date,Duration,Distance,Mean speed,Max speed,Freezing episodes,Time freezing,Time mobile,NE : time,NE : distance,NE : average speed,NW : time,NW : distance,NW : average speed,SE : time,SE : distance,SE : average speed,SW : time,SW : distance,SW : average speed,Island : distance to first entry,Island : latency to first entry,Thigmitaxis : time,Thigmitaxis : distance,Thigmitaxis : average speed,Diet,Sex,Age
1,1,B217,217,LRRK2/NOS2,B,Day1,1,MWM_150,2/7/22,45,5.56,0.124,0.228,0,0,45,7.5,1.065,0.141,33.4,3.921,0.117,2.5,0.331,0.131,1.5,0.243,0.162,,,14.1,1.484,0.105,,F,
2,2,B218,218,LRRK2/NOS2,B,Day1,1,MWM_150,2/7/22,60,14.984,0.249,1.866,0,0,60,28.9,7.007,0.243,13.2,2.906,0.219,13,2.706,0.209,4.7,2.364,0.507,,,37.2,8.991,0.242,,F,
3,3,B219,219,LRRK2/NOS2,B,Day1,1,MWM_150,2/7/22,7.8,1.777,0.229,0.343,0,0,7.8,1,0.303,0.293,2.7,0.556,0.206,1.1,0.343,0.303,2.9,0.575,0.198,,2.7,0,0,<ufunc 'isnan'>,,F,
4,4,B220,220,LRRK2/NOS2,B,Day1,1,MWM_150,2/7/22,60,12.762,0.212,0.301,0,0,60,0.8,0.202,0.243,28.7,6.409,0.223,5.5,1.062,0.193,24.9,5.089,0.205,,,39,8.083,0.207,,F,
5,5,B209,209,LRRK2/NOS2,B,Day1,1,MWM_150,2/7/22,60,17.142,0.286,2.273,0,0,60,13.5,5.158,0.381,5.6,1.141,0.206,25.3,6.588,0.26,14.8,3.997,0.27,,,35.6,9.577,0.269,,F,
6,6,B210,210,LRRK2/NOS2,B,Day1,1,MWM_150,2/7/22,6,1.436,0.24,0.975,0,0,6,0,0,<ufunc 'isnan'>,0,0,<ufunc 'isnan'>,0,0,<ufunc 'isnan'>,6,1.436,0.24,,1,0,0,<ufunc 'isnan'>,,F,
7,7,B211,211,LRRK2/NOS2,B,Day1,1,MWM_150,2/7/22,44.3,9.563,0.216,0.368,0,0,44.3,5.6,1.446,0.257,24.2,5.201,0.215,0,0,<ufunc 'isnan'>,14.4,2.916,0.202,,,18.8,3.793,0.202,,F,
8,8,B212,212,LRRK2/NOS2,B,Day1,1,MWM_150,2/7/22,60,19.741,0.329,3.497,0,0,60,26.6,9.563,0.359,12.3,2.6,0.211,18.7,3.404,0.182,2,4.129,2.138,,,29.3,9.541,0.326,,F,
9,9,B214,214,LRRK2/NOS2,B,Day1,1,MWM_150,2/7/22,9.9,0.784,0.079,0.22,0,0,9.9,0,0,<ufunc 'isnan'>,0,0,<ufunc 'isnan'>,0,0,<ufunc 'isnan'>,9.9,0.784,0.079,,4.9,0,0,<ufunc 'isnan'>,,F,
10,10,B213,213,LRRK2/NOS2,B,Day1,1,MWM_150,2/7/22,60,10.446,0.175,0.324,0,0,60,2.2,0.387,0.178,16.7,3.073,0.185,7.2,1.429,0.198,34,5.557,0.163,,,32.3,5.214,0.161,,M,
11,11,31133,31133,NOS2_KO,A,Day1,1,MWM_150,2/7/22,6,0.95,0.159,0.273,0,0,6,0,0,<ufunc 'isnan'>,0,0,<ufunc 'isnan'>,0,0,<ufunc 'isnan'>,6,0.95,0.159,,0.9,0,0,<ufunc 'isnan'>,,M,
12,12,31134,31134,NOS2_KO,A,Day1,1,MWM_150,2/7/22,60,12.606,0.21,3.057,0,0,60,21.8,4.797,0.221,7.9,1.693,0.213,14.9,2.188,0.147,14.4,3.67,0.259,,,42.3,7.433,0.176,,M,
13,13,31135,31135,NOS2_KO,A,Day1,1,MWM_150,2/7/22,20.6,4.196,0.204,1.566,0,0,20.6,0,0,<ufunc 'isnan'>,1.4,0.477,0.333,0,0,<ufunc 'isnan'>,19.1,3.719,0.194,,15.5,0.7,0.466,0.663,,M,
14,14,31124,31124,NOS2_KO,A,Day1,1,MWM_150,2/7/22,60,21.103,0.352,5.565,0,0,60,5.3,5.093,0.958,32.9,7.457,0.227,5,0.75,0.15,15.7,7.63,0.488,,,42,12.252,0.291,,F,
15,15,31125,31125,NOS2_KO,A,Day1,1,MWM_150,2/7/22,60,16.399,0.273,12.613,0,0,60,4.5,3.585,0.803,14.7,2.933,0.2,11.8,1.912,0.162,28.8,7.918,0.275,,,40.7,9.939,0.244,,F,
16,16,31130,31130,NOS2_KO,A,Day1,1,MWM_150,2/7/22,60,10.371,0.173,0.297,0,0,60,1.3,0.267,0.2,32.1,5.894,0.183,3.6,0.462,0.125,22.9,3.748,0.164,,,43,6.705,0.156,,F,
17,17,31131,31131,NOS2_KO,A,Day1,1,MWM_150,2/7/22,9.4,1.759,0.188,0.337,0,0,9.4,0,0,<ufunc 'isnan'>,4.1,0.687,0.166,0,0,<ufunc 'isnan'>,5.2,1.072,0.206,,4.3,2,0.335,0.166,,F,
18,18,31132,31132,NOS2_KO,A,Day1,1,MWM_150,2/7/22,60,16.212,0.27,4.42,0,0,60,1.8,1.545,0.857,11.4,3.233,0.285,16.4,2.615,0.16,28.3,8.435,0.298,,,34.4,8.183,0.239,,F,
19,19,B217,217,LRRK2/NOS2,B,Day1,2,MWM_150,2/7/22,60,8.061,0.134,0.436,0,0,60,17.7,2.115,0.119,21.1,2.347,0.112,6.1,0.929,0.153,15.2,2.669,0.176,,,25.7,2.542,0.099,,F,
20,20,B218,218,LRRK2/NOS2,B,Day1,2,MWM_150,2/7/22,60,12.683,0.212,1.771,0,0,60,23.7,4.515,0.19,0,0,<ufunc 'isnan'>,28.3,5.896,0.209,7.3,2.129,0.288,,,29.7,5.667,0.19,,F,
21,21,B219,219,LRRK2/NOS2,B,Day1,2,MWM_150,2/7/22,20.8,12.901,0.621,12.628,0,0,20.8,8.7,5.937,0.682,6.6,1.744,0.265,1.9,4.372,2.26,3.6,0.849,0.238,,15.7,5.2,4.926,0.947,,F,
22,22,B220,220,LRRK2/NOS2,B,Day1,2,MWM_150,2/7/22,60,15.633,0.26,2.289,0,0,60,12.8,4.167,0.325,12.9,2.551,0.198,18.3,4.353,0.238,16,4.562,0.285,,,24.3,5.772,0.238,,F,
23,23,B209,209,LRRK2/NOS2,B,Day1,2,MWM_150,2/7/22,24,4.854,0.202,0.316,0,0,24,12,2.417,0.202,1.8,0.435,0.238,6.1,1.194,0.196,3.8,0.808,0.211,,18.9,4.5,0.892,0.196,,F,
24,24,B210,210,LRRK2/NOS2,B,Day1,2,MWM_150,2/7/22,60,12.576,0.21,0.36,0,0,60,26.9,5.295,0.197,1.7,0.318,0.187,23.6,5.203,0.22,6.3,1.399,0.223,,,40.7,8.391,0.206,,F,
25,25,B211,211,LRRK2/NOS2,B,Day1,2,MWM_150,2/7/22,50.8,11.896,0.234,0.461,0,0,50.8,18.3,4.232,0.231,12.2,2.819,0.232,10,2.373,0.237,10.1,2.405,0.238,,,22.9,5.212,0.228,,F,
26,26,B212,212,LRRK2/NOS2,B,Day1,2,MWM_150,2/7/22,60,14.111,0.235,1.581,0,0,60,30.3,6.575,0.217,5.2,0.727,0.14,14.1,3.332,0.237,9.9,3.365,0.341,,,43.7,9.236,0.211,,F,
27,27,B214,214,LRRK2/NOS2,B,Day1,2,MWM_150,2/7/22,60,35.329,0.589,9.699,0,0,60,43.9,17.399,0.397,2.1,0.409,0.192,5.5,1.054,0.193,6,13.433,2.238,,,33.3,15.174,0.455,,F,
28,28,B213,213,LRRK2/NOS2,B,Day1,2,MWM_150,2/7/22,60,11.041,0.184,0.322,0,0,60,26.7,4.668,0.175,5,1.11,0.222,19,3.737,0.196,8.3,1.431,0.172,,,29.4,5.373,0.183,,M,
29,29,31133,31133,NOS2_KO,A,Day1,2,MWM_150,2/7/22,60,13.903,0.232,9.552,0,0,60,28.9,6.875,0.238,0,0,<ufunc 'isnan'>,24.2,4.574,0.189,5.1,2.12,0.353,,,44.2,9.492,0.215,,M,
30,30,31134,31134,NOS2_KO,A,Day1,2,MWM_150,2/7/22,60,18.3,0.305,4.353,0,0,60,27.8,8.522,0.306,20.7,3.793,0.184,4,0.846,0.21,7.4,5.139,0.692,,,40.8,10.538,0.258,,M,
31,31,31135,31135,NOS2_KO,A,Day1,2,MWM_150,2/7/22,60,10.754,0.179,5,0,0,60,17,2.306,0.136,33.2,5.588,0.168,0.5,0.095,0.204,9.2,2.764,0.298,,,45.9,6.961,0.151,,M,
32,32,31124,31124,NOS2_KO,A,Day1,2,MWM_150,2/7/22,60,21.2,0.353,10.772,0,0,60,21.1,6.869,0.327,3.1,0.627,0.202,14.3,3.119,0.218,18.3,8.772,0.482,,,38.7,10.609,0.274,,F,
33,33,31125,31125,NOS2_KO,A,Day1,2,MWM_150,2/7/22,60,12.235,0.204,0.686,0,0,60,26.4,5.205,0.197,4.1,0.979,0.237,13.9,2.854,0.206,15.6,3.196,0.206,,,28,4.557,0.163,,F,
34,34,31130,31130,NOS2_KO,A,Day1,2,MWM_150,2/7/22,60,19.264,0.321,4.014,0,0,60,9.6,4.385,0.462,18.1,3.469,0.191,12.2,2.567,0.211,18.9,7.374,0.39,,,35.5,9.358,0.264,,F,
35,35,31131,31131,NOS2_KO,A,Day1,2,MWM_150,2/7/22,60,12.895,0.22,1.36,0,0,60,17.7,5.133,0.289,29.6,3.908,0.132,9.7,2.112,0.216,1,1.4,1.354,,,39.1,7.255,0.185,,F,
36,36,31132,31132,NOS2_KO,A,Day1,2,MWM_150,2/7/22,27.6,6.706,0.243,1.027,0,0,27.6,1.5,0.345,0.225,8.4,1.807,0.214,7,1.373,0.197,10.6,3.182,0.299,,22.5,7.6,1.552,0.204,,F,
37,37,B217,217,LRRK2/NOS2,B,Day1,3,MWM_150,2/7/22,60,7.266,0.121,0.216,0,0,60,20.9,2.761,0.133,35.5,3.839,0.108,2.7,0.452,0.169,0.8,0.157,0.197,,,28.4,2.967,0.104,,F,
38,38,B218,218,LRRK2/NOS2,B,Day1,3,MWM_150,2/7/22,60,12.087,0.201,0.323,0,0,60,26.5,5.396,0.203,23.4,4.677,0.2,2.5,0.443,0.179,7.5,1.57,0.208,,,20.7,3.7,0.178,,F,
39,39,B219,219,LRRK2/NOS2,B,Day1,3,MWM_150,2/7/22,60,15.657,0.261,3.514,0,0,60,17.8,5.037,0.284,21.2,4.227,0.2,10.7,2.619,0.246,9.6,3.598,0.378,,,32.3,7.785,0.24,,F,
40,40,B220,220,LRRK2/NOS2,B,Day1,3,MWM_150,2/7/22,60,20.903,0.348,8.322,0,0,60,16.6,7.335,0.444,19.3,4.308,0.223,6.2,1.416,0.226,17.6,7.798,0.443,,,42.4,12.851,0.303,,F,
41,41,B209,209,LRRK2/NOS2,B,Day1,3,MWM_150,2/7/22,50.7,10.547,0.208,0.387,0,0,50.7,3.9,0.915,0.235,26.2,5.128,0.196,4.6,1.086,0.238,16,3.419,0.213,,,18.5,3.604,0.195,,F,
42,42,B210,210,LRRK2/NOS2,B,Day1,3,MWM_150,2/7/22,60,10.311,0.172,0.358,0,0,60,17.8,3.299,0.185,10.1,1.362,0.135,25.6,4.131,0.161,6.5,1.519,0.236,,,37.1,5.284,0.143,,F,
43,43,B211,211,LRRK2/NOS2,B,Day1,3,MWM_150,2/7/22,60,13.078,0.218,0.34,0,0,60,12.6,3.18,0.253,22.7,4.92,0.217,4.8,0.987,0.207,19.9,3.95,0.198,,,30.9,6.206,0.201,,F,
44,44,B212,212,LRRK2/NOS2,B,Day1,3,MWM_150,2/7/22,16.8,2.87,0.171,0.299,0,0,16.8,0,0,<ufunc 'isnan'>,5.6,1.02,0.182,0.3,0.061,0.201,10.9,1.788,0.165,,11.7,2.5,0.379,0.151,,F,
45,45,B214,214,LRRK2/NOS2,B,Day1,3,MWM_150,2/7/22,60,15.648,0.26,6.04,0,0,60,12.9,3.844,0.298,14.4,2.537,0.176,20.3,3.818,0.189,9.8,3.96,0.403,,,40.3,8.21,0.204,,F,
46,46,B213,213,LRRK2/NOS2,B,Day1,3,MWM_150,2/7/22,30.9,5.1,0.165,0.268,0,0,30.9,0.9,0.164,0.182,17.5,2.784,0.159,2.7,0.637,0.237,9.8,1.515,0.155,,25.9,3.7,0.494,0.134,,M,
47,47,31133,31133,NOS2_KO,A,Day1,3,MWM_150,2/7/22,60,12.125,0.202,1.393,0,0,60,3.4,0.898,0.262,28.3,5.199,0.183,8.5,2.07,0.244,19.8,3.957,0.201,,,36,5.792,0.161,,M,
48,48,31134,31134,NOS2_KO,A,Day1,3,MWM_150,2/7/22,12,1.538,0.128,0.288,0,0,12,0.7,0.158,0.216,4.9,0.946,0.195,0.5,0.096,0.192,5.9,0.338,0.057,,7,0,0,<ufunc 'isnan'>,,M,
49,49,31135,31135,NOS2_KO,A,Day1,3,MWM_150,2/7/22,15.7,2.128,0.136,0.307,0,0,15.7,0,0,<ufunc 'isnan'>,8.6,1.312,0.153,0.7,0.128,0.182,6.4,0.688,0.108,,10.6,0,0,<ufunc 'isnan'>,,M,
50,50,31124,31124,NOS2_KO,A,Day1,3,MWM_150,2/7/22,60,17.676,0.294,4.809,0,0,60,11.9,3.582,0.301,17.9,4.582,0.256,18.5,4.15,0.225,11.3,5.267,0.467,,,47.9,12.164,0.254,,F,
51,51,31125,31125,NOS2_KO,A,Day1,3,MWM_150,2/7/22,25.1,4.21,0.168,0.316,0,0,25.1,7.1,1.306,0.183,3.6,0.726,0.202,7.3,1.556,0.213,6.9,0.623,0.09,,20,8.1,1.279,0.157,,F,
52,52,31130,31130,NOS2_KO,A,Day1,3,MWM_150,2/7/22,60,15.004,0.25,2.39,0,0,60,24.5,5.813,0.237,21.9,4.785,0.218,1.5,0.395,0.258,11.8,3.964,0.335,,,30,6.822,0.228,,F,
53,53,31131,31131,NOS2_KO,A,Day1,3,MWM_150,2/7/22,60,17.576,0.293,4.978,0,0,60,12.3,4.689,0.382,29.8,4.55,0.152,5.8,1.153,0.198,11,5.789,0.528,,,53,11.462,0.217,,F,
54,54,31132,31132,NOS2_KO,A,Day1,3,MWM_150,2/7/22,60,12.749,0.212,0.321,0,0,60,28.3,6.012,0.213,7.6,1.489,0.196,13.7,2.827,0.206,9.5,2.269,0.238,,,28.1,5.247,0.188,,F,
55,55,B217,217,LRRK2/NOS2,B,Day1,4,MWM_150,2/7/22,17.9,1.128,0.063,0.172,0,0,17.9,0,0,<ufunc 'isnan'>,0,0,<ufunc 'isnan'>,9.4,0.705,0.075,8.5,0.422,0.05,,12.9,0,0,<ufunc 'isnan'>,,F,
56,56,B218,218,LRRK2/NOS2,B,Day1,4,MWM_150,2/7/22,60,2.351,0.039,3.047,0,0,7.9,0,0,<ufunc 'isnan'>,0,0,<ufunc 'isnan'>,59.2,1.182,0.02,0.8,1.169,1.525,,,60,2.351,0.039,,F,
57,57,B219,219,LRRK2/NOS2,B,Day1,4,MWM_150,2/7/22,60,13.405,0.224,0.394,0,0,60,10,2.367,0.238,20.7,4.698,0.227,10.8,2.361,0.22,18.4,3.933,0.214,,,46.4,10.006,0.216,,F,
58,58,B220,220,LRRK2/NOS2,B,Day1,4,MWM_150,2/7/22,10.8,1.279,0.118,0.319,0,0,10.8,0,0,<ufunc 'isnan'>,0,0,<ufunc 'isnan'>,1.8,0.394,0.218,9,0.884,0.098,,5.8,0,0,<ufunc 'isnan'>,,F,
59,59,B209,209,LRRK2/NOS2,B,Day1,4,MWM_150,2/7/22,13.6,1.561,0.115,0.307,0,0,13.6,0,0,<ufunc 'isnan'>,0,0,<ufunc 'isnan'>,4.1,0.751,0.182,9.4,0.81,0.086,,8.5,1.7,0.263,0.158,,F,
60,60,B210,210,LRRK2/NOS2,B,Day1,4,MWM_150,2/7/22,60,0,0,,0,0,60,0,0,<ufunc 'isnan'>,0,0,<ufunc 'isnan'>,60,0,0,0,0,<ufunc 'isnan'>,,,60,0,0,,F,
61,61,B211,211,LRRK2/NOS2,B,Day1,4,MWM_150,2/7/22,60,0,0,0.082,0,0,0,0,0,<ufunc 'isnan'>,0,0,<ufunc 'isnan'>,60,0,0,0,0,<ufunc 'isnan'>,,,60,0,0,,F,
62,62,B212,212,LRRK2/NOS2,B,Day1,4,MWM_150,2/7/22,60,11.457,0.191,0.329,0,0,60,6.1,1.61,0.265,4.6,0.785,0.171,31.5,5.486,0.174,17.8,3.578,0.201,,,37.3,6.243,0.168,,F,
63,63,B214,214,LRRK2/NOS2,B,Day1,4,MWM_150,2/7/22,26.6,3.33,0.125,0.327,0,0,26.6,0,0,<ufunc 'isnan'>,0,0,<ufunc 'isnan'>,16.8,2.389,0.142,9.8,0.941,0.096,,21.6,6.6,1.205,0.182,,F,
64,64,B213,213,LRRK2/NOS2,B,Day1,4,MWM_150,2/7/22,60,12.512,0.209,4.614,0,0,60,23.1,5.265,0.228,2.7,0.257,0.094,27.3,4.449,0.163,6.7,2.491,0.372,,,39.6,6.72,0.169,,M,
65,65,31133,31133,NOS2_KO,A,Day1,4,MWM_150,2/7/22,60,13.054,0.218,2.493,0,0,60,6.5,1.32,0.203,5.5,1.014,0.186,33.5,5.878,0.175,14.2,3.563,0.252,,,31.6,4.69,0.149,,M,
66,66,31134,31134,NOS2_KO,A,Day1,4,MWM_150,2/7/22,60,19.159,0.32,6.706,0,0,60,20.3,7.841,0.388,21.6,4.351,0.201,7.6,1.282,0.168,9.7,5.532,0.571,,,45.2,12.007,0.265,,M,
67,67,31135,31135,NOS2_KO,A,Day1,4,MWM_150,2/7/22,60,14.898,0.248,5.945,0,0,60,19.4,4.077,0.21,6.5,2.359,0.363,17.2,6.35,0.374,16.9,2.112,0.125,,,47.1,8.699,0.185,,M,
68,68,31124,31124,NOS2_KO,A,Day1,4,MWM_150,2/7/22,28.2,3.607,0.128,1.061,2,8.1,28.2,0,0,<ufunc 'isnan'>,0,0,<ufunc 'isnan'>,7.5,1.655,0.22,20.6,1.952,0.095,,23.1,5.3,0.739,0.14,,F,
69,69,31125,31125,NOS2_KO,A,Day1,4,MWM_150,2/7/22,60,12.416,0.207,0.321,0,0,60,7.3,1.749,0.238,23.6,4.635,0.196,11.7,2.44,0.208,17.4,3.593,0.207,,,21.1,3.348,0.159,,F,
70,70,31130,31130,NOS2_KO,A,Day1,4,MWM_150,2/7/22,60,17.478,0.292,4.152,0,0,60,11.6,5.32,0.461,14.4,3.367,0.234,15,2.796,0.186,19.1,5.997,0.314,,,32.4,8.413,0.26,,F,
71,71,31131,31131,NOS2_KO,A,Day1,4,MWM_150,2/7/22,60,0,0,1.562,0,0,13.2,0,0,<ufunc 'isnan'>,0,0,<ufunc 'isnan'>,60,0,0,0,0,<ufunc 'isnan'>,,,50.2,0,0,,F,
72,72,31132,31132,NOS2_KO,A,Day1,4,MWM_150,2/7/22,19.3,3.974,0.205,0.637,0,0,19.3,0.6,0.168,0.266,8.7,1.756,0.202,2.3,0.515,0.224,7.7,1.535,0.199,,14.3,4.8,0.614,0.127,,F,
73,73,B217,217,LRRK2/NOS2,B,Day2,1,MWM_150,2/8/22,60,19.635,0.327,9.494,0,0,60,16.6,6.535,0.392,8.6,1.877,0.218,11.9,2.841,0.239,22.4,8.228,0.366,,,39.1,11.024,0.282,,F,
74,74,B218,218,LRRK2/NOS2,B,Day2,1,MWM_150,2/8/22,13.9,2.038,0.146,0.296,0,0,10.6,2.6,0.506,0.191,0,0,<ufunc 'isnan'>,2,0.537,0.273,9.3,0.995,0.107,,8.9,0.8,0.167,0.201,,F,
75,75,B219,219,LRRK2/NOS2,B,Day2,1,MWM_150,2/8/22,31.9,6.698,0.21,0.394,0,0,31.9,8,1.747,0.218,0,0,<ufunc 'isnan'>,17.8,4.487,0.252,6.1,0.464,0.077,,26.8,5.8,1.084,0.186,,F,
76,76,B220,220,LRRK2/NOS2,B,Day2,1,MWM_150,2/8/22,60,18.544,0.309,3.643,0,0,60,22.8,7.583,0.334,15.8,3.527,0.224,12.3,4.246,0.346,8.4,3.019,0.358,,,39.3,11.054,0.281,,F,
77,77,B209,209,LRRK2/NOS2,B,Day2,1,MWM_150,2/8/22,20.8,3.559,0.171,0.306,0,0,20.8,9.2,2.098,0.227,5.7,1.12,0.195,0,0,<ufunc 'isnan'>,5.8,0.341,0.059,,15.7,5.7,0.917,0.162,,F,
78,78,B210,210,LRRK2/NOS2,B,Day2,1,MWM_150,2/8/22,49.1,11.445,0.233,2.792,0,0,49.1,18.8,4.152,0.221,8.6,1.523,0.178,5.4,1.615,0.299,16.2,4.084,0.253,,,20.9,3.516,0.169,,F,
79,79,B211,211,LRRK2/NOS2,B,Day2,1,MWM_150,2/8/22,43.5,13.246,0.305,3.275,0,0,43.5,23.2,4.922,0.212,2.8,0.869,0.31,8.5,2.296,0.271,7.8,3.791,0.488,,,14.3,2.214,0.156,,F,
80,80,B212,212,LRRK2/NOS2,B,Day2,1,MWM_150,2/8/22,60,13.807,0.23,0.319,0,0,60,23.8,5.33,0.223,9.7,2.243,0.233,17,4.095,0.241,9.5,2.14,0.225,,,32.3,7.219,0.224,,F,
81,81,B214,214,LRRK2/NOS2,B,Day2,1,MWM_150,2/8/22,31.7,7.678,0.243,4.349,0,0,31.7,14.5,3.196,0.222,3.2,0.777,0.243,9.6,2.127,0.222,4.4,1.578,0.357,,26.6,7.6,1.321,0.173,,F,
82,82,B213,213,LRRK2/NOS2,B,Day2,1,MWM_150,2/8/22,60,9.852,0.164,0.296,0,0,60,21.5,3.005,0.14,23,3.697,0.161,10.9,2.051,0.189,4.6,1.099,0.239,,,38.2,4.899,0.128,,M,
83,83,31133,31133,NOS2_KO,A,Day2,1,MWM_150,2/8/22,60,9.308,0.156,0.274,0,0,60,40.7,5.966,0.146,9.4,1.659,0.176,9.6,1.684,0.177,0,0,<ufunc 'isnan'>,,,22.1,2.258,0.102,,M,
84,84,31134,31134,NOS2_KO,A,Day2,1,MWM_150,2/8/22,43.1,8.042,0.187,0.333,0,0,43.1,13.8,2.425,0.176,0,0,<ufunc 'isnan'>,22.1,5.046,0.229,6.7,0.464,0.07,,,19.2,3.441,0.18,,M,
85,85,31135,31135,NOS2_KO,A,Day2,1,MWM_150,2/8/22,60,19.074,0.318,13.055,0,0,60,11,5.485,0.499,11.2,2.32,0.207,24.4,4.769,0.196,12.2,6.217,0.512,,,43.8,12.28,0.28,,M,
86,86,31124,31124,NOS2_KO,A,Day2,1,MWM_150,2/8/22,60,12.24,0.204,5.73,0,0,60,23.8,5.385,0.226,16.8,2.805,0.167,12.6,2.155,0.172,6.8,1.894,0.251,,,34,5.638,0.166,,F,
87,87,31125,31125,NOS2_KO,A,Day2,1,MWM_150,2/8/22,60,10.857,0.181,0.365,0,0,60,34.5,6.243,0.181,0.8,0.183,0.219,16.1,3.474,0.216,8.6,0.957,0.111,,,24.8,3.885,0.157,,F,
88,88,31130,31130,NOS2_KO,A,Day2,1,MWM_150,2/8/22,60,11.529,0.192,0.319,0,0,60,7.9,1.639,0.208,9.6,1.44,0.149,28.5,5.886,0.207,13.2,2.429,0.184,,,33.2,5.68,0.171,,F,
89,89,31131,31131,NOS2_KO,A,Day2,1,MWM_150,2/8/22,26,8.12,0.312,9.189,0,0,26,17.4,4.698,0.271,2,0.461,0.231,3.7,0.94,0.256,3,2.021,0.674,,21,11.3,3.009,0.267,,F,
90,90,31132,31132,NOS2_KO,A,Day2,1,MWM_150,2/8/22,60,13.537,0.225,1.132,0,0,60,20.6,4.033,0.196,11,2.507,0.228,15.4,3.462,0.225,13,3.534,0.272,,,25.5,4.795,0.189,,F,
91,91,B217,217,LRRK2/NOS2,B,Day2,2,MWM_150,2/8/22,60,15.745,0.262,5.469,0,0,60,3.8,2.132,0.565,17.2,4.623,0.269,21.2,3.377,0.159,16.6,5.462,0.329,,,37,8.32,0.226,,F,
92,92,B218,218,LRRK2/NOS2,B,Day2,2,MWM_150,2/8/22,11.5,1.406,0.123,0.454,0,0,11.5,0,0,<ufunc 'isnan'>,0,0,<ufunc 'isnan'>,5.6,1.045,0.186,5.9,0.361,0.062,,6.4,0.4,0.103,0.257,,F,
93,93,B219,219,LRRK2/NOS2,B,Day2,2,MWM_150,2/8/22,25.3,5.151,0.203,0.381,0,0,25.3,3.7,0.969,0.262,3.4,0.979,0.288,3.8,0.993,0.26,14.4,2.21,0.153,,20.3,5.1,1.141,0.224,,F,
94,94,B220,220,LRRK2/NOS2,B,Day2,2,MWM_150,2/8/22,8.8,0.925,0.106,0.307,0,0,8.8,0,0,<ufunc 'isnan'>,0,0,<ufunc 'isnan'>,0,0,<ufunc 'isnan'>,8.8,0.925,0.106,,3.7,0.2,0.055,0.236,,F,
95,95,B209,209,LRRK2/NOS2,B,Day2,2,MWM_150,2/8/22,17.1,2.789,0.164,2.323,0,0,17.1,0,0,<ufunc 'isnan'>,5.1,1.298,0.253,2.5,0.648,0.259,9.4,0.843,0.089,,12,1.4,0.327,0.233,,F,
96,96,B210,210,LRRK2/NOS2,B,Day2,2,MWM_150,2/8/22,55.7,13.85,0.249,9.6,0,0,55.7,17,4.611,0.27,19.2,3.944,0.205,5.6,1.195,0.213,13.8,4.1,0.294,,,26.8,5.041,0.188,,F,
97,97,B211,211,LRRK2/NOS2,B,Day2,2,MWM_150,2/8/22,14.6,2.359,0.161,1.122,0,0,14.6,1.4,0.264,0.184,0,0,<ufunc 'isnan'>,5.4,1.295,0.24,7.8,0.8,0.102,,9.6,1.2,0.185,0.158,,F,
98,98,B212,212,LRRK2/NOS2,B,Day2,2,MWM_150,2/8/22,60,14.681,0.245,9.005,0,0,60,16.6,4.061,0.245,8.4,1.963,0.233,16.1,3.585,0.222,18.4,4.95,0.27,,,23.7,5.957,0.251,,F,
99,99,B214,214,LRRK2/NOS2,B,Day2,2,MWM_150,2/8/22,60,12.441,0.207,3.936,0,0,60,7.8,1.796,0.229,9,1.93,0.216,25.7,4.702,0.183,17.5,4.012,0.23,,,11.6,2.222,0.192,,F,
100,100,B213,213,LRRK2/NOS2,B,Day2,2,MWM_150,2/8/22,60,10.691,0.178,0.304,0,0,60,6.2,1.455,0.235,9.5,1.678,0.177,33,5.033,0.152,11.4,2.526,0.223,,,29.5,3.708,0.125,,M,
101,101,31133,31133,NOS2_KO,A,Day2,2,MWM_150,2/8/22,60,11.495,0.191,0.956,0,0,60,11,2.22,0.202,10.7,2.329,0.217,16.7,3.235,0.193,21.6,3.712,0.172,,,21,2.713,0.129,,M,
102,102,31134,31134,NOS2_KO,A,Day2,2,MWM_150,2/8/22,60,12.602,0.21,0.499,0,0,60,5.5,1.465,0.268,4.5,0.945,0.21,29.9,5.597,0.187,20,4.554,0.228,,,36.1,6.849,0.189,,M,
103,103,31135,31135,NOS2_KO,A,Day2,2,MWM_150,2/8/22,60,11.295,0.188,0.27,0,0,60,9.3,1.937,0.208,12.7,2.26,0.178,20.6,3.693,0.18,15.7,2.997,0.19,,,36.3,6.313,0.175,,M,
104,104,31124,31124,NOS2_KO,A,Day2,2,MWM_150,2/8/22,30.5,5.479,0.18,0.315,0,0,30.5,8.5,2.259,0.266,5.7,0.821,0.144,9.7,1.925,0.198,6.3,0.395,0.063,,25.5,11.6,2.072,0.179,,F,
105,105,31125,31125,NOS2_KO,A,Day2,2,MWM_150,2/8/22,43.8,7.03,0.161,0.288,0,0,43.8,5.2,1.167,0.224,13.5,1.907,0.141,12.9,2.407,0.186,12.1,1.549,0.127,,,25.7,4.036,0.157,,F,
106,106,31130,31130,NOS2_KO,A,Day2,2,MWM_150,2/8/22,60,12.331,0.205,0.312,0,0,60,13.7,3.014,0.22,9,2.137,0.237,19.7,3.971,0.202,17.1,3.064,0.179,,,38.4,7.793,0.203,,F,
107,107,31131,31131,NOS2_KO,A,Day2,2,MWM_150,2/8/22,60,13.656,0.228,2.112,0,0,60,0.9,0.75,0.834,7.7,1.424,0.185,25.5,6.115,0.239,25.9,5.366,0.208,,,35.2,6.509,0.184,,F,
108,108,31132,31132,NOS2_KO,A,Day2,2,MWM_150,2/8/22,33,9.989,0.302,5.257,0,0,33,4.6,2.355,0.516,7.8,1.934,0.248,13.4,2.662,0.198,7.2,3.038,0.421,,28,17,4.88,0.286,,F,
109,109,B217,217,LRRK2/NOS2,B,Day2,3,MWM_150,2/8/22,60,9.87,0.164,0.295,0,0,60,11.1,2.006,0.18,22.9,3.34,0.146,8.4,1.838,0.219,17.3,2.574,0.15,,,43.4,6.231,0.144,,F,
110,110,B218,218,LRRK2/NOS2,B,Day2,3,MWM_150,2/8/22,6,0.633,0.106,0.838,0,0,6,0,0,<ufunc 'isnan'>,0,0,<ufunc 'isnan'>,0,0,<ufunc 'isnan'>,6,0.633,0.106,,0.9,0,0,<ufunc 'isnan'>,,F,
111,111,B219,219,LRRK2/NOS2,B,Day2,3,MWM_150,2/8/22,34.1,7.219,0.212,0.342,0,0,34.1,7.8,2.154,0.276,5.4,1.58,0.293,4.7,1.346,0.288,16.2,2.138,0.131,,29,4.8,1.1,0.229,,F,
112,112,B220,220,LRRK2/NOS2,B,Day2,3,MWM_150,2/8/22,60,14.838,0.248,0.355,0,0,60,13.4,3.023,0.226,15.6,4.07,0.262,10.9,2.728,0.25,20.1,5.017,0.249,,,25.3,5.515,0.22,,F,
113,113,B209,209,LRRK2/NOS2,B,Day2,3,MWM_150,2/8/22,26.2,6.208,0.237,0.372,0,0,26.2,1,0.245,0.254,1.6,0.35,0.219,13.9,3.198,0.23,9.7,2.415,0.248,,21.1,2.8,0.662,0.236,,F,
114,114,B210,210,LRRK2/NOS2,B,Day2,3,MWM_150,2/8/22,5.5,0.167,0.03,0.088,0,0,5.5,0,0,<ufunc 'isnan'>,0,0,<ufunc 'isnan'>,0,0,<ufunc 'isnan'>,5.5,0.167,0.03,,0,0,0,<ufunc 'isnan'>,,F,
115,115,B211,211,LRRK2/NOS2,B,Day2,3,MWM_150,2/8/22,5.3,0.213,0.04,0.105,0,0,5.3,0,0,<ufunc 'isnan'>,0,0,<ufunc 'isnan'>,0,0,<ufunc 'isnan'>,5.3,0.213,0.04,,0,0,0,<ufunc 'isnan'>,,F,
116,116,B212,212,LRRK2/NOS2,B,Day2,3,MWM_150,2/8/22,52.6,10.509,0.2,0.302,0,0,52.6,5.9,1.507,0.259,7.2,1.56,0.218,13.8,3.288,0.238,25.8,4.153,0.161,,,8.2,1.601,0.195,,F,
117,117,B214,214,LRRK2/NOS2,B,Day2,3,MWM_150,2/8/22,18,1.246,0.069,0.192,0,0,18,0,0,<ufunc 'isnan'>,0,0,<ufunc 'isnan'>,2,0.202,0.099,15.9,1.044,0.066,,12.9,0,0,<ufunc 'isnan'>,,F,
118,118,B213,213,LRRK2/NOS2,B,Day2,3,MWM_150,2/8/22,41.8,7.871,0.189,0.329,0,0,41.8,20.4,3.577,0.175,13.9,2.567,0.183,3.4,0.85,0.248,3.9,0.878,0.227,,,17,1.823,0.108,,M,
119,119,31133,31133,NOS2_KO,A,Day2,3,MWM_150,2/8/22,37,6.48,0.175,0.298,0,0,37,6.9,1.335,0.193,3.7,0.533,0.145,7.3,1.829,0.249,19.1,2.783,0.146,,,9.6,1.179,0.123,,M,
120,120,31134,31134,NOS2_KO,A,Day2,3,MWM_150,2/8/22,54.9,11.694,0.213,0.931,0,0,54.9,15.6,3.474,0.223,8.1,1.401,0.174,10.2,3.113,0.304,21,3.706,0.176,,,11.5,1.463,0.127,,M,
121,121,31135,31135,NOS2_KO,A,Day2,3,MWM_150,2/8/22,9,1.077,0.119,0.272,0,0,9,0,0,<ufunc 'isnan'>,2,0.331,0.168,0,0,<ufunc 'isnan'>,7.1,0.745,0.105,,4,0,0,<ufunc 'isnan'>,,M,
122,122,31124,31124,NOS2_KO,A,Day2,3,MWM_150,2/8/22,60,15.435,0.258,2.27,0,0,60,16.3,5.015,0.307,15,2.725,0.182,15.3,3.388,0.221,13.4,4.307,0.323,,,19.1,4.631,0.242,,F,
123,123,31125,31125,NOS2_KO,A,Day2,3,MWM_150,2/8/22,60,16.425,0.274,5.654,0,0,60,11.7,4.729,0.406,24.1,4.34,0.18,10.6,2.201,0.208,13.5,5.154,0.38,,,34.2,8.175,0.239,,F,
124,124,31130,31130,NOS2_KO,A,Day2,3,MWM_150,2/8/22,5.4,0.241,0.044,0.119,0,0,5.4,0,0,<ufunc 'isnan'>,0,0,<ufunc 'isnan'>,0,0,<ufunc 'isnan'>,5.4,0.241,0.044,,0,0,0,<ufunc 'isnan'>,,F,
125,125,31131,31131,NOS2_KO,A,Day2,3,MWM_150,2/8/22,60,13.656,0.228,0.329,0,0,60,19.7,4.581,0.233,14.3,3.309,0.232,11,2.716,0.248,14.7,3.05,0.207,,,35.3,7.812,0.221,,F,
126,126,31132,31132,NOS2_KO,A,Day2,3,MWM_150,2/8/22,52.1,13.965,0.268,2.607,0,0,52.1,12.9,4.038,0.313,11.8,2.534,0.216,13.2,3.021,0.228,14,4.336,0.309,,,15.8,4.26,0.27,,F,
127,127,B217,217,LRRK2/NOS2,B,Day2,4,MWM_150,2/8/22,60,11.217,0.187,0.339,0,0,60,3.2,0.674,0.209,16.5,2.547,0.155,15,2.957,0.198,25.3,5.039,0.199,,,19.9,2.856,0.144,,F,
128,128,B218,218,LRRK2/NOS2,B,Day2,4,MWM_150,2/8/22,40.1,8.258,0.206,0.378,0,0,40.1,8.4,2.191,0.262,9.9,2.336,0.236,5.4,1.522,0.282,16.4,2.208,0.135,,,9.3,2.249,0.242,,F,
129,129,B219,219,LRRK2/NOS2,B,Day2,4,MWM_150,2/8/22,56.1,12.205,0.217,0.961,0,0,56.1,10.5,2.584,0.246,23.4,5.473,0.233,5.7,1.327,0.232,16.5,2.821,0.171,,,7.3,1.784,0.245,,F,
130,130,B220,220,LRRK2/NOS2,B,Day2,4,MWM_150,2/8/22,8.9,1.018,0.115,0.363,0,0,8.9,0,0,<ufunc 'isnan'>,3.1,0.739,0.241,0,0,<ufunc 'isnan'>,5.8,0.279,0.048,,3.8,1.1,0.245,0.216,,F,
131,131,B209,209,LRRK2/NOS2,B,Day2,4,MWM_150,2/8/22,17,2.655,0.157,0.317,0,0,17,1.1,0.326,0.296,5,0.996,0.198,0,0,<ufunc 'isnan'>,10.8,1.333,0.123,,11.9,0,0,<ufunc 'isnan'>,,F,
132,132,B210,210,LRRK2/NOS2,B,Day2,4,MWM_150,2/8/22,9.4,0.979,0.104,0.302,0,0,9.4,0,0,<ufunc 'isnan'>,1.8,0.369,0.202,0,0,<ufunc 'isnan'>,7.6,0.611,0.08,,4.4,0,0,<ufunc 'isnan'>,,F,
133,133,B211,211,LRRK2/NOS2,B,Day2,4,MWM_150,2/8/22,21.2,3.73,0.176,0.357,0,0,21.2,0,0,<ufunc 'isnan'>,6,1.408,0.234,0,0,<ufunc 'isnan'>,15.1,2.322,0.153,,16.1,3.2,0.514,0.162,,F,
134,134,B212,212,LRRK2/NOS2,B,Day2,4,MWM_150,2/8/22,12.4,1.562,0.126,0.245,0,0,12.4,0,0,<ufunc 'isnan'>,2.8,0.542,0.197,0.4,0.078,0.212,9.2,0.941,0.102,,7.3,0,0,<ufunc 'isnan'>,,F,
135,135,B214,214,LRRK2/NOS2,B,Day2,4,MWM_150,2/8/22,38.6,6.452,0.167,0.307,0,0,38.6,2.3,0.596,0.259,14.1,2.437,0.173,0.8,0.116,0.139,21.3,3.303,0.154,,,8.9,1.852,0.208,,F,
136,136,B213,213,LRRK2/NOS2,B,Day2,4,MWM_150,2/8/22,60,11.717,0.195,0.301,0,0,60,17.1,3.63,0.212,32.8,5.858,0.178,5.3,1.3,0.244,4.7,0.929,0.195,,,14.6,1.601,0.11,,M,
137,137,31133,31133,NOS2_KO,A,Day2,4,MWM_150,2/8/22,60,12.732,0.212,0.288,0,0,60,11.8,2.8,0.237,24.7,4.934,0.2,16.8,3.491,0.208,6.7,1.506,0.226,,,9.6,1.405,0.146,,M,
138,138,31134,31134,NOS2_KO,A,Day2,4,MWM_150,2/8/22,9.7,0.869,0.089,0.295,0,0,9.7,0,0,<ufunc 'isnan'>,3.9,0.567,0.144,0,0,<ufunc 'isnan'>,5.8,0.303,0.052,,4.7,0,0,<ufunc 'isnan'>,,M,
139,139,31135,31135,NOS2_KO,A,Day2,4,MWM_150,2/8/22,60,18.169,0.303,15.999,0,0,60,9.6,3.028,0.317,26.4,6.847,0.259,12.6,2.155,0.17,11,6.093,0.553,,,40.6,10.169,0.251,,M,
140,140,31124,31124,NOS2_KO,A,Day2,4,MWM_150,2/8/22,43.2,7.305,0.169,0.286,0,0,43.2,7.6,1.48,0.195,11.4,2.165,0.19,1.7,0.327,0.189,22.5,3.334,0.148,,,6.4,0.701,0.11,,F,
141,141,31125,31125,NOS2_KO,A,Day2,4,MWM_150,2/8/22,60,10.669,0.178,0.318,0,0,60,14.7,2.637,0.18,25.2,4.049,0.161,9.4,2.008,0.216,10.8,1.974,0.183,,,31.4,4.426,0.141,,F,
142,142,31130,31130,NOS2_KO,A,Day2,4,MWM_150,2/8/22,60,11.254,0.188,0.304,0,0,60,19.9,3.858,0.194,11.8,2.134,0.18,23.8,4.234,0.178,4,0.933,0.235,,,25.4,3.646,0.144,,F,
143,143,31131,31131,NOS2_KO,A,Day2,4,MWM_150,2/8/22,28.8,5.564,0.193,0.321,0,0,28.8,4.2,0.984,0.234,6.5,1.292,0.199,4.3,1.112,0.261,13.9,2.175,0.157,,23.8,18,3.271,0.181,,F,
144,144,31132,31132,NOS2_KO,A,Day2,4,MWM_150,2/8/22,60,15.977,0.266,4.804,0,0,60,23.5,6.582,0.28,11.9,2.478,0.208,16.8,3.789,0.226,7.7,3.127,0.405,,,16.1,4.508,0.281,,F,
145,145,B217,217,LRRK2/NOS2,B,Day3,1,MWM_150,2/9/22,40.3,6.388,0.159,0.307,0,0,40.3,0,0,<ufunc 'isnan'>,21.4,3.793,0.177,0,0,<ufunc 'isnan'>,18.8,2.594,0.138,,,17.6,2.178,0.123,,F,
146,146,B218,218,LRRK2/NOS2,B,Day3,1,MWM_150,2/9/22,37.2,2.985,0.08,0.722,0,0,8.7,0,0,<ufunc 'isnan'>,0,0,<ufunc 'isnan'>,0,0,<ufunc 'isnan'>,37.2,2.985,0.08,,,0,0,<ufunc 'isnan'>,,F,
147,147,B219,219,LRRK2/NOS2,B,Day3,1,MWM_150,2/9/22,54.7,12,0.22,0.355,0,0,54.7,9.2,2.362,0.258,25.6,5.677,0.222,5.2,1.602,0.308,14.8,2.359,0.159,,,0,0,<ufunc 'isnan'>,,F,
148,148,B220,220,LRRK2/NOS2,B,Day3,1,MWM_150,2/9/22,35.3,7.994,0.227,0.333,0,0,35.3,10.7,2.925,0.274,10.2,2.53,0.249,2.1,0.622,0.301,12.4,1.917,0.155,,,3.3,0.739,0.226,,F,
149,149,B209,209,LRRK2/NOS2,B,Day3,1,MWM_150,2/9/22,9.6,1.226,0.128,0.325,0,0,9.6,0,0,<ufunc 'isnan'>,2.9,0.69,0.24,0,0,<ufunc 'isnan'>,6.7,0.537,0.08,,4.6,1.1,0.234,0.213,,F,
150,150,B210,210,LRRK2/NOS2,B,Day3,1,MWM_150,2/9/22,60,12.778,0.213,0.33,0,0,60,12.7,3.184,0.251,18,3.532,0.196,18.3,3.557,0.194,11,2.503,0.227,,,18.2,2.681,0.148,,F,
151,151,B211,211,LRRK2/NOS2,B,Day3,1,MWM_150,2/9/22,9.6,1.035,0.107,0.27,0,0,9.6,0,0,<ufunc 'isnan'>,3.8,0.746,0.198,0,0,<ufunc 'isnan'>,5.9,0.289,0.049,,4.6,0,0,<ufunc 'isnan'>,,F,
152,152,B212,212,LRRK2/NOS2,B,Day3,1,MWM_150,2/9/22,14.6,1.366,0.093,0.31,0,0,14.6,0,0,<ufunc 'isnan'>,8.8,1.081,0.123,0,0,<ufunc 'isnan'>,5.8,0.285,0.049,,9.6,0,0,<ufunc 'isnan'>,,F,
153,153,B214,214,LRRK2/NOS2,B,Day3,1,MWM_150,2/9/22,29,3.793,0.131,0.288,0,0,29,3.6,0.756,0.208,17,2.422,0.143,0.1,0.039,0.288,8.2,0.577,0.07,,23.9,2.2,0.399,0.179,,F,
154,154,B213,213,LRRK2/NOS2,B,Day3,1,MWM_150,2/9/22,60,11.06,0.184,0.311,0,0,60,14.8,2.531,0.171,29.7,6.066,0.204,5.9,1.155,0.195,9.6,1.306,0.136,,,19.8,2.13,0.108,,M,
155,155,31133,31133,NOS2_KO,A,Day3,1,MWM_150,2/9/22,60,12.891,0.214,0.313,0,0,60,9.5,2.27,0.238,18.7,3.798,0.203,16.5,3.669,0.222,15.2,3.156,0.208,,,15.8,2.659,0.169,,M,
156,156,31134,31134,NOS2_KO,A,Day3,1,MWM_150,2/9/22,60,12.256,0.204,0.348,0,0,60,6.3,1.555,0.244,12,2.41,0.201,15.8,3.428,0.216,25.7,4.862,0.189,,,21.8,3.542,0.162,,M,
157,157,31135,31135,NOS2_KO,A,Day3,1,MWM_150,2/9/22,13.6,1.695,0.125,0.237,0,0,13.6,0,0,<ufunc 'isnan'>,4.4,0.821,0.186,0,0,<ufunc 'isnan'>,9.1,0.873,0.096,,8.5,2.4,0.416,0.176,,M,
158,158,31124,31124,NOS2_KO,A,Day3,1,MWM_150,2/9/22,60,12.947,0.216,0.306,0,0,60,10.9,2.47,0.227,23.1,5.193,0.225,13.9,2.541,0.184,12.1,2.744,0.226,,,24.4,5.214,0.214,,F,
159,159,31125,31125,NOS2_KO,A,Day3,1,MWM_150,2/9/22,43.7,8.309,0.19,0.296,0,0,43.7,12.6,2.457,0.195,10,2.332,0.234,8.6,1.747,0.203,12.4,1.773,0.143,,,15.3,2.661,0.173,,F,
160,160,31130,31130,NOS2_KO,A,Day3,1,MWM_150,2/9/22,60,11.848,0.197,0.324,0,0,60,23.4,4.71,0.201,18.1,3.688,0.203,4.7,1.158,0.247,13.5,2.25,0.167,,,28.3,4.348,0.153,,F,
161,161,31131,31131,NOS2_KO,A,Day3,1,MWM_150,2/9/22,60,12.548,0.209,0.32,0,0,60,9.6,2.23,0.233,32.2,5.669,0.176,9.3,2.342,0.252,9,2.307,0.258,,,35.8,6.758,0.189,,F,
162,162,31132,31132,NOS2_KO,A,Day3,1,MWM_150,2/9/22,12.8,1.867,0.146,0.422,0,0,12.8,0,0,<ufunc 'isnan'>,3.4,0.676,0.196,1,0.134,0.138,8.4,1.058,0.126,,7.7,0,0,<ufunc 'isnan'>,,F,
163,163,B217,217,LRRK2/NOS2,B,Day3,2,MWM_150,2/9/22,60,16.336,0.272,4.814,0,0,60,27.1,6.988,0.258,15.1,2.715,0.18,9.7,2.047,0.212,8.2,4.586,0.562,,,13.8,4.706,0.341,,F,
164,164,B218,218,LRRK2/NOS2,B,Day3,2,MWM_150,2/9/22,39.5,8.468,0.215,0.344,0,0,39.5,11.1,2.42,0.217,11.6,3.007,0.26,6.7,1.803,0.27,10.1,1.239,0.122,,,5.7,1.073,0.186,,F,
165,165,B219,219,LRRK2/NOS2,B,Day3,2,MWM_150,2/9/22,20.8,4.185,0.201,0.369,0,0,20.8,3.1,0.787,0.251,2.6,0.708,0.272,4.3,1.199,0.281,10.8,1.491,0.138,,15.7,0,0,<ufunc 'isnan'>,,F,
166,166,B220,220,LRRK2/NOS2,B,Day3,2,MWM_150,2/9/22,52.2,12.286,0.235,0.376,0,0,52.2,14.9,4.048,0.272,13,3.699,0.285,7.7,2.044,0.268,16.7,2.493,0.15,,,5.1,1.317,0.258,,F,
167,167,B209,209,LRRK2/NOS2,B,Day3,2,MWM_150,2/9/22,19,3.831,0.202,0.344,0,0,19,3.3,0.883,0.269,1.4,0.348,0.255,4,1.213,0.301,10.3,1.388,0.134,,13.9,1.4,0.453,0.323,,F,
168,168,B210,210,LRRK2/NOS2,B,Day3,2,MWM_150,2/9/22,19.9,2.824,0.142,0.278,0,0,19.9,2.3,0.331,0.146,1.9,0.405,0.213,1.3,0.216,0.162,14.4,1.872,0.13,,14.9,2.9,0.438,0.151,,F,
169,169,B211,211,LRRK2/NOS2,B,Day3,2,MWM_150,2/9/22,11.9,1.809,0.152,0.363,0,0,11.9,1,0.194,0.201,0.3,0.045,0.17,1.7,0.56,0.323,8.9,1.01,0.113,,6.8,0,0,<ufunc 'isnan'>,,F,
170,170,B212,212,LRRK2/NOS2,B,Day3,2,MWM_150,2/9/22,9.1,1.156,0.126,0.324,0,0,9.1,0.9,0.191,0.21,0,0,<ufunc 'isnan'>,2.5,0.712,0.289,5.8,0.253,0.044,,4.1,0,0,<ufunc 'isnan'>,,F,
171,171,B214,214,LRRK2/NOS2,B,Day3,2,MWM_150,2/9/22,60,12.632,0.211,0.332,0,0,60,17.7,3.485,0.198,11.7,2.608,0.222,17.9,3.764,0.21,12.7,2.774,0.219,,,1.9,0.192,0.103,,F,
172,172,B213,213,LRRK2/NOS2,B,Day3,2,MWM_150,2/9/22,60,10.598,0.177,0.304,0,0,60,28.5,4.551,0.16,14.1,2.708,0.192,10.9,2.196,0.2,6.4,1.142,0.177,,,22,2.292,0.104,,M,
173,173,31133,31133,NOS2_KO,A,Day3,2,MWM_150,2/9/22,15.1,1.882,0.125,0.294,0,0,15.1,7.6,1.181,0.155,0,0,<ufunc 'isnan'>,1.5,0.412,0.281,6,0.288,0.048,,10,2.8,0.257,0.093,,M,
174,174,31134,31134,NOS2_KO,A,Day3,2,MWM_150,2/9/22,26,4.949,0.19,0.338,0,0,26,5.8,1.326,0.23,2.1,0.495,0.236,5.9,1.627,0.276,12.3,1.502,0.122,,21,3.7,0.653,0.177,,M,
175,175,31135,31135,NOS2_KO,A,Day3,2,MWM_150,2/9/22,60,14.935,0.249,9.352,0,0,60,19.6,4.127,0.21,9.6,3.299,0.343,16.8,3.266,0.195,14.1,4.242,0.302,,,35.8,8.101,0.226,,M,
176,176,31124,31124,NOS2_KO,A,Day3,2,MWM_150,2/9/22,10.1,1.145,0.114,0.283,0,0,10.1,2.1,0.402,0.191,0,0,<ufunc 'isnan'>,1.6,0.383,0.244,6.4,0.361,0.056,,5,0,0,<ufunc 'isnan'>,,F,
177,177,31125,31125,NOS2_KO,A,Day3,2,MWM_150,2/9/22,17.6,2.84,0.161,0.288,0,0,17.6,6.3,1.225,0.193,0,0,<ufunc 'isnan'>,4.6,1.061,0.231,6.7,0.554,0.083,,12.5,4.2,0.676,0.162,,F,
178,178,31130,31130,NOS2_KO,A,Day3,2,MWM_150,2/9/22,60,13.564,0.226,0.324,0,0,60,19.9,4.296,0.216,13.1,2.88,0.219,10.9,2.846,0.262,16.1,3.542,0.219,,,15.3,2.144,0.14,,F,
179,179,31131,31131,NOS2_KO,A,Day3,2,MWM_150,2/9/22,60,11.612,0.193,0.324,0,0,60,13.5,2.764,0.205,8.1,1.44,0.177,15.8,3.256,0.205,22.3,4.1,0.183,,,29.7,4.518,0.153,,F,
180,180,31132,31132,NOS2_KO,A,Day3,2,MWM_150,2/9/22,23.3,4.776,0.205,0.853,0,0,23.3,5.7,1.261,0.223,4,0.961,0.242,4.6,1.202,0.261,9.1,1.352,0.149,,18.3,5.5,1.287,0.235,,F,
181,181,B217,217,LRRK2/NOS2,B,Day3,3,MWM_150,2/9/22,38.7,6.728,0.174,0.556,0,0,38.7,6.6,1.545,0.229,0,0,<ufunc 'isnan'>,11.4,2.637,0.232,20.6,2.546,0.123,,,1.9,0.404,0.213,,F,
182,182,B218,218,LRRK2/NOS2,B,Day3,3,MWM_150,2/9/22,60,13.562,0.226,0.321,0,0,60,20,4.679,0.234,11.1,2.709,0.242,19.4,3.904,0.201,9.3,2.27,0.243,,,9.5,1.76,0.185,,F,
183,183,B219,219,LRRK2/NOS2,B,Day3,3,MWM_150,2/9/22,19.7,3.757,0.19,0.404,0,0,19.7,4.3,0.987,0.228,2.5,0.679,0.275,2.5,0.653,0.265,10.5,1.439,0.138,,14.7,0,0,<ufunc 'isnan'>,,F,
184,184,B220,220,LRRK2/NOS2,B,Day3,3,MWM_150,2/9/22,9.2,1.266,0.137,0.342,0,0,9.2,0,0,<ufunc 'isnan'>,0,0,<ufunc 'isnan'>,3.2,0.844,0.261,6,0.422,0.07,,4.1,0,0,<ufunc 'isnan'>,,F,
185,185,B209,209,LRRK2/NOS2,B,Day3,3,MWM_150,2/9/22,23.8,4.571,0.192,0.373,0,0,23.8,0,0,<ufunc 'isnan'>,1.6,0.363,0.232,7.6,1.754,0.232,14.7,2.453,0.167,,18.7,5.9,1.131,0.191,,F,
186,186,B210,210,LRRK2/NOS2,B,Day3,3,MWM_150,2/9/22,13.7,1.728,0.126,0.334,0,0,13.7,0,0,<ufunc 'isnan'>,0,0,<ufunc 'isnan'>,4.5,1.075,0.239,9.2,0.653,0.071,,8.7,0,0,<ufunc 'isnan'>,,F,
187,187,B211,211,LRRK2/NOS2,B,Day3,3,MWM_150,2/9/22,40.6,8.239,0.203,0.32,0,0,40.6,7,1.505,0.213,6.9,1.645,0.239,14.4,3.447,0.24,12.3,1.642,0.134,,,3.5,0.389,0.11,,F,
188,188,B212,212,LRRK2/NOS2,B,Day3,3,MWM_150,2/9/22,16.4,2.274,0.138,0.303,0,0,16.4,4.4,1.091,0.246,0.6,0.168,0.298,4.8,0.555,0.115,6.6,0.459,0.069,,11.4,2.9,0.207,0.071,,F,
189,189,B214,214,LRRK2/NOS2,B,Day3,3,MWM_150,2/9/22,20.2,2.528,0.125,1.331,0,0,20.2,0,0,<ufunc 'isnan'>,0,0,<ufunc 'isnan'>,13.5,1.6,0.119,6.8,0.928,0.137,,15.2,0,0,<ufunc 'isnan'>,,F,
190,190,B213,213,LRRK2/NOS2,B,Day3,3,MWM_150,2/9/22,60,10.514,0.175,0.312,0,0,60,3.1,0.699,0.223,11.8,2.405,0.204,34.5,5.357,0.155,10.5,2.054,0.194,,,12.9,1.055,0.082,,M,
191,191,31133,31133,NOS2_KO,A,Day3,3,MWM_150,2/9/22,16.1,2.394,0.149,0.302,0,0,16.1,4.9,0.94,0.193,0,0,<ufunc 'isnan'>,5,1.139,0.227,6.2,0.314,0.051,,11,3.8,0.637,0.166,,M,
192,192,31134,31134,NOS2_KO,A,Day3,3,MWM_150,2/9/22,60,13.183,0.22,0.402,0,0,60,0.7,0.147,0.2,15.1,2.998,0.199,22.6,5.213,0.23,21.5,4.826,0.224,,,14,2.029,0.145,,M,
193,193,31135,31135,NOS2_KO,A,Day3,3,MWM_150,2/9/22,60,11.63,0.193,0.303,0,0,60,8,1.722,0.218,11.2,2.349,0.211,17.7,3.292,0.186,22.9,4.22,0.184,,,26.2,4.869,0.185,,M,
194,194,31124,31124,NOS2_KO,A,Day3,3,MWM_150,2/9/22,16.9,2.647,0.157,0.343,0,0,16.9,0,0,<ufunc 'isnan'>,0,0,<ufunc 'isnan'>,5.3,1.254,0.235,11.5,1.393,0.121,,11.8,2.8,0.552,0.199,,F,
195,195,31125,31125,NOS2_KO,A,Day3,3,MWM_150,2/9/22,39.8,6.886,0.173,0.33,0,0,39.8,4.9,0.799,0.162,14.3,3.056,0.213,10,2.278,0.23,10.6,0.752,0.072,,,12,1.694,0.142,,F,
196,196,31130,31130,NOS2_KO,A,Day3,3,MWM_150,2/9/22,9.5,0.958,0.101,0.272,0,0,9.5,0,0,<ufunc 'isnan'>,0.8,0.199,0.239,1.4,0.229,0.162,7.2,0.53,0.073,,4.4,0,0,<ufunc 'isnan'>,,F,
197,197,31131,31131,NOS2_KO,A,Day3,3,MWM_150,2/9/22,60,12.688,0.212,0.331,0,0,60,7.7,2.054,0.266,17.4,3.686,0.212,9.9,2.358,0.238,25,4.589,0.184,,,26.9,4.126,0.153,,F,
198,198,31132,31132,NOS2_KO,A,Day3,3,MWM_150,2/9/22,6,1.491,0.248,1.563,0,0,6,0,0,<ufunc 'isnan'>,0,0,<ufunc 'isnan'>,0,0,<ufunc 'isnan'>,6,1.491,0.248,,1,0.9,0.528,0.587,,F,
199,199,B217,217,LRRK2/NOS2,B,Day3,4,MWM_150,2/9/22,6.4,0.233,0.037,0.188,0,0,6.4,0,0,<ufunc 'isnan'>,0,0,<ufunc 'isnan'>,0,0,<ufunc 'isnan'>,6.4,0.233,0.037,,1.3,0,0,<ufunc 'isnan'>,,F,
200,200,B218,218,LRRK2/NOS2,B,Day3,4,MWM_150,2/9/22,17.3,1.844,0.107,0.267,0,0,17.3,0,0,<ufunc 'isnan'>,6.5,0.914,0.141,0.6,0.079,0.124,10.2,0.851,0.083,,12.3,0,0,<ufunc 'isnan'>,,F,
201,201,B219,219,LRRK2/NOS2,B,Day3,4,MWM_150,2/9/22,5.6,0.288,0.052,0.114,0,0,5.6,0,0,<ufunc 'isnan'>,0,0,<ufunc 'isnan'>,0,0,<ufunc 'isnan'>,5.6,0.288,0.052,,0.5,0,0,<ufunc 'isnan'>,,F,
202,202,B220,220,LRRK2/NOS2,B,Day3,4,MWM_150,2/9/22,22.4,4.458,0.199,0.362,0,0,22.4,4.4,1.183,0.269,5.9,1.604,0.27,6.1,1.511,0.246,6,0.161,0.027,,17.4,0.7,0.096,0.143,,F,
203,203,B209,209,LRRK2/NOS2,B,Day3,4,MWM_150,2/9/22,17.7,2.381,0.135,0.331,0,0,17.7,0,0,<ufunc 'isnan'>,0,0,<ufunc 'isnan'>,4,0.608,0.151,13.7,1.774,0.13,,12.6,6.1,0.927,0.152,,F,
204,204,B210,210,LRRK2/NOS2,B,Day3,4,MWM_150,2/9/22,33.6,5.196,0.155,0.316,0,0,33.6,1.5,0.32,0.209,7,1.247,0.177,7.6,1.369,0.18,17.4,2.26,0.129,,28.5,2.2,0.228,0.104,,F,
205,205,B211,211,LRRK2/NOS2,B,Day3,4,MWM_150,2/9/22,10.5,1.416,0.135,0.328,0,0,10.5,0,0,<ufunc 'isnan'>,1.1,0.255,0.232,0,0,<ufunc 'isnan'>,9.4,1.161,0.124,,5.4,0,0,<ufunc 'isnan'>,,F,
206,206,B212,212,LRRK2/NOS2,B,Day3,4,MWM_150,2/9/22,5.6,0.167,0.03,0.131,0,0,5.6,0,0,<ufunc 'isnan'>,0,0,<ufunc 'isnan'>,0,0,<ufunc 'isnan'>,5.6,0.167,0.03,,0.5,0,0,<ufunc 'isnan'>,,F,
207,207,B214,214,LRRK2/NOS2,B,Day3,4,MWM_150,2/9/22,31.7,3.839,0.121,0.307,0,0,31.7,5.3,0.839,0.158,8.8,1.288,0.146,2.2,0.17,0.079,15.4,1.542,0.101,,26.6,3.8,0.463,0.122,,F,
208,208,B213,213,LRRK2/NOS2,B,Day3,4,MWM_150,2/9/22,52.7,10.441,0.198,0.326,0,0,52.7,13.3,3.168,0.239,15.7,2.991,0.191,9.5,1.86,0.196,14.3,2.421,0.17,,,5.2,0.619,0.121,,M,
209,209,31133,31133,NOS2_KO,A,Day3,4,MWM_150,2/9/22,33.7,6.131,0.182,0.322,0,0,33.7,5.2,1.387,0.267,1.7,0.227,0.136,3.7,0.89,0.238,23.1,3.627,0.157,,28.6,6.4,1.083,0.168,,M,
210,210,31134,31134,NOS2_KO,A,Day3,4,MWM_150,2/9/22,6.2,0.38,0.061,0.286,0,0,6.2,0,0,<ufunc 'isnan'>,0,0,<ufunc 'isnan'>,0,0,<ufunc 'isnan'>,6.2,0.38,0.061,,1.2,0,0,<ufunc 'isnan'>,,M,
211,211,31135,31135,NOS2_KO,A,Day3,4,MWM_150,2/9/22,60,18.968,0.316,6.752,0,0,60,18.7,5.612,0.3,18.8,4.868,0.258,9,1.95,0.216,13.2,6.537,0.494,,,28.5,8.297,0.291,,M,
212,212,31124,31124,NOS2_KO,A,Day3,4,MWM_150,2/9/22,27,4.927,0.183,0.324,0,0,27,0,0,<ufunc 'isnan'>,6.1,1.068,0.175,6.1,1.555,0.254,14.7,2.304,0.156,,21.9,3.5,0.453,0.128,,F,
213,213,31125,31125,NOS2_KO,A,Day3,4,MWM_150,2/9/22,60,11.984,0.199,0.332,0,0,60,10.2,2.652,0.261,23.3,4.307,0.185,8.6,1.612,0.188,18,3.412,0.19,,,15.9,2.339,0.147,,F,
214,214,31130,31130,NOS2_KO,A,Day3,4,MWM_150,2/9/22,46.1,8.302,0.18,0.303,0,0,46.1,7.8,1.433,0.183,3.7,0.997,0.269,6.5,1.428,0.221,28.1,4.444,0.158,,,7,0.725,0.103,,F,
215,215,31131,31131,NOS2_KO,A,Day3,4,MWM_150,2/9/22,5.9,0.214,0.037,0.219,0,0,5.9,0,0,<ufunc 'isnan'>,0,0,<ufunc 'isnan'>,0,0,<ufunc 'isnan'>,5.9,0.214,0.037,,0.8,0,0,<ufunc 'isnan'>,,F,
216,216,31132,31132,NOS2_KO,A,Day3,4,MWM_150,2/9/22,25.5,4.778,0.187,0.299,0,0,25.5,8.2,1.929,0.234,1.9,0.327,0.169,4.5,0.916,0.205,10.9,1.605,0.148,,20.5,2.5,0.443,0.177,,F,
217,217,B217,217,LRRK2/NOS2,B,Day4,1,MWM_150,2/10/22,11.6,1.182,0.102,0.26,1,3.1,11.6,0,0,<ufunc 'isnan'>,0,0,<ufunc 'isnan'>,5.7,0.947,0.166,5.8,0.235,0.04,,6.5,0,0,<ufunc 'isnan'>,,F,
218,218,B218,218,LRRK2/NOS2,B,Day4,1,MWM_150,2/10/22,17,2.637,0.155,0.32,1,2.4,17,0,0,<ufunc 'isnan'>,0,0,<ufunc 'isnan'>,9.6,1.964,0.205,7.4,0.673,0.091,,12,0,0,<ufunc 'isnan'>,,F,
219,219,B219,219,LRRK2/NOS2,B,Day4,1,MWM_150,2/10/22,9,1.132,0.125,0.363,0,0,9,0,0,<ufunc 'isnan'>,0,0,<ufunc 'isnan'>,2.7,0.722,0.27,6.4,0.411,0.065,,4,0,0,<ufunc 'isnan'>,,F,
220,220,B220,220,LRRK2/NOS2,B,Day4,1,MWM_150,2/10/22,12.4,2.191,0.177,0.387,0,0,12.4,4.3,1.276,0.299,0,0,<ufunc 'isnan'>,2.1,0.552,0.257,6,0.362,0.061,,7.3,0,0,<ufunc 'isnan'>,,F,
221,221,B209,209,LRRK2/NOS2,B,Day4,1,MWM_150,2/10/22,8.3,0.959,0.116,0.367,0,0,8.3,0,0,<ufunc 'isnan'>,0,0,<ufunc 'isnan'>,2.4,0.593,0.246,5.8,0.367,0.063,,3.2,0,0,<ufunc 'isnan'>,,F,
222,222,B210,210,LRRK2/NOS2,B,Day4,1,MWM_150,2/10/22,15.5,1.76,0.114,0.27,0,0,15.5,0,0,<ufunc 'isnan'>,0,0,<ufunc 'isnan'>,9.2,1.315,0.143,6.3,0.445,0.071,,10.4,1,0.136,0.136,,F,
223,223,B211,211,LRRK2/NOS2,B,Day4,1,MWM_150,2/10/22,43.9,10.137,0.231,0.368,0,0,43.9,6.4,1.92,0.3,4.3,1.289,0.302,16.8,4.171,0.248,16.5,2.758,0.167,,,5.3,1.113,0.209,,F,
224,224,B212,212,LRRK2/NOS2,B,Day4,1,MWM_150,2/10/22,21.8,3.471,0.159,0.318,0,0,21.8,0,0,<ufunc 'isnan'>,3.7,0.655,0.179,4.4,0.871,0.199,13.7,1.944,0.142,,16.7,0,0,<ufunc 'isnan'>,,F,
225,225,B214,214,LRRK2/NOS2,B,Day4,1,MWM_150,2/10/22,28,3.463,0.124,0.283,0,0,28,3.6,0.659,0.183,0.3,0.049,0.148,10.9,1.246,0.115,13.1,1.509,0.115,,22.9,0.5,0.038,0.071,,F,
226,226,B213,213,LRRK2/NOS2,B,Day4,1,MWM_150,2/10/22,60,11.717,0.196,0.33,0,0,60,15.1,3.356,0.221,11.2,2.304,0.207,13.6,2.729,0.201,20.1,3.328,0.165,,,15.9,2.317,0.145,,M,
227,227,31133,31133,NOS2_KO,A,Day4,1,MWM_150,2/10/22,16.6,2.636,0.159,0.315,0,0,16.6,1.6,0.431,0.264,5.7,1.302,0.227,1.9,0.398,0.212,7.4,0.505,0.069,,11.6,2.2,0.352,0.158,,M,
228,228,31134,31134,NOS2_KO,A,Day4,1,MWM_150,2/10/22,19,3.216,0.169,0.307,0,0,19,0.8,0.135,0.162,0.3,0.082,0.307,10.4,2.283,0.22,7.5,0.716,0.095,,14,1.3,0.195,0.15,,M,
229,229,31135,31135,NOS2_KO,A,Day4,1,MWM_150,2/10/22,60,11.949,0.199,0.272,0,0,60,13,2.694,0.208,15.8,3.093,0.197,15.3,2.75,0.18,16.1,3.412,0.212,,,30.2,5.64,0.187,,M,
230,230,31124,31124,NOS2_KO,A,Day4,1,MWM_150,2/10/22,28.4,5.192,0.183,0.322,0,0,28.4,2.9,0.769,0.262,2.6,0.639,0.249,8.2,1.727,0.21,14.6,2.057,0.141,,23.3,5.9,1.129,0.191,,F,
231,231,31125,31125,NOS2_KO,A,Day4,1,MWM_150,2/10/22,10.8,1.108,0.102,0.297,0,0,10.8,0,0,<ufunc 'isnan'>,0,0,<ufunc 'isnan'>,1.3,0.246,0.193,9.5,0.862,0.09,,5.7,2.2,0.224,0.102,,F,
232,232,31130,31130,NOS2_KO,A,Day4,1,MWM_150,2/10/22,21.5,3.413,0.159,0.327,0,0,21.5,4.1,0.89,0.215,3,0.686,0.231,3.9,0.713,0.183,10.5,1.124,0.107,,16.4,1.4,0.179,0.128,,F,
233,233,31131,31131,NOS2_KO,A,Day4,1,MWM_150,2/10/22,16.8,2.742,0.163,0.306,0,0,16.8,0,0,<ufunc 'isnan'>,0,0,<ufunc 'isnan'>,7.1,1.474,0.206,9.6,1.268,0.132,,11.7,1.4,0.322,0.226,,F,
234,234,31132,31132,NOS2_KO,A,Day4,1,MWM_150,2/10/22,60,11.813,0.196,0.301,0,0,60,13.1,2.875,0.22,5.9,1.226,0.208,27.6,5.206,0.189,13.3,2.505,0.188,,,7.4,1.296,0.175,,F,
235,235,B217,217,LRRK2/NOS2,B,Day4,2,MWM_150,2/10/22,52.6,9.608,0.182,0.307,0,0,52.6,11.4,2.394,0.21,11,2.375,0.216,10,1.861,0.186,20.3,2.978,0.147,,,3.3,0.602,0.18,,F,
236,236,B218,218,LRRK2/NOS2,B,Day4,2,MWM_150,2/10/22,60,14.336,0.239,0.344,0,0,60,10.9,2.701,0.249,23.4,5.57,0.238,9.7,2.429,0.251,16.1,3.636,0.226,,,7.6,1.181,0.156,,F,
237,237,B219,219,LRRK2/NOS2,B,Day4,2,MWM_150,2/10/22,15.6,2.381,0.152,0.335,0,0,15.6,0.6,0.098,0.163,4.8,1.307,0.272,0.3,0.05,0.166,9.9,0.926,0.094,,10.6,0,0,<ufunc 'isnan'>,,F,
238,238,B220,220,LRRK2/NOS2,B,Day4,2,MWM_150,2/10/22,23.7,5.247,0.222,0.357,0,0,23.7,2.9,0.837,0.289,3.8,1.039,0.271,3.4,1.006,0.293,13.5,2.365,0.175,,18.6,0,0,<ufunc 'isnan'>,,F,
239,239,B209,209,LRRK2/NOS2,B,Day4,2,MWM_150,2/10/22,12.8,2.15,0.168,0.358,0,0,12.8,1,0.317,0.328,3.5,0.931,0.263,0.2,0.053,0.319,8.1,0.849,0.105,,7.7,0,0,<ufunc 'isnan'>,,F,
240,240,B210,210,LRRK2/NOS2,B,Day4,2,MWM_150,2/10/22,29.9,4.669,0.156,0.331,0,0,29.9,4.7,0.948,0.2,12.8,2.285,0.179,0,0,<ufunc 'isnan'>,12.4,1.435,0.116,,24.8,4,0.449,0.112,,F,
241,241,B211,211,LRRK2/NOS2,B,Day4,2,MWM_150,2/10/22,60,15.554,0.259,0.352,0,0,60,10.3,2.793,0.271,13.9,3.752,0.271,11.2,3.003,0.268,24.6,6.005,0.244,,,4.4,0.863,0.195,,F,
242,242,B212,212,LRRK2/NOS2,B,Day4,2,MWM_150,2/10/22,60,13.854,0.231,0.345,0,0,60,4.7,1.19,0.256,14.8,3.254,0.219,16.2,3.741,0.231,24.3,5.669,0.233,,,6.8,1.454,0.214,,F,
243,243,B214,214,LRRK2/NOS2,B,Day4,2,MWM_150,2/10/22,60,11.82,0.197,0.29,0,0,60,5.6,1.272,0.227,11.4,2.084,0.182,22.5,4.325,0.191,20.3,4.138,0.203,,,7.7,1.458,0.188,,F,
244,244,B213,213,LRRK2/NOS2,B,Day4,2,MWM_150,2/10/22,22.9,3.164,0.138,0.308,1,2.6,22.9,2.2,0.52,0.233,8.2,1.3,0.159,6.4,1.094,0.17,6.1,0.251,0.041,,17.9,2.8,0.213,0.075,,M,
245,245,31133,31133,NOS2_KO,A,Day4,2,MWM_150,2/10/22,11.8,1.738,0.147,0.341,0,0,11.8,0,0,<ufunc 'isnan'>,1.4,0.281,0.195,1.3,0.328,0.259,9.1,1.128,0.124,,6.8,0,0,<ufunc 'isnan'>,,M,
246,246,31134,31134,NOS2_KO,A,Day4,2,MWM_150,2/10/22,15.6,2.503,0.161,0.312,0,0,15.6,0,0,<ufunc 'isnan'>,6,1.479,0.246,0,0,<ufunc 'isnan'>,9.6,1.024,0.107,,10.5,1,0.187,0.181,,M,
247,247,31135,31135,NOS2_KO,A,Day4,2,MWM_150,2/10/22,60,11.634,0.194,0.251,1,6.4,60,7.4,1.534,0.208,16.3,3.085,0.19,14.3,2.941,0.205,21.7,4.028,0.185,,,33.6,6.412,0.191,,M,
248,248,31124,31124,NOS2_KO,A,Day4,2,MWM_150,2/10/22,31.5,6.04,0.192,0.294,0,0,31.5,4.3,1.135,0.264,11.1,2.342,0.211,4.6,1.09,0.239,11.5,1.473,0.128,,26.4,19.4,4.39,0.227,,F,
249,249,31125,31125,NOS2_KO,A,Day4,2,MWM_150,2/10/22,31.8,5.954,0.187,0.302,0,0,31.8,5.7,1.177,0.208,5.5,1.288,0.232,4.6,1.068,0.234,16,2.421,0.15,,26.8,7,1.26,0.181,,F,
250,250,31130,31130,NOS2_KO,A,Day4,2,MWM_150,2/10/22,8,0.761,0.095,0.314,0,0,8,0,0,<ufunc 'isnan'>,2.2,0.459,0.209,0,0,<ufunc 'isnan'>,5.8,0.302,0.052,,3,0,0,<ufunc 'isnan'>,,F,
251,251,31131,31131,NOS2_KO,A,Day4,2,MWM_150,2/10/22,18.7,3.339,0.179,0.355,0,0,18.7,2.1,0.673,0.326,4,0.901,0.227,3.4,0.772,0.229,9.3,0.992,0.107,,13.7,1.9,0.363,0.194,,F,
252,252,31132,31132,NOS2_KO,A,Day4,2,MWM_150,2/10/22,10.5,1.21,0.115,0.269,0,0,10.5,0,0,<ufunc 'isnan'>,4.4,0.999,0.227,0,0,<ufunc 'isnan'>,6.1,0.211,0.035,,5.4,0,0,<ufunc 'isnan'>,,F,
253,253,B217,217,LRRK2/NOS2,B,Day4,3,MWM_150,2/10/22,60,9.322,0.156,0.281,0,0,60,20.6,3.29,0.16,2.3,0.484,0.212,27.9,3.984,0.143,9.2,1.562,0.168,,,1.3,0.19,0.15,,F,
254,254,B218,218,LRRK2/NOS2,B,Day4,3,MWM_150,2/10/22,13.1,1.894,0.145,0.341,0,0,13.1,3.3,0.558,0.17,0,0,<ufunc 'isnan'>,3.9,0.99,0.254,5.9,0.346,0.059,,8,0,0,<ufunc 'isnan'>,,F,
255,255,B219,219,LRRK2/NOS2,B,Day4,3,MWM_150,2/10/22,18.4,3.421,0.186,0.408,0,0,18.4,2.6,0.597,0.228,1.9,0.453,0.242,4.2,1.18,0.283,9.7,1.192,0.123,,13.3,0,0,<ufunc 'isnan'>,,F,
256,256,B220,220,LRRK2/NOS2,B,Day4,3,MWM_150,2/10/22,14.5,2.288,0.158,0.401,0,0,14.5,3.3,0.789,0.238,1.7,0.347,0.2,0.4,0.174,0.401,9,0.979,0.109,,9.4,0,0,<ufunc 'isnan'>,,F,
257,257,B209,209,LRRK2/NOS2,B,Day4,3,MWM_150,2/10/22,26.8,4.914,0.183,0.379,0,0,26.8,1.7,0.405,0.237,6.7,1.767,0.262,5.4,1.041,0.194,13,1.7,0.131,,21.8,0,0,<ufunc 'isnan'>,,F,
258,258,B210,210,LRRK2/NOS2,B,Day4,3,MWM_150,2/10/22,21.8,2.463,0.113,0.307,0,0,21.8,5.9,0.75,0.126,2.7,0.493,0.181,5.6,0.672,0.121,7.5,0.548,0.073,,16.7,0,0,<ufunc 'isnan'>,,F,
259,259,B211,211,LRRK2/NOS2,B,Day4,3,MWM_150,2/10/22,9.9,1.112,0.113,0.692,0,0,9.9,1.4,0.303,0.218,0,0,<ufunc 'isnan'>,0.1,0.046,0.692,8.4,0.764,0.091,,4.8,0,0,<ufunc 'isnan'>,,F,
260,260,B212,212,LRRK2/NOS2,B,Day4,3,MWM_150,2/10/22,29.8,3.927,0.132,0.306,0,0,29.8,5.2,1.141,0.219,0.6,0.154,0.257,3.8,0.807,0.211,20.1,1.824,0.091,,24.7,0,0,<ufunc 'isnan'>,,F,
261,261,B214,214,LRRK2/NOS2,B,Day4,3,MWM_150,2/10/22,35.5,4.414,0.124,0.274,0,0,35.5,14.8,1.548,0.105,4.8,0.625,0.131,4.2,0.817,0.196,11.8,1.424,0.121,,,0,0,<ufunc 'isnan'>,,F,
262,262,B213,213,LRRK2/NOS2,B,Day4,3,MWM_150,2/10/22,28.1,3.51,0.125,0.319,1,2.7,28.1,10.3,1.528,0.148,7.5,1.448,0.194,0,0,<ufunc 'isnan'>,10.3,0.533,0.052,,23,3.4,0.446,0.131,,M,
263,263,31133,31133,NOS2_KO,A,Day4,3,MWM_150,2/10/22,15.8,2.686,0.17,0.345,0,0,15.8,4.3,0.971,0.229,2,0.571,0.29,2.3,0.641,0.275,7.2,0.503,0.069,,10.8,0,0,<ufunc 'isnan'>,,M,
264,264,31134,31134,NOS2_KO,A,Day4,3,MWM_150,2/10/22,50.6,9.119,0.181,0.314,0,0,50.6,13.6,2.775,0.204,2.7,0.334,0.124,6.9,1.593,0.23,27,4.378,0.162,,,9,1.038,0.116,,M,
265,265,31135,31135,NOS2_KO,A,Day4,3,MWM_150,2/10/22,60,11.639,0.194,0.275,1,3.7,60,17.8,3.393,0.19,11.1,2.112,0.189,13.5,2.784,0.206,17.2,3.301,0.192,,,24,3.882,0.162,,M,
266,266,31124,31124,NOS2_KO,A,Day4,3,MWM_150,2/10/22,10.5,1.249,0.119,0.298,0,0,10.5,3.6,0.793,0.22,0,0,<ufunc 'isnan'>,0.6,0.174,0.29,6.3,0.283,0.045,,5.4,0,0,<ufunc 'isnan'>,,F,
267,267,31125,31125,NOS2_KO,A,Day4,3,MWM_150,2/10/22,20.9,4.168,0.199,0.344,0,0,20.9,0,0,<ufunc 'isnan'>,5.8,1.173,0.203,4.1,0.811,0.196,11,2.184,0.198,,15.9,5.9,0.938,0.16,,F,
268,268,31130,31130,NOS2_KO,A,Day4,3,MWM_150,2/10/22,10.2,1.363,0.133,0.324,0,0,10.2,1.1,0.163,0.15,0,0,<ufunc 'isnan'>,3.3,0.896,0.274,5.9,0.304,0.052,,5.2,0,0,<ufunc 'isnan'>,,F,
269,269,31131,31131,NOS2_KO,A,Day4,3,MWM_150,2/10/22,60,12.769,0.212,0.35,0,0,60,17.7,3.966,0.224,9.8,1.697,0.173,18.1,4.222,0.233,14.3,2.882,0.202,,,19.8,2.949,0.149,,F,
270,270,31132,31132,NOS2_KO,A,Day4,3,MWM_150,2/10/22,50.2,10.393,0.207,0.314,0,0,50.2,19.7,4.354,0.221,11.7,2.848,0.245,6.5,1.607,0.246,12.4,1.584,0.127,,,7.3,1.691,0.231,,F,
271,271,B217,217,LRRK2/NOS2,B,Day4,4,MWM_150,2/10/22,6.6,0.257,0.039,0.198,1,2.2,6.6,0,0,<ufunc 'isnan'>,0,0,<ufunc 'isnan'>,0,0,<ufunc 'isnan'>,6.6,0.257,0.039,,1.6,0,0,<ufunc 'isnan'>,,F,
272,272,B218,218,LRRK2/NOS2,B,Day4,4,MWM_150,2/10/22,6.4,0.219,0.034,0.173,0,0,6.4,0,0,<ufunc 'isnan'>,0,0,<ufunc 'isnan'>,0,0,<ufunc 'isnan'>,6.4,0.219,0.034,,1.3,0,0,<ufunc 'isnan'>,,F,
273,273,B219,219,LRRK2/NOS2,B,Day4,4,MWM_150,2/10/22,8,0.839,0.105,0.398,0,0,5.5,0.4,0.09,0.225,0.6,0.253,0.398,0.7,0.088,0.125,6.2,0.409,0.066,,2.9,0,0,<ufunc 'isnan'>,,F,
274,274,B220,220,LRRK2/NOS2,B,Day4,4,MWM_150,2/10/22,29.8,6.011,0.202,0.319,0,0,29.8,3.6,0.973,0.273,3.9,0.803,0.208,7.4,1.688,0.227,15,2.547,0.17,,24.8,0,0,<ufunc 'isnan'>,,F,
275,275,B209,209,LRRK2/NOS2,B,Day4,4,MWM_150,2/10/22,7.4,0.658,0.089,0.323,0,0,7.4,0,0,<ufunc 'isnan'>,0,0,<ufunc 'isnan'>,1.4,0.297,0.211,6,0.361,0.06,,2.3,0,0,<ufunc 'isnan'>,,F,
276,276,B210,210,LRRK2/NOS2,B,Day4,4,MWM_150,2/10/22,23.7,2.873,0.121,0.294,0,0,23.7,1.8,0.214,0.117,0,0,<ufunc 'isnan'>,4.3,0.542,0.127,17.6,2.116,0.12,,18.6,1.8,0.246,0.134,,F,
277,277,B211,211,LRRK2/NOS2,B,Day4,4,MWM_150,2/10/22,7.5,0.539,0.072,0.295,0,0,7.5,0,0,<ufunc 'isnan'>,1.1,0.248,0.225,0,0,<ufunc 'isnan'>,6.4,0.292,0.046,,2.4,0,0,<ufunc 'isnan'>,,F,
278,278,B212,212,LRRK2/NOS2,B,Day4,4,MWM_150,2/10/22,6.4,0.231,0.036,0.168,0,0,6.4,0,0,<ufunc 'isnan'>,0,0,<ufunc 'isnan'>,0,0,<ufunc 'isnan'>,6.4,0.231,0.036,,1.3,0,0,<ufunc 'isnan'>,,F,
279,279,B214,214,LRRK2/NOS2,B,Day4,4,MWM_150,2/10/22,15.6,0.939,0.06,0.199,0,0,15.6,1.9,0.118,0.062,0.1,0,0,5.7,0.353,0.062,7.9,0.467,0.059,,10.6,0,0,<ufunc 'isnan'>,,F,
280,280,B213,213,LRRK2/NOS2,B,Day4,4,MWM_150,2/10/22,27.9,4.078,0.146,0.28,0,0,27.9,4.8,0.899,0.189,10.8,2.078,0.192,1.7,0.319,0.183,10.6,0.782,0.074,,22.8,2.4,0.266,0.109,,M,
281,281,31133,31133,NOS2_KO,A,Day4,4,MWM_150,2/10/22,34.7,7.059,0.203,0.336,0,0,34.7,2.9,0.733,0.256,8.1,2.029,0.251,4.9,1.131,0.229,18.8,3.165,0.168,,29.6,1.6,0.359,0.22,,M,
282,282,31134,31134,NOS2_KO,A,Day4,4,MWM_150,2/10/22,24.4,3.848,0.158,0.335,0,0,24.4,0,0,<ufunc 'isnan'>,0,0,<ufunc 'isnan'>,6,1.051,0.174,18.3,2.797,0.153,,19.3,1,0.098,0.102,,M,
283,283,31135,31135,NOS2_KO,A,Day4,4,MWM_150,2/10/22,49.1,8.302,0.169,0.269,2,5.5,49.1,5.3,1.056,0.199,13.2,2.272,0.172,9.2,1.911,0.206,21.4,3.063,0.144,,,23.9,4.258,0.178,,M,
284,284,31124,31124,NOS2_KO,A,Day4,4,MWM_150,2/10/22,43.5,8.512,0.196,0.316,0,0,43.5,9.2,1.983,0.217,6.3,1.617,0.255,9,2.015,0.225,19.2,2.897,0.151,,,3.3,0.479,0.147,,F,
285,285,31125,31125,NOS2_KO,A,Day4,4,MWM_150,2/10/22,10.9,1.495,0.137,0.309,0,0,10.9,0,0,<ufunc 'isnan'>,0,0,<ufunc 'isnan'>,4.9,1.074,0.22,6.1,0.42,0.069,,5.9,1.3,0.213,0.168,,F,
286,286,31130,31130,NOS2_KO,A,Day4,4,MWM_150,2/10/22,36,7.413,0.206,0.309,0,0,36,5.5,1.506,0.274,4.6,1.14,0.248,9.4,2.241,0.239,16.5,2.527,0.152,,,3.7,0.722,0.195,,F,
287,287,31131,31131,NOS2_KO,A,Day4,4,MWM_150,2/10/22,35.3,7.131,0.202,0.336,0,0,35.3,2.2,0.656,0.294,8,1.825,0.229,7.6,1.697,0.222,17.5,2.953,0.169,,,3.4,0.591,0.174,,F,
288,288,31132,31132,NOS2_KO,A,Day4,4,MWM_150,2/10/22,18.5,2.757,0.149,0.306,0,0,18.5,0.4,0.092,0.231,0.4,0.072,0.197,6.6,1.49,0.227,11.1,1.102,0.099,,13.4,0,0,<ufunc 'isnan'>,,F,
289,289,B217,217,LRRK2/NOS2,B,Day5,1,MWM_150,2/11/22,6.8,0.322,0.047,0.257,0,0,2.3,0,0,<ufunc 'isnan'>,0,0,<ufunc 'isnan'>,0,0,<ufunc 'isnan'>,6.8,0.322,0.047,,1.8,0,0,<ufunc 'isnan'>,,F,
290,290,B218,218,LRRK2/NOS2,B,Day5,1,MWM_150,2/11/22,5.8,0.123,0.021,0.172,0,0,5.8,0,0,<ufunc 'isnan'>,0,0,<ufunc 'isnan'>,0,0,<ufunc 'isnan'>,5.8,0.123,0.021,,0.8,0,0,<ufunc 'isnan'>,,F,
291,291,B219,219,LRRK2/NOS2,B,Day5,1,MWM_150,2/11/22,6.1,0.315,0.051,0.279,0,0,6.1,0,0,<ufunc 'isnan'>,0,0,<ufunc 'isnan'>,0,0,<ufunc 'isnan'>,6.1,0.315,0.051,,1.1,0,0,<ufunc 'isnan'>,,F,
292,292,B220,220,LRRK2/NOS2,B,Day5,1,MWM_150,2/11/22,27.2,5.245,0.193,0.353,0,0,27.2,2,0.534,0.267,4,0.967,0.242,3.5,0.891,0.252,17.7,2.853,0.161,,22.1,0,0,<ufunc 'isnan'>,,F,
293,293,B209,209,LRRK2/NOS2,B,Day5,1,MWM_150,2/11/22,11.1,1.768,0.159,0.369,0,0,11.1,0,0,<ufunc 'isnan'>,1.7,0.52,0.3,0,0,<ufunc 'isnan'>,9.4,1.248,0.133,,6.1,0,0,<ufunc 'isnan'>,,F,
294,294,B210,210,LRRK2/NOS2,B,Day5,1,MWM_150,2/11/22,18.8,2.707,0.144,0.293,0,0,18.8,0,0,<ufunc 'isnan'>,1.1,0.251,0.235,2.8,0.596,0.216,15,1.86,0.124,,13.8,0,0,<ufunc 'isnan'>,,F,
295,295,B211,211,LRRK2/NOS2,B,Day5,1,MWM_150,2/11/22,7.3,0.449,0.062,0.309,0,0,7.3,0,0,<ufunc 'isnan'>,0,0,<ufunc 'isnan'>,0,0,<ufunc 'isnan'>,7.3,0.449,0.062,,2.2,0,0,<ufunc 'isnan'>,,F,
296,296,B212,212,LRRK2/NOS2,B,Day5,1,MWM_150,2/11/22,5.9,0.308,0.052,0.212,0,0,5.9,0,0,<ufunc 'isnan'>,0,0,<ufunc 'isnan'>,0,0,<ufunc 'isnan'>,5.9,0.308,0.052,,0.9,0,0,<ufunc 'isnan'>,,F,
297,297,B214,214,LRRK2/NOS2,B,Day5,1,MWM_150,2/11/22,11,0.812,0.074,0.196,0,0,11,0,0,<ufunc 'isnan'>,0,0,<ufunc 'isnan'>,2.3,0.282,0.123,8.7,0.53,0.061,,5.9,0,0,<ufunc 'isnan'>,,F,
298,298,B213,213,LRRK2/NOS2,B,Day5,1,MWM_150,2/11/22,12.4,1.476,0.119,0.336,0,0,12.4,0,0,<ufunc 'isnan'>,0,0,<ufunc 'isnan'>,5.7,1.083,0.189,6.7,0.393,0.059,,7.4,2.4,0.227,0.093,,M,
299,299,31133,31133,NOS2_KO,A,Day5,1,MWM_150,2/11/22,11.7,1.966,0.168,0.292,0,0,11.7,0,0,<ufunc 'isnan'>,0,0,<ufunc 'isnan'>,2.4,0.426,0.174,9.3,1.54,0.166,,6.7,0,0,<ufunc 'isnan'>,,M,
300,300,31134,31134,NOS2_KO,A,Day5,1,MWM_150,2/11/22,13.2,1.522,0.115,0.33,0,0,13.2,0,0,<ufunc 'isnan'>,0,0,<ufunc 'isnan'>,1.4,0.264,0.184,11.8,1.258,0.107,,8.2,0,0,<ufunc 'isnan'>,,M,
301,301,31135,31135,NOS2_KO,A,Day5,1,MWM_150,2/11/22,47.9,9.024,0.189,0.746,0,0,47.9,2.6,0.58,0.223,6.9,1.289,0.187,14.4,2.783,0.193,24,4.371,0.182,,,3.5,0.47,0.137,,M,
302,302,31124,31124,NOS2_KO,A,Day5,1,MWM_150,2/11/22,6.8,0.428,0.063,0.25,0,0,6.8,0,0,<ufunc 'isnan'>,0,0,<ufunc 'isnan'>,0,0,<ufunc 'isnan'>,6.8,0.428,0.063,,1.7,0,0,<ufunc 'isnan'>,,F,
303,303,31125,31125,NOS2_KO,A,Day5,1,MWM_150,2/11/22,20.8,3.818,0.183,0.322,0,0,20.8,2.4,0.727,0.299,1.6,0.455,0.278,4.9,1.187,0.24,11.8,1.45,0.123,,15.8,2.6,0.597,0.233,,F,
304,304,31130,31130,NOS2_KO,A,Day5,1,MWM_150,2/11/22,7.3,0.689,0.095,0.298,0,0,7.3,0,0,<ufunc 'isnan'>,0,0,<ufunc 'isnan'>,0.8,0.094,0.116,6.4,0.594,0.092,,2.2,0,0,<ufunc 'isnan'>,,F,
305,305,31131,31131,NOS2_KO,A,Day5,1,MWM_150,2/11/22,6.2,0.361,0.059,0.237,0,0,6.2,0,0,<ufunc 'isnan'>,0,0,<ufunc 'isnan'>,0,0,<ufunc 'isnan'>,6.2,0.361,0.059,,1.1,0,0,<ufunc 'isnan'>,,F,
306,306,31132,31132,NOS2_KO,A,Day5,1,MWM_150,2/11/22,6.2,0.381,0.061,0.232,0,0,6.2,0,0,<ufunc 'isnan'>,0,0,<ufunc 'isnan'>,0,0,<ufunc 'isnan'>,6.2,0.381,0.061,,1.2,0,0,<ufunc 'isnan'>,,F,
307,307,B217,217,LRRK2/NOS2,B,Day5,2,MWM_150,2/11/22,42.7,7.379,0.173,0.331,1,3,42.7,15.4,2.546,0.165,7.1,1.729,0.243,12.1,2.466,0.204,8.1,0.637,0.078,,,0.3,0.07,0.209,,F,
308,308,B218,218,LRRK2/NOS2,B,Day5,2,MWM_150,2/11/22,10.6,1.183,0.111,0.312,0,0,10.6,0,0,<ufunc 'isnan'>,0,0,<ufunc 'isnan'>,1.6,0.331,0.203,9,0.852,0.095,,5.6,0,0,<ufunc 'isnan'>,,F,
309,309,B219,219,LRRK2/NOS2,B,Day5,2,MWM_150,2/11/22,9.3,0.9,0.097,0.327,0,0,9.3,0,0,<ufunc 'isnan'>,0,0,<ufunc 'isnan'>,1.1,0.152,0.141,8.2,0.748,0.091,,4.2,0,0,<ufunc 'isnan'>,,F,
310,310,B220,220,LRRK2/NOS2,B,Day5,2,MWM_150,2/11/22,57.3,13.187,0.23,0.357,0,0,57.3,9.8,2.615,0.266,15.2,3.78,0.249,15.7,4.155,0.265,16.6,2.639,0.159,,,7,1.244,0.179,,F,
311,311,B209,209,LRRK2/NOS2,B,Day5,2,MWM_150,2/11/22,26.5,5.011,0.189,0.346,0,0,26.5,0.4,0.107,0.266,8.7,2.104,0.243,3.3,0.797,0.24,14.1,2.003,0.142,,21.4,0,0,<ufunc 'isnan'>,,F,
312,312,B210,210,LRRK2/NOS2,B,Day5,2,MWM_150,2/11/22,60,12.511,0.208,0.335,0,0,60,4.3,0.893,0.21,17.2,3.677,0.214,15.2,2.796,0.183,23.2,5.145,0.221,,,7.7,1.147,0.148,,F,
313,313,B211,211,LRRK2/NOS2,B,Day5,2,MWM_150,2/11/22,58.3,12.52,0.215,0.348,0,0,58.3,6.2,1.449,0.237,5.1,1.236,0.241,22.6,5.383,0.238,24.4,4.451,0.183,,,2.6,0.477,0.185,,F,
314,314,B212,212,LRRK2/NOS2,B,Day5,2,MWM_150,2/11/22,8.4,0.919,0.11,0.358,0,0,8.4,0.9,0.229,0.255,0,0,<ufunc 'isnan'>,1.7,0.41,0.234,5.7,0.28,0.049,,3.3,0,0,<ufunc 'isnan'>,,F,
315,315,B214,214,LRRK2/NOS2,B,Day5,2,MWM_150,2/11/22,18.1,1.954,0.108,0.233,0,0,18.1,0,0,<ufunc 'isnan'>,0,0,<ufunc 'isnan'>,11.2,1.51,0.134,6.9,0.445,0.065,,13.1,0.4,0.101,0.233,,F,
316,316,B213,213,LRRK2/NOS2,B,Day5,2,MWM_150,2/11/22,10.1,1.175,0.117,0.349,0,0,10.1,0.4,0.097,0.263,1.3,0.343,0.257,0.7,0.055,0.076,7.6,0.681,0.089,,5,0,0,<ufunc 'isnan'>,,M,
317,317,31133,31133,NOS2_KO,A,Day5,2,MWM_150,2/11/22,10.3,1.193,0.116,0.322,0,0,10.3,0,0,<ufunc 'isnan'>,0,0,<ufunc 'isnan'>,0.6,0.084,0.14,9.7,1.109,0.114,,5.3,0,0,<ufunc 'isnan'>,,M,
318,318,31134,31134,NOS2_KO,A,Day5,2,MWM_150,2/11/22,15.4,2.404,0.156,0.344,0,0,15.4,1.7,0.444,0.256,0,0,<ufunc 'isnan'>,3.7,1.012,0.27,9.9,0.947,0.096,,10.3,0.5,0.082,0.175,,M,
319,319,31135,31135,NOS2_KO,A,Day5,2,MWM_150,2/11/22,49.5,7.763,0.157,0.256,1,2.9,49.5,2.6,0.395,0.152,17.6,3.114,0.177,10.3,1.785,0.174,19.1,2.469,0.13,,,8.9,1.193,0.135,,M,
320,320,31124,31124,NOS2_KO,A,Day5,2,MWM_150,2/11/22,25.3,4.436,0.175,0.296,0,0,25.3,3.9,0.764,0.194,3.3,0.749,0.227,5.7,1.304,0.228,12.4,1.619,0.131,,20.3,1.2,0.237,0.197,,F,
321,321,31125,31125,NOS2_KO,A,Day5,2,MWM_150,2/11/22,9.2,1.084,0.118,0.341,0,0,9.2,0,0,<ufunc 'isnan'>,0,0,<ufunc 'isnan'>,3.5,0.744,0.215,5.7,0.339,0.059,,4.2,0,0,<ufunc 'isnan'>,,F,
322,322,31130,31130,NOS2_KO,A,Day5,2,MWM_150,2/11/22,17.7,3.508,0.199,0.347,1,2.5,17.7,3.2,0.994,0.311,1.2,0.413,0.335,6.2,1.449,0.235,7.1,0.651,0.092,,12.6,2.4,0.417,0.172,,F,
323,323,31131,31131,NOS2_KO,A,Day5,2,MWM_150,2/11/22,30.6,6.564,0.214,0.354,0,0,30.6,0,0,<ufunc 'isnan'>,4.8,1.026,0.215,4,0.896,0.225,21.9,4.642,0.212,,25.5,0.7,0.11,0.157,,F,
324,324,31132,31132,NOS2_KO,A,Day5,2,MWM_150,2/11/22,15.7,2.306,0.147,0.298,0,0,15.7,0.8,0.188,0.245,0,0,<ufunc 'isnan'>,6.5,1.405,0.216,8.4,0.713,0.085,,10.6,0,0,<ufunc 'isnan'>,,F,
325,325,B217,217,LRRK2/NOS2,B,Day5,3,MWM_150,2/11/22,60,11.577,0.193,0.371,0,0,60,27.8,5.489,0.198,17.7,3.37,0.191,10.6,1.885,0.178,3.7,0.796,0.212,,,8.1,1.935,0.239,,F,
326,326,B218,218,LRRK2/NOS2,B,Day5,3,MWM_150,2/11/22,16,2.879,0.18,0.34,0,0,16,3.6,0.927,0.26,3.7,0.908,0.245,1.1,0.364,0.331,7.6,0.68,0.09,,10.9,0,0,<ufunc 'isnan'>,,F,
327,327,B219,219,LRRK2/NOS2,B,Day5,3,MWM_150,2/11/22,8.1,0.79,0.098,0.348,0,0,8.1,0.4,0.046,0.114,1.8,0.465,0.252,0,0,<ufunc 'isnan'>,5.9,0.28,0.048,,3,0,0,<ufunc 'isnan'>,,F,
328,328,B220,220,LRRK2/NOS2,B,Day5,3,MWM_150,2/11/22,10.3,1.358,0.132,0.338,0,0,10.3,1.6,0.33,0.207,2.2,0.535,0.246,0,0,<ufunc 'isnan'>,6.5,0.492,0.076,,5.2,0,0,<ufunc 'isnan'>,,F,
329,329,B209,209,LRRK2/NOS2,B,Day5,3,MWM_150,2/11/22,21.7,3.275,0.151,0.322,0,0,21.7,0,0,<ufunc 'isnan'>,8.4,1.463,0.175,1.9,0.392,0.202,11.4,1.42,0.125,,16.6,0,0,<ufunc 'isnan'>,,F,
330,330,B210,210,LRRK2/NOS2,B,Day5,3,MWM_150,2/11/22,9.3,0.733,0.079,0.236,0,0,9.3,0,0,<ufunc 'isnan'>,2.1,0.313,0.149,0,0,<ufunc 'isnan'>,7.2,0.421,0.059,,4.2,0,0,<ufunc 'isnan'>,,F,
331,331,B211,211,LRRK2/NOS2,B,Day5,3,MWM_150,2/11/22,21.9,3.705,0.169,0.308,0,0,21.9,1.8,0.415,0.235,4.1,0.964,0.232,2.7,0.642,0.235,13.2,1.684,0.127,,16.8,0,0,<ufunc 'isnan'>,,F,
332,332,B212,212,LRRK2/NOS2,B,Day5,3,MWM_150,2/11/22,22.6,3.323,0.147,0.321,0,0,22.6,0,0,<ufunc 'isnan'>,5.2,1.056,0.203,6,1.059,0.175,11.3,1.208,0.107,,17.5,0,0,<ufunc 'isnan'>,,F,
333,333,B214,214,LRRK2/NOS2,B,Day5,3,MWM_150,2/11/22,20.9,2.034,0.097,0.237,0,0,20.9,0,0,<ufunc 'isnan'>,4.4,0.43,0.097,4.9,0.722,0.148,11.6,0.882,0.076,,15.8,0,0,<ufunc 'isnan'>,,F,
334,334,B213,213,LRRK2/NOS2,B,Day5,3,MWM_150,2/11/22,17.6,2.406,0.137,0.313,0,0,17.6,0,0,<ufunc 'isnan'>,2.3,0.459,0.196,7.1,1.524,0.216,8.2,0.423,0.052,,12.5,1.8,0.211,0.119,,M,
335,335,31133,31133,NOS2_KO,A,Day5,3,MWM_150,2/11/22,60,11.721,0.196,0.313,0,0,60,12.5,2.755,0.221,16.7,2.86,0.171,13.2,2.98,0.227,17.6,3.127,0.177,,,3,0.44,0.148,,M,
336,336,31134,31134,NOS2_KO,A,Day5,3,MWM_150,2/11/22,38.8,7.31,0.189,0.32,0,0,38.8,2.6,0.576,0.222,12.1,2.848,0.236,3.4,0.708,0.208,20.7,3.179,0.154,,,2.4,0.452,0.194,,M,
337,337,31135,31135,NOS2_KO,A,Day5,3,MWM_150,2/11/22,60,11.386,0.19,0.25,0,0,60,12.9,2.671,0.208,22.3,4.114,0.184,7.8,1.366,0.175,16.8,3.194,0.189,,,5.2,0.875,0.169,,M,
338,338,31124,31124,NOS2_KO,A,Day5,3,MWM_150,2/11/22,18.6,2.948,0.158,0.275,0,0,18.6,3.7,0.863,0.235,1.8,0.33,0.185,3,0.689,0.227,10.1,1.066,0.105,,13.5,0,0,<ufunc 'isnan'>,,F,
339,339,31125,31125,NOS2_KO,A,Day5,3,MWM_150,2/11/22,60,11.33,0.188,0.336,0,0,60,27,5.433,0.201,27.1,4.832,0.178,0,0,<ufunc 'isnan'>,5.9,1.065,0.18,,,20.8,3.535,0.17,,F,
340,340,31130,31130,NOS2_KO,A,Day5,3,MWM_150,2/11/22,11.3,1.434,0.127,0.293,1,2.2,11.3,0,0,<ufunc 'isnan'>,5.3,1.159,0.217,0,0,<ufunc 'isnan'>,5.9,0.275,0.046,,6.2,0,0,<ufunc 'isnan'>,,F,
341,341,31131,31131,NOS2_KO,A,Day5,3,MWM_150,2/11/22,35.1,7.125,0.203,0.347,0,0,35.1,3,0.768,0.256,12,2.801,0.234,6.7,1.492,0.222,13.4,2.064,0.154,,,2.4,0.493,0.202,,F,
342,342,31132,31132,NOS2_KO,A,Day5,3,MWM_150,2/11/22,23.5,4.474,0.19,0.356,0,0,23.5,4,1.011,0.253,4.6,0.985,0.213,4.7,1.235,0.261,10.1,1.243,0.123,,18.4,0,0,<ufunc 'isnan'>,,F,
343,343,B217,217,LRRK2/NOS2,B,Day5,4,MWM_150,2/11/22,50.6,7.416,0.147,0.302,0,0,50.6,8.9,1.515,0.169,3.4,0.843,0.248,21.6,2.681,0.124,16.7,2.377,0.143,,,3,0.46,0.152,,F,
344,344,B218,218,LRRK2/NOS2,B,Day5,4,MWM_150,2/11/22,60,14.105,0.236,0.359,0,0,60,10,2.332,0.232,16.9,3.885,0.231,8.2,2.266,0.274,24.9,5.621,0.23,,,8.5,1.162,0.136,,F,
345,345,B219,219,LRRK2/NOS2,B,Day5,4,MWM_150,2/11/22,25.6,6.51,0.254,1.934,0,0,25.6,5.9,1.797,0.305,3.2,0.873,0.273,3.7,0.928,0.253,12.9,2.912,0.226,,20.6,0.4,0.145,0.335,,F,
346,346,B220,220,LRRK2/NOS2,B,Day5,4,MWM_150,2/11/22,7.6,0.789,0.104,0.361,0,0,7.6,1.4,0.361,0.256,0.3,0.105,0.315,0,0,<ufunc 'isnan'>,5.8,0.323,0.055,,2.5,0,0,<ufunc 'isnan'>,,F,
347,347,B209,209,LRRK2/NOS2,B,Day5,4,MWM_150,2/11/22,14.2,1.975,0.139,0.347,0,0,14.2,2.9,0.708,0.245,2.7,0.62,0.233,0,0,<ufunc 'isnan'>,8.7,0.647,0.075,,9.2,0,0,<ufunc 'isnan'>,,F,
348,348,B210,210,LRRK2/NOS2,B,Day5,4,MWM_150,2/11/22,13,1.288,0.099,0.235,0,0,13,3.4,0.384,0.114,0,0,<ufunc 'isnan'>,3.1,0.493,0.161,6.5,0.411,0.063,,7.9,0,0,<ufunc 'isnan'>,,F,
349,349,B211,211,LRRK2/NOS2,B,Day5,4,MWM_150,2/11/22,12.2,1.68,0.137,0.311,1,3.3,12.2,2.7,0.555,0.207,0,0,<ufunc 'isnan'>,2,0.56,0.285,7.6,0.565,0.074,,7.2,0,0,<ufunc 'isnan'>,,F,
350,350,B212,212,LRRK2/NOS2,B,Day5,4,MWM_150,2/11/22,21.4,2.898,0.135,0.302,0,0,21.4,6.8,1.078,0.158,2.8,0.761,0.275,4.6,0.77,0.166,7.2,0.289,0.04,,16.4,0,0,<ufunc 'isnan'>,,F,
351,351,B214,214,LRRK2/NOS2,B,Day5,4,MWM_150,2/11/22,10.3,0.961,0.094,0.285,0,0,7.9,3.6,0.474,0.132,0.5,0.108,0.216,0,0,<ufunc 'isnan'>,6.1,0.378,0.062,,5.2,0,0,<ufunc 'isnan'>,,F,
352,352,B213,213,LRRK2/NOS2,B,Day5,4,MWM_150,2/11/22,12,1.221,0.102,0.282,1,2.4,12,3,0.662,0.222,2.6,0.252,0.096,0,0,<ufunc 'isnan'>,6.3,0.307,0.048,,6.9,0,0,<ufunc 'isnan'>,,M,
353,353,31133,31133,NOS2_KO,A,Day5,4,MWM_150,2/11/22,11.1,1.407,0.127,0.293,0,0,11.1,1,0.146,0.14,0.9,0.245,0.283,1.7,0.346,0.208,7.5,0.669,0.089,,6,0,0,<ufunc 'isnan'>,,M,
354,354,31134,31134,NOS2_KO,A,Day5,4,MWM_150,2/11/22,16.6,2.569,0.154,0.331,0,0,16.6,0.9,0.168,0.179,1.5,0.471,0.307,2.2,0.482,0.216,11.9,1.449,0.121,,11.6,0,0,<ufunc 'isnan'>,,M,
355,355,31135,31135,NOS2_KO,A,Day5,4,MWM_150,2/11/22,28.7,4.052,0.141,0.247,0,0,28.7,8.2,1.365,0.166,0,0,<ufunc 'isnan'>,5.8,1.056,0.183,14.8,1.631,0.111,,23.7,11.4,1.888,0.166,,M,
356,356,31124,31124,NOS2_KO,A,Day5,4,MWM_150,2/11/22,9.8,1.067,0.109,0.278,0,0,9.8,1.7,0.304,0.181,0,0,<ufunc 'isnan'>,1.9,0.446,0.239,6.2,0.317,0.051,,4.7,0,0,<ufunc 'isnan'>,,F,
357,357,31125,31125,NOS2_KO,A,Day5,4,MWM_150,2/11/22,12.8,1.806,0.141,0.28,0,0,12.8,1.6,0.304,0.189,0,0,<ufunc 'isnan'>,4.7,1.037,0.221,6.5,0.466,0.072,,7.7,1.6,0.263,0.165,,F,
358,358,31130,31130,NOS2_KO,A,Day5,4,MWM_150,2/11/22,32.5,6.252,0.192,0.343,1,2.2,32.5,9.3,1.944,0.208,0,0,<ufunc 'isnan'>,10.3,2.452,0.239,12.9,1.856,0.144,,27.5,6.9,0.82,0.118,,F,
359,359,31131,31131,NOS2_KO,A,Day5,4,MWM_150,2/11/22,13.2,2.016,0.153,0.385,0,0,13.2,1.8,0.452,0.25,0,0,<ufunc 'isnan'>,1.7,0.643,0.371,9.6,0.921,0.096,,8.1,0,0,<ufunc 'isnan'>,,F,
360,360,31132,31132,NOS2_KO,A,Day5,4,MWM_150,2/11/22,12.6,1.795,0.142,0.303,0,0,12.6,2.9,0.679,0.231,0,0,<ufunc 'isnan'>,0.4,0.12,0.301,9.3,0.996,0.107,,7.6,0,0,<ufunc 'isnan'>,,F,
361,361,B217,217,LRRK2/NOS2,B,Probe_D5,1,MWM_150,2/11/22,60,8.55,0.143,0.265,0,0,60,17.1,2.88,0.168,16.5,1.893,0.115,9.7,1.456,0.15,16.6,2.322,0.14,,,0,0,<ufunc 'isnan'>,,F,
362,362,B218,218,LRRK2/NOS2,B,Probe_D5,1,MWM_150,2/11/22,60,14.791,0.246,0.335,0,0,60,12.6,3.038,0.242,13.5,3.122,0.23,15.6,4.199,0.269,18.3,4.434,0.243,,4.9,8.1,1.444,0.177,,F,
363,363,B219,219,LRRK2/NOS2,B,Probe_D5,1,MWM_150,2/11/22,60,13.705,0.228,0.343,0,0,60,15.4,3.605,0.234,12.4,2.956,0.238,10.4,2.739,0.262,21.8,4.405,0.202,,7.8,0.6,0.092,0.153,,F,
364,364,B220,220,LRRK2/NOS2,B,Probe_D5,1,MWM_150,2/11/22,60,13.283,0.221,0.461,0,0,60,14.3,3.412,0.238,13.7,2.954,0.215,10.8,2.722,0.253,21.2,4.193,0.198,,6.9,3.1,0.509,0.164,,F,
365,365,B209,209,LRRK2/NOS2,B,Probe_D5,1,MWM_150,2/11/22,60,12.126,0.202,0.388,0,0,60,1.2,0.257,0.212,5.3,1.307,0.249,10.3,2.279,0.221,43.2,8.284,0.191,,15.4,10.7,1.829,0.17,,F,
366,366,B210,210,LRRK2/NOS2,B,Probe_D5,1,MWM_150,2/11/22,60,11.039,0.184,0.331,0,0,60,7.5,1.269,0.168,11.2,2.28,0.204,10,2.153,0.215,31.3,5.337,0.17,,7.9,8.2,0.952,0.116,,F,
367,367,B211,211,LRRK2/NOS2,B,Probe_D5,1,MWM_150,2/11/22,60,10.899,0.182,0.3,0,0,60,7.7,1.642,0.212,4.4,0.826,0.191,26.1,4.438,0.17,21.8,3.993,0.183,,16.7,3.8,0.574,0.15,,F,
368,368,B212,212,LRRK2/NOS2,B,Probe_D5,1,MWM_150,2/11/22,60,11.895,0.198,0.279,0,0,60,12.6,2.517,0.2,8.3,1.676,0.202,18.8,3.932,0.209,20,3.719,0.186,,11.8,4.4,0.806,0.184,,F,
369,369,B214,214,LRRK2/NOS2,B,Probe_D5,1,MWM_150,2/11/22,60,11.1,0.185,0.299,0,0,60,11.3,2.171,0.192,12.6,2.699,0.214,5.7,1.048,0.185,30.4,5.181,0.17,,6.9,3.2,0.411,0.128,,F,
370,370,B213,213,LRRK2/NOS2,B,Probe_D5,1,MWM_150,2/11/22,60,11.189,0.187,0.315,0,0,60,20.1,3.764,0.187,8.8,1.975,0.225,7.4,1.487,0.201,23.7,3.962,0.167,,7.1,4.1,0.554,0.135,,M,
371,371,31133,31133,NOS2_KO,A,Probe_D5,1,MWM_150,2/11/22,60,12.144,0.202,0.308,0,0,60,10.4,2.543,0.244,5.4,1.186,0.221,11.9,2.661,0.224,32.3,5.753,0.178,,17.2,11.9,1.561,0.131,,M,
372,372,31134,31134,NOS2_KO,A,Probe_D5,1,MWM_150,2/11/22,60,11.825,0.197,0.298,0,0,60,6.3,1.32,0.212,10.2,2.05,0.2,14.8,2.947,0.199,28.7,5.508,0.192,,3.5,6.6,0.72,0.109,,M,
373,373,31135,31135,NOS2_KO,A,Probe_D5,1,MWM_150,2/11/22,60,11.177,0.186,0.269,0,0,60,9.6,1.691,0.176,12,2.587,0.214,20.2,3.678,0.182,18.1,3.22,0.178,,,8.7,1.252,0.144,,M,
374,374,31124,31124,NOS2_KO,A,Probe_D5,1,MWM_150,2/11/22,60,10.886,0.182,0.303,0,0,60,6.9,1.342,0.195,23,4.198,0.182,7.6,1.46,0.192,22.6,3.885,0.173,,12.5,14.2,2.417,0.17,,F,
375,375,31125,31125,NOS2_KO,A,Probe_D5,1,MWM_150,2/11/22,60,12.234,0.204,0.319,0,0,60,13.6,2.682,0.197,13.5,2.663,0.198,15.7,3.669,0.234,16.9,3.177,0.188,,,25.2,4.461,0.177,,F,
376,376,31130,31130,NOS2_KO,A,Probe_D5,1,MWM_150,2/11/22,60,13.119,0.218,0.312,2,4.6,60,11.8,2.893,0.246,11.1,2.561,0.231,27.8,5.392,0.194,9.4,2.273,0.242,,,11.2,1.09,0.097,,F,
377,377,31131,31131,NOS2_KO,A,Probe_D5,1,MWM_150,2/11/22,60,12.166,0.202,0.364,0,0,60,4.8,1.045,0.216,7.4,1.313,0.177,18.4,4.21,0.229,29.3,5.598,0.191,,4.1,5.4,0.855,0.159,,F,
378,378,31132,31132,NOS2_KO,A,Probe_D5,1,MWM_150,2/11/22,60,12.582,0.21,0.299,0,0,60,9.5,2.029,0.213,11.2,2.368,0.212,15.2,3.22,0.211,24.1,4.965,0.207,,,11.1,2.018,0.182,,F,
379,379,B217,217,LRRK2/NOS2,B,Probe_D8,1,MWM_150,2/14/22,60,11.205,0.187,0.3,0,0,60,19.2,3.375,0.175,17.8,3.493,0.196,15.2,2.64,0.174,7.8,1.697,0.217,,28.9,7,1.266,0.181,,F,
380,380,B218,218,LRRK2/NOS2,B,Probe_D8,1,MWM_150,2/14/22,60,13.817,0.23,0.61,0,0,60,9.8,2.019,0.206,13.8,3.146,0.228,12.9,3.285,0.255,23.5,5.367,0.229,,7.4,19.7,3.614,0.183,,F,
381,381,B219,219,LRRK2/NOS2,B,Probe_D8,1,MWM_150,2/14/22,60,14.729,0.246,0.356,0,0,60,17,4.441,0.261,13.9,3.292,0.235,8.9,2.391,0.267,20.1,4.607,0.229,,,5.5,0.691,0.128,,F,
382,382,B220,220,LRRK2/NOS2,B,Probe_D8,1,MWM_150,2/14/22,60,16.444,0.274,0.421,0,0,60,14.2,4.12,0.29,15.2,4.18,0.276,13.1,3.691,0.281,17.6,4.453,0.254,,5.7,5.5,1.506,0.274,,F,
383,383,B209,209,LRRK2/NOS2,B,Probe_D8,1,MWM_150,2/14/22,60,13.352,0.222,0.352,1,3.1,60,11.1,2.409,0.216,15.2,3.498,0.23,15.5,3.414,0.22,18.2,4.03,0.222,,10.9,20,4.281,0.215,,F,
384,384,B210,210,LRRK2/NOS2,B,Probe_D8,1,MWM_150,2/14/22,60,12.589,0.21,0.337,0,0,60,8.4,1.92,0.227,8.2,1.777,0.218,34.7,6.649,0.192,8.7,2.242,0.26,,,17.4,2.045,0.118,,F,
385,385,B211,211,LRRK2/NOS2,B,Probe_D8,1,MWM_150,2/14/22,60,13.651,0.227,0.318,0,0,60,6.2,1.318,0.214,8.5,2.075,0.244,17.7,4.382,0.249,27.7,5.876,0.212,,7.9,5.1,0.751,0.146,,F,
386,386,B212,212,LRRK2/NOS2,B,Probe_D8,1,MWM_150,2/14/22,60,13.925,0.232,0.32,0,0,60,9.7,2.238,0.23,12.8,3.07,0.239,18.6,4.226,0.228,17.9,4.15,0.232,,25.7,14.4,3.309,0.23,,F,
387,387,B214,214,LRRK2/NOS2,B,Probe_D8,1,MWM_150,2/14/22,60,12.031,0.2,0.321,0,0,60,15.2,3.077,0.203,7.3,1.552,0.212,14.5,2.745,0.189,23.1,4.658,0.203,,15.3,3.2,0.582,0.18,,F,
388,388,B213,213,LRRK2/NOS2,B,Probe_D8,1,MWM_150,2/14/22,60,14.053,0.234,0.35,0,0,60,13.8,3.286,0.237,11.9,2.975,0.249,12.3,2.958,0.241,22,4.832,0.22,,8.4,3.4,0.421,0.123,,M,
389,389,31133,31133,NOS2_KO,A,Probe_D8,1,MWM_150,2/14/22,60,13.164,0.22,0.373,0,0,60,11.4,2.852,0.25,14.8,2.902,0.196,11.1,2.733,0.246,22.3,4.624,0.207,,,10.3,1.396,0.136,,M,
390,390,31134,31134,NOS2_KO,A,Probe_D8,1,MWM_150,2/14/22,60,13.423,0.224,0.353,0,0,60,11.4,2.7,0.237,9.5,2.002,0.211,15.3,3.552,0.231,23.6,5.111,0.217,,,17.1,3.174,0.186,,M,
391,391,31135,31135,NOS2_KO,A,Probe_D8,1,MWM_150,2/14/22,60,11.444,0.191,0.397,0,0,60,13.5,2.482,0.184,14.9,2.969,0.199,13.2,2.531,0.193,18.5,3.462,0.188,,2.7,14.8,2.546,0.172,,M,
392,392,31124,31124,NOS2_KO,A,Probe_D8,1,MWM_150,2/14/22,60,12.238,0.204,0.301,0,0,60,10.5,2.442,0.233,12.1,2.427,0.199,10.9,2.509,0.23,26.5,4.861,0.184,,10.1,12.6,1.773,0.141,,F,
393,393,31125,31125,NOS2_KO,A,Probe_D8,1,MWM_150,2/14/22,60,12.894,0.215,0.319,0,0,60,9.6,2.115,0.219,17.8,3.827,0.215,19.6,3.959,0.202,12.8,2.943,0.229,,,29.3,5.859,0.2,,F,
394,394,31130,31130,NOS2_KO,A,Probe_D8,1,MWM_150,2/14/22,60,14.117,0.236,0.322,0,0,60,20.6,4.685,0.227,16.4,3.899,0.238,9.6,2.51,0.261,13.5,3.023,0.225,,29.9,13.3,2.393,0.18,,F,
395,395,31131,31131,NOS2_KO,A,Probe_D8,1,MWM_150,2/14/22,60,12.904,0.215,0.363,1,6.6,60,4.1,0.998,0.244,12.8,2.207,0.172,22.2,5.357,0.241,20.9,4.341,0.208,,5.9,15.7,2.216,0.142,,F,