"","Animal","Genotype","Diet","Day","Sex","Time","Distance","TimeNorm","DistNorm","Quadrant"
"149","190715_10","E22","Control","Probe_D8","M",13.5,0.2867,0.225,0.262882816798093,"SW"
"150","190715_5","E22","Control","Probe_D8","M",25.9,0.5443,0.431666666666667,0.425068332682546,"SW"
"151","190715_6","E22","Control","Probe_D8","M",32.7,0.6701,0.545,0.518212048565463,"SW"
"152","190715_7","E22","Control","Probe_D8","F",36.5,0.6072,0.608333333333333,0.538775510204082,"SW"
"153","190715_8","E22","Control","Probe_D8","F",25.3,0.5365,0.421666666666667,0.412185003073141,"SW"
"154","190715_9","E22","Control","Probe_D8","M",18.8,0.409,0.313333333333333,0.33338767525269,"SW"
"155","191028_3","E22","Control","Probe_D8","F",22.3,0.4606,0.371666666666667,0.365207738661592,"SW"
"156","191028_4","E22","Control","Probe_D8","F",47.6,0.7823,0.792013311148086,0.767412203256818,"SW"
"157","191028_5","E22","Control","Probe_D8","F",24.9,0.5634,0.414309484193012,0.438477702544945,"SW"
"158","191028_6","E22","Control","Probe_D8","M",10.7,0.2453,0.178333333333333,0.203873005319149,"SW"
"159","191028_7","E22","Control","Probe_D8","M",18.7,0.4069,0.311666666666667,0.330302784316909,"SW"
"160","210222_16","E22","Control","Probe_D8","M",22.2,0.4689,0.54014598540146,0.510951291271657,"SW"
"161","210222_17","E22","Control","Probe_D8","F",19.2,0.4269,0.327086882453152,0.320519558525415,"SW"
"162","210503-18","E22","Control","Probe_D8","M",17.8,0.4281,0.346978557504873,0.35488684406864,"SW"
"163","210503-19","E22","Control","Probe_D8","M",8.6,0.154,0.230563002680965,0.190429083714604,"SW"
"164","210503-20","E22","Control","Probe_D8","M",22.9,0.4816,0.442940038684719,0.449421425905188,"SW"
"165","210503-21","E22","Control","Probe_D8","F",15.8,0.3714,0.300380228136882,0.312784234461849,"SW"
"166","210503-22","E22","Control","Probe_D8","F",16.9,0.3425,0.326254826254826,0.313128542695191,"SW"
"167","190715_1","E33","Control","Probe_D8","M",15.3,0.3493,0.255,0.252238590410168,"SW"
"168","190715_2","E33","Control","Probe_D8","M",25.4,0.5532,0.423333333333333,0.394860813704497,"SW"
"169","190715_3","E33","Control","Probe_D8","M",32.9,0.6132,0.547420965058236,0.555434782608696,"SW"
"170","190909_2","E33","Control","Probe_D8","M",15.2,0.363,0.253333333333333,0.251873438800999,"SW"
"171","190909_3","E33","Control","Probe_D8","F",19.9,0.4031,0.332775919732441,0.364433595515776,"SW"
"172","190909_4","E33","Control","Probe_D8","F",16.2,0.3869,0.27979274611399,0.277188708984095,"SW"
"173","190909_8","E33","Control","Probe_D8","M",8.4,0.1966,0.14,0.137396044447551,"SW"
"174","190909_9","E33","Control","Probe_D8","F",5.3,0.1178,0.0884808013355593,0.109510086455331,"SW"
"175","210118-15","E33","HFD","Probe_D8","F",45.3,0.642,0.755,0.757432751297782,"SW"
"176","210118-16","E33","HFD","Probe_D8","F",40.6,0.7035,0.67779632721202,0.647253657190174,"SW"
"177","210118-17","E33","HFD","Probe_D8","F",39.3,0.7932,0.653910149750416,0.648410038420665,"SW"
"178","210118-18","E33","HFD","Probe_D8","F",21.4,0.437,0.356666666666667,0.372009874861667,"SW"
"179","210118-19","E33","HFD","Probe_D8","F",35.9,0.6706,0.598333333333333,0.570432119768629,"SW"
"180","210118-20","E33","HFD","Probe_D8","F",24.8,0.4669,0.413333333333333,0.417658108954289,"SW"
"181","210118-21","E33","HFD","Probe_D8","F",39.2,0.7215,0.653333333333333,0.628922594142259,"SW"
"182","210118-22","E33","HFD","Probe_D8","M",30,0.5005,0.5,0.448919185577182,"SW"
"183","210118-23","E33","HFD","Probe_D8","M",42.7,0.575,0.711666666666667,0.679267572356763,"SW"
"184","210118-24","E33","HFD","Probe_D8","M",34.5,0.5435,0.575,0.549711742692424,"SW"
"185","210118-25","E33","HFD","Probe_D8","M",32.7,0.3852,0.545,0.518927657281423,"SW"
"186","210118-26","E33","HFD","Probe_D8","M",43.2,0.6913,0.721202003338898,0.703255340793489,"SW"
"187","210118-27","E33","HFD","Probe_D8","M",23,0.3762,0.383333333333333,0.37425387982491,"SW"
"188","210201_1","E33","Control","Probe_D8","F",51,0.9861,0.85,0.835465559603491,"SW"
"189","210201_2","E33","Control","Probe_D8","F",31.7,0.8294,0.528333333333333,0.528684344722081,"SW"
"190","210201_3","E33","Control","Probe_D8","F",33.7,0.6477,0.561666666666667,0.544560282495376,"SW"
"191","210201_4","E33","Control","Probe_D8","F",33.3,0.8001,0.555,0.540717713049943,"SW"
"192","210201_5","E33","Control","Probe_D8","F",22.2,0.5089,0.370617696160267,0.355302660057251,"SW"
"193","210222_7","E33","Control","Probe_D8","F",23,0.5069,0.664739884393064,0.675776563124917,"SW"
"194","210222_8","E33","Control","Probe_D8","F",29.3,0.6485,0.618143459915612,0.602079658341844,"SW"
"195","210222_9","E33","Control","Probe_D8","F",31.3,0.7118,0.543402777777778,0.536317058468957,"SW"
"196","210222_10","E33","Control","Probe_D8","F",28.7,0.5467,0.545627376425856,0.531137666375206,"SW"
"197","210222_11","E33","Control","Probe_D8","F",26.3,0.6133,0.559574468085106,0.543609289133132,"SW"
"198","210222_12","E33","Control","Probe_D8","F",33.8,0.5797,0.569983136593592,0.543248055477462,"SW"
"199","210222_13","E33","Control","Probe_D8","M",26.5,0.4605,0.481818181818182,0.455084494515268,"SW"
"200","210222_14","E33","Control","Probe_D8","M",30.7,0.5736,0.536713286713287,0.535724292518913,"SW"
"201","210222_15","E33","Control","Probe_D8","M",30.2,0.483,0.503333333333333,0.488767455980571,"SW"
"202","210503-1","E33","Control","Probe_D8","M",22.1,0.5298,0.368333333333333,0.362033620336203,"SW"
"203","210503-2","E33","Control","Probe_D8","M",12.5,0.2836,0.241779497098646,0.233051195661106,"SW"
"204","210503-3","E33","Control","Probe_D8","M",36.4,0.7221,0.648841354723708,0.637503310673612,"SW"
"205","210503-4","E33","Control","Probe_D8","M",27.5,0.5689,0.580168776371308,0.593655431493269,"SW"
"206","210503-5","E33","Control","Probe_D8","M",14.7,0.2692,0.261101243339254,0.290744140835943,"SW"
"207","210503-6","E33","Control","Probe_D8","M",24.2,0.4154,0.498969072164948,0.498919048762911,"SW"
"208","210503-7","E33","Control","Probe_D8","F",19.5,0.3427,0.325,0.304541011285879,"SW"
"209","210503-8","E33","Control","Probe_D8","F",11.2,0.2665,0.25629290617849,0.25873786407767,"SW"
"210","210503-9","E33","Control","Probe_D8","F",20.8,0.4884,0.370106761565836,0.375605629470122,"SW"
"211","210503-10","E33","Control","Probe_D8","F",23.8,0.5202,0.406837606837607,0.403162055335968,"SW"
"212","210503-11","E33","Control","Probe_D8","F",13.7,0.2968,0.330120481927711,0.358844154273969,"SW"
"213","210503-12","E33","Control","Probe_D8","F",8.2,0.1842,0.154425612052731,0.162290748898678,"SW"
"214","210503-13","E33","Control","Probe_D8","F",27.7,0.5456,0.49113475177305,0.463669584431036,"SW"
"215","210503-14","E33","Control","Probe_D8","F",8.7,0.1983,0.2,0.207839849072424,"SW"
"216","210503-15","E33","Control","Probe_D8","F",15.6,0.378,0.321649484536082,0.333568655135898,"SW"
"217","210503-16","E33","Control","Probe_D8","F",12.4,0.2624,0.449275362318841,0.43842940685046,"SW"
"218","210503-17","E33","Control","Probe_D8","F",12.4,0.2109,0.344444444444444,0.316761790327426,"SW"
"219","061019_1","E44","Control","Probe_D8","M",17,0.3449,0.283333333333333,0.286676086775829,"SW"
"220","061019_10","E44","Control","Probe_D8","F",35.8,0.6112,0.59567387687188,0.51155005021761,"SW"
"221","061019_2","E44","Control","Probe_D8","M",38.9,0.6231,0.648333333333333,0.660693457745732,"SW"
"222","061019_3","E44","Control","Probe_D8","M",24.7,0.5317,0.410981697171381,0.406996325780772,"SW"
"223","061019_4","E44","Control","Probe_D8","M",27.7,0.5181,0.461666666666667,0.465791602984806,"SW"
"224","061019_5","E44","Control","Probe_D8","M",29.2,0.6838,0.486666666666667,0.485998578535892,"SW"
"225","061019_6","E44","Control","Probe_D8","F",28.5,0.5476,0.475,0.4421834625323,"SW"
"226","061019_7","E44","Control","Probe_D8","F",28.9,0.5386,0.482470784641068,0.466118563392471,"SW"
"227","061019_8","E44","Control","Probe_D8","F",21.6,0.3951,0.36,0.327367636092468,"SW"
"228","061019_9","E44","Control","Probe_D8","F",21.4,0.4696,0.356073211314476,0.363918164910105,"SW"
"229","210201_6","E44","Control","Probe_D8","F",12.6,0.2602,0.21,0.190538957234915,"SW"
"230","210201_7","E44","Control","Probe_D8","F",24.9,0.5151,0.415692821368948,0.390286407031368,"SW"
"231","210201_8","E44","Control","Probe_D8","F",22.8,0.5293,0.380634390651085,0.345992940253628,"SW"
"232","210201_9","E44","Control","Probe_D8","F",30.3,0.6747,0.505,0.474205791397245,"SW"
"233","210201_10","E44","Control","Probe_D8","F",23.2,0.4343,0.386023294509151,0.375562089242477,"SW"
"234","210201_11","E44","Control","Probe_D8","M",31.3,0.4767,0.521666666666667,0.460179554011005,"SW"
"235","210201_12","E44","Control","Probe_D8","M",13.8,0.1393,0.23,0.189343482397717,"SW"
"236","210201_13","E44","Control","Probe_D8","M",27.5,0.4877,0.458333333333333,0.394707024927161,"SW"
"237","210201_14","E44","Control","Probe_D8","M",33.1,0.6168,0.550748752079867,0.530124623979373,"SW"
"238","210201_15","E44","Control","Probe_D8","M",23.8,0.4026,0.396666666666667,0.441883437602898,"SW"
"239","210201_16","E44","Control","Probe_D8","M",18.2,0.3603,0.303333333333333,0.321208879379513,"SW"
"240","210201_17","E44","Control","Probe_D8","M",37.5,0.6866,0.625,0.605040535777229,"SW"
"241","210201_18","E44","Control","Probe_D8","M",37.6,0.7137,0.626666666666667,0.615948908259256,"SW"
"242","210201_19","E2HN","Control","Probe_D8","M",24.6,0.4345,0.41,0.430325839358225,"SW"
"243","210614-1","E2HN","HFD","Probe_D8","F",19.1,0.3223,0.321548821548822,0.31828955164922,"SW"
"244","210614-2","E2HN","HFD","Probe_D8","F",25.5,0.5603,0.436643835616438,0.448850436593768,"SW"
"245","210614-3","E2HN","HFD","Probe_D8","F",22.5,0.473,0.394736842105263,0.458866899495537,"SW"
"246","210614-4","E2HN","HFD","Probe_D8","F",15.8,0.3926,0.27008547008547,0.275779713402641,"SW"
"247","210614-5","E2HN","HFD","Probe_D8","F",12.9,0.2829,0.219761499148211,0.230938775510204,"SW"
"248","210614-6","E2HN","HFD","Probe_D8","M",13.9,0.314,0.232053422370618,0.258393680052666,"SW"
"249","210614-7","E2HN","HFD","Probe_D8","M",25.7,0.4503,0.441580756013746,0.437226915234489,"SW"
"250","210118-11","E3HN","HFD","Probe_D8","F",39.6,0.639,0.66110183639399,0.730703259005146,"SW"
"251","210118-12","E3HN","HFD","Probe_D8","F",41.9,0.6381,0.698333333333333,0.738883742473367,"SW"
"252","210118-13","E3HN","HFD","Probe_D8","M",40.9,0.6836,0.681666666666667,0.674228227635862,"SW"
"253","210222_1","E3HN","Control","Probe_D8","F",30.7,0.6814,0.530224525043178,0.52471892807639,"SW"
"254","210222_2","E3HN","Control","Probe_D8","F",19.2,0.4394,0.335664335664336,0.377361731363792,"SW"
"255","210222_3","E3HN","Control","Probe_D8","M",29.5,0.4667,0.626326963906582,0.592033489788152,"SW"
"256","210222_4","E3HN","Control","Probe_D8","M",22.5,0.4155,0.389948006932409,0.403829332296628,"SW"
"257","210222_5","E3HN","Control","Probe_D8","M",29.1,0.5318,0.496587030716723,0.530526735833998,"SW"
"258","210222_6","E3HN","Control","Probe_D8","M",19.5,0.4276,0.325,0.318391660461653,"SW"
"259","210614-8","E3HN","HFD","Probe_D8","M",14.7,0.2994,0.245409015025042,0.283147342538302,"SW"
"260","210614-9","E3HN","HFD","Probe_D8","M",15.8,0.3517,0.265546218487395,0.282331219394718,"SW"
"261","210614-10","E3HN","HFD","Probe_D8","M",7.1,0.0876,0.118333333333333,0.0850981154070332,"SW"
"262","210614-11","E3HN","HFD","Probe_D8","M",15.2,0.3474,0.25503355704698,0.28993490235353,"SW"
"263","210614-12","E3HN","HFD","Probe_D8","M",15.3,0.3231,0.256281407035176,0.265554368373469,"SW"
"264","210614-13","E3HN","HFD","Probe_D8","F",13,0.2394,0.216666666666667,0.207488299531981,"SW"
"265","210614-14","E3HN","HFD","Probe_D8","F",29,0.5484,0.509666080843585,0.532323820617356,"SW"
"266","210614-15","E3HN","HFD","Probe_D8","F",14.4,0.3259,0.246575342465753,0.260324307053279,"SW"
"267","210614-16","E3HN","HFD","Probe_D8","F",19,0.4194,0.322033898305085,0.317078702653663,"SW"
"268","210614-31","E3HN","HFD","Probe_D8","F",8.7,0.2079,0.145,0.179425217916631,"SW"
"269","210614-17","E3HN","Control","Probe_D8","F",17.9,0.4021,0.30185497470489,0.303357223689174,"SW"
"270","210614-18","E3HN","Control","Probe_D8","F",18.6,0.4027,0.312605042016807,0.340175705355634,"SW"
"271","210614-19","E3HN","Control","Probe_D8","F",11.4,0.2422,0.193877551020408,0.205149923767576,"SW"
"272","210614-20","E3HN","Control","Probe_D8","F",19.8,0.4586,0.33389544688027,0.332126303592121,"SW"
"273","210614-21","E3HN","Control","Probe_D8","M",17.9,0.3852,0.300840336134454,0.304795062509891,"SW"
"274","210614-22","E3HN","Control","Probe_D8","M",19,0.3753,0.319327731092437,0.321483638855577,"SW"
"275","210614-23","E3HN","Control","Probe_D8","M",16.9,0.3768,0.282136894824708,0.273558879047481,"SW"
"276","210614-24","E3HN","Control","Probe_D8","M",30.6,0.5601,0.55535390199637,0.530046370776947,"SW"
"277","210614-25","E3HN","Control","Probe_D8","M",32.9,0.7034,0.575174825174825,0.572102480683205,"SW"
"278","210614-26","E3HN","Control","Probe_D8","M",6.7,0.1802,0.111480865224626,0.13358042994811,"SW"
"279","210614-27","E3HN","Control","Probe_D8","M",11.4,0.2819,0.197573656845754,0.206112451561015,"SW"
"280","210614-28","E3HN","Control","Probe_D8","M",12.1,0.2576,0.208620689655172,0.230783013796811,"SW"
"281","210614-29","E3HN","Control","Probe_D8","M",17.1,0.3646,0.292808219178082,0.28902100673801,"SW"
"282","210614-30","E3HN","Control","Probe_D8","M",23.9,0.5259,0.412068965517241,0.417083035926719,"SW"
"283","201026_1","E4HN","Control","Probe_D8","F",21.2,0.3832,0.352745424292845,0.343707955870482,"SW"
"284","201026_2","E4HN","Control","Probe_D8","F",18.2,0.4052,0.303333333333333,0.309077040427155,"SW"
"285","201026_3","E4HN","Control","Probe_D8","M",27.1,0.5659,0.451666666666667,0.425648740127868,"SW"
"286","201026_4","E4HN","Control","Probe_D8","M",10.1,0.2077,0.168333333333333,0.194730920682543,"SW"
"287","210118-1","E4HN","HFD","Probe_D8","M",35.2,0.4612,0.586666666666667,0.585799568144291,"SW"
"288","210118-2","E4HN","HFD","Probe_D8","M",26.7,0.4666,0.444259567387687,0.481427981840693,"SW"
"289","210118-3","E4HN","HFD","Probe_D8","M",29.2,0.4021,0.48585690515807,0.484282789353246,"SW"
"290","210118-4","E4HN","HFD","Probe_D8","F",35.6,0.5641,0.593333333333333,0.54344894026975,"SW"
"291","210118-5","E4HN","HFD","Probe_D8","F",35,0.4801,0.583333333333333,0.546126720509612,"SW"
"292","210118-6","E4HN","HFD","Probe_D8","F",36.6,0.5942,0.6110183639399,0.629983036471586,"SW"
"293","210118-7","E4HN","HFD","Probe_D8","F",37.2,0.6117,0.62,0.601711587645092,"SW"
"294","210118-8","E4HN","HFD","Probe_D8","F",27.4,0.4638,0.455906821963394,0.459936533121777,"SW"
"295","210118-9","E4HN","HFD","Probe_D8","F",24.3,0.3653,0.405,0.354694630546655,"SW"
"296","210118-10","E4HN","HFD","Probe_D8","F",27.9,0.4931,0.465776293823038,0.452967113724049,"SW"
"445","190715_10","E22","Control","Probe_D8","M",34,0.591,0.566666666666667,0.541903539336145,"SE"
"446","190715_5","E22","Control","Probe_D8","M",20.9,0.4337,0.348333333333333,0.338695821944553,"SE"
"447","190715_6","E22","Control","Probe_D8","M",11.4,0.3007,0.19,0.232541953445209,"SE"
"448","190715_7","E22","Control","Probe_D8","F",5.5,0.1339,0.0916666666666667,0.118811002661934,"SE"
"449","190715_8","E22","Control","Probe_D8","F",21.8,0.4837,0.363333333333333,0.371619545175169,"SE"
"450","190715_9","E22","Control","Probe_D8","M",12.7,0.2862,0.211666666666667,0.233289859797848,"SE"
"451","191028_3","E22","Control","Probe_D8","F",12.4,0.2659,0.206666666666667,0.210830954646369,"SE"
"452","191028_4","E22","Control","Probe_D8","F",1.7,0.0247,0.0282861896838602,0.0242299391799097,"SE"
"453","191028_5","E22","Control","Probe_D8","F",29.1,0.5723,0.484193011647255,0.445404311619581,"SE"
"454","191028_6","E22","Control","Probe_D8","M",16.6,0.3437,0.276666666666667,0.285654920212766,"SE"
"455","191028_7","E22","Control","Probe_D8","M",6.1,0.1178,0.101666666666667,0.0956246448575371,"SE"
"456","210222_16","E22","Control","Probe_D8","M",6.8,0.1512,0.165450121654501,0.164759725400458,"SE"
"457","210222_17","E22","Control","Probe_D8","F",8.2,0.2163,0.1396933560477,0.162399579548014,"SE"
"458","210503-18","E22","Control","Probe_D8","M",18.3,0.3998,0.35672514619883,0.331426676614441,"SE"
"459","210503-19","E22","Control","Probe_D8","M",14,0.3378,0.375335120643432,0.417707431680475,"SE"
"460","210503-20","E22","Control","Probe_D8","M",13.8,0.2729,0.266924564796905,0.254665920119448,"SE"
"461","210503-21","E22","Control","Probe_D8","F",23.6,0.4986,0.448669201520913,0.419909044972208,"SE"
"462","210503-22","E22","Control","Probe_D8","F",19.5,0.4231,0.376447876447876,0.386816602669592,"SE"
"463","190715_1","E33","Control","Probe_D8","M",10.3,0.2553,0.171666666666667,0.184358752166378,"SE"
"464","190715_2","E33","Control","Probe_D8","M",14.2,0.3644,0.236666666666667,0.260099928622412,"SE"
"465","190715_3","E33","Control","Probe_D8","M",12.8,0.2059,0.212978369384359,0.186503623188406,"SE"
"466","190909_2","E33","Control","Probe_D8","M",14.8,0.3405,0.246666666666667,0.236261448792673,"SE"
"467","190909_3","E33","Control","Probe_D8","F",16.9,0.3246,0.282608695652174,0.293463520477353,"SE"
"468","190909_4","E33","Control","Probe_D8","F",20.2,0.486,0.348877374784111,0.34818741940106,"SE"
"469","190909_8","E33","Control","Probe_D8","M",23.2,0.5677,0.386666666666667,0.396743308407296,"SE"
"470","190909_9","E33","Control","Probe_D8","F",11.2,0.2179,0.186978297161937,0.202565771125779,"SE"
"471","210118-15","E33","HFD","Probe_D8","F",7.5,0.115,0.125,0.135677206229353,"SE"
"472","210118-16","E33","HFD","Probe_D8","F",7.5,0.1637,0.125208681135225,0.150611831815254,"SE"
"473","210118-17","E33","HFD","Probe_D8","F",7.8,0.1674,0.129783693843594,0.136842965748386,"SE"
"474","210118-18","E33","HFD","Probe_D8","F",23.6,0.4343,0.393333333333333,0.369711415680599,"SE"
"475","210118-19","E33","HFD","Probe_D8","F",17.5,0.3688,0.291666666666667,0.313712146988772,"SE"
"476","210118-20","E33","HFD","Probe_D8","F",12.3,0.2282,0.205,0.204132748904195,"SE"
"477","210118-21","E33","HFD","Probe_D8","F",7.3,0.14,0.121666666666667,0.122036262203626,"SE"
"478","210118-22","E33","HFD","Probe_D8","M",11.9,0.241,0.198333333333333,0.216162884563638,"SE"
"479","210118-23","E33","HFD","Probe_D8","M",12.6,0.1818,0.21,0.214766686355582,"SE"
"480","210118-24","E33","HFD","Probe_D8","M",12.6,0.2471,0.21,0.249924142813796,"SE"
"481","210118-25","E33","HFD","Probe_D8","M",10,0.1512,0.166666666666667,0.203691229960932,"SE"
"482","210118-26","E33","HFD","Probe_D8","M",7.3,0.1423,0.121869782971619,0.144760935910478,"SE"
"483","210118-27","E33","HFD","Probe_D8","M",7.5,0.1484,0.125,0.147632311977716,"SE"
"484","210201_1","E33","Control","Probe_D8","F",4.2,0.0911,0.07,0.0771837668389392,"SE"
"485","210201_2","E33","Control","Probe_D8","F",18.3,0.4885,0.305,0.311384497705252,"SE"
"486","210201_3","E33","Control","Probe_D8","F",20.4,0.4184,0.34,0.351774003699344,"SE"
"487","210201_4","E33","Control","Probe_D8","F",10.7,0.2671,0.178333333333333,0.180509562749206,"SE"
"488","210201_5","E33","Control","Probe_D8","F",17.3,0.4215,0.28881469115192,0.294281924177896,"SE"
"489","210222_7","E33","Control","Probe_D8","F",7.2,0.1515,0.208092485549133,0.201973070257299,"SE"
"490","210222_8","E33","Control","Probe_D8","F",7.3,0.166,0.154008438818565,0.15411753783307,"SE"
"491","210222_9","E33","Control","Probe_D8","F",11.6,0.266,0.201388888888889,0.20042194092827,"SE"
"492","210222_10","E33","Control","Probe_D8","F",7.5,0.1662,0.142585551330799,0.16146895948703,"SE"
"493","210222_11","E33","Control","Probe_D8","F",6.6,0.1731,0.140425531914894,0.15343024286474,"SE"
"494","210222_12","E33","Control","Probe_D8","F",16.5,0.2877,0.278246205733558,0.269609221253866,"SE"
"495","210222_13","E33","Control","Probe_D8","M",11.1,0.2355,0.201818181818182,0.232730506967092,"SE"
"496","210222_14","E33","Control","Probe_D8","M",3.3,0.0535,0.0576923076923077,0.0499673111048847,"SE"
"497","210222_15","E33","Control","Probe_D8","M",8,0.135,0.133333333333333,0.136612021857923,"SE"
"498","210503-1","E33","Control","Probe_D8","M",21.5,0.5358,0.358333333333333,0.366133661336613,"SE"
"499","210503-2","E33","Control","Probe_D8","M",11.9,0.2744,0.230174081237911,0.225491001725696,"SE"
"500","210503-3","E33","Control","Probe_D8","M",6.3,0.1287,0.112299465240642,0.113622318354375,"SE"
"501","210503-4","E33","Control","Probe_D8","M",2.1,0.0382,0.0443037974683544,0.0398622560784723,"SE"
"502","210503-5","E33","Control","Probe_D8","M",25.5,0.4371,0.452930728241563,0.472081218274112,"SE"
"503","210503-6","E33","Control","Probe_D8","M",2.8,0.0564,0.0577319587628866,0.0677396108575546,"SE"
"504","210503-7","E33","Control","Probe_D8","F",14,0.2664,0.233333333333333,0.236736870167955,"SE"
"505","210503-8","E33","Control","Probe_D8","F",8.8,0.2193,0.20137299771167,0.212912621359223,"SE"
"506","210503-9","E33","Control","Probe_D8","F",6.2,0.1299,0.110320284697509,0.0999000230715989,"SE"
"507","210503-10","E33","Control","Probe_D8","F",13.1,0.3067,0.223931623931624,0.237696659691545,"SE"
"508","210503-11","E33","Control","Probe_D8","F",5.3,0.1115,0.127710843373494,0.134808366582034,"SE"
"509","210503-12","E33","Control","Probe_D8","F",7.6,0.16,0.143126177024482,0.140969162995595,"SE"
"510","210503-13","E33","Control","Probe_D8","F",8.5,0.2078,0.150709219858156,0.176595563865046,"SE"
"511","210503-14","E33","Control","Probe_D8","F",13.5,0.2921,0.310344827586207,0.306152394927156,"SE"
"512","210503-15","E33","Control","Probe_D8","F",9.2,0.2224,0.189690721649485,0.196258383339216,"SE"
"513","210503-16","E33","Control","Probe_D8","F",5.4,0.1325,0.195652173913043,0.221386800334169,"SE"
"514","210503-17","E33","Control","Probe_D8","F",10.5,0.21,0.291666666666667,0.315410033042956,"SE"
"515","061019_1","E44","Control","Probe_D8","M",18.5,0.3737,0.308333333333333,0.310614246529798,"SE"
"516","061019_10","E44","Control","Probe_D8","F",4.7,0.1077,0.0782029950083195,0.090140609306997,"SE"
"517","061019_2","E44","Control","Probe_D8","M",2.8,0.0484,0.0466666666666667,0.051320114515958,"SE"
"518","061019_3","E44","Control","Probe_D8","M",16.1,0.3722,0.267886855241265,0.284905082669933,"SE"
"519","061019_4","E44","Control","Probe_D8","M",9.9,0.1941,0.165,0.174503281488807,"SE"
"520","061019_5","E44","Control","Probe_D8","M",12.5,0.306,0.208333333333333,0.217484008528785,"SE"
"521","061019_6","E44","Control","Probe_D8","F",13.1,0.2845,0.218333333333333,0.229731912144703,"SE"
"522","061019_7","E44","Control","Probe_D8","F",12.6,0.2419,0.210350584307179,0.209346603202077,"SE"
"523","061019_8","E44","Control","Probe_D8","F",6.3,0.1463,0.105,0.121219653658132,"SE"
"524","061019_9","E44","Control","Probe_D8","F",18.8,0.4281,0.312811980033278,0.331757594544327,"SE"
"525","210201_6","E44","Control","Probe_D8","F",15.7,0.3992,0.261666666666667,0.292325717633275,"SE"
"526","210201_7","E44","Control","Probe_D8","F",12.2,0.2755,0.203672787979967,0.208743749052887,"SE"
"527","210201_8","E44","Control","Probe_D8","F",18.7,0.5331,0.312186978297162,0.348476925088247,"SE"
"528","210201_9","E44","Control","Probe_D8","F",20.2,0.518,0.336666666666667,0.364070846218724,"SE"
"529","210201_10","E44","Control","Probe_D8","F",19.6,0.3516,0.3261231281198,0.304047042545832,"SE"
"530","210201_11","E44","Control","Probe_D8","M",16.5,0.3368,0.275,0.325127908099237,"SE"
"531","210201_12","E44","Control","Probe_D8","M",9.6,0.1371,0.16,0.186353133070545,"SE"
"532","210201_13","E44","Control","Probe_D8","M",8.9,0.205,0.148333333333333,0.165911298154743,"SE"
"533","210201_14","E44","Control","Probe_D8","M",5.7,0.1277,0.0948419301164725,0.109755049419854,"SE"
"534","210201_15","E44","Control","Probe_D8","M",10.5,0.1559,0.175,0.171111842827352,"SE"
"535","210201_16","E44","Control","Probe_D8","M",25,0.428,0.416666666666667,0.381563697958456,"SE"
"536","210201_17","E44","Control","Probe_D8","M",5.8,0.1204,0.0966666666666667,0.106097990835389,"SE"
"537","210201_18","E44","Control","Probe_D8","M",9,0.1943,0.15,0.167687926124105,"SE"
"538","210201_19","E2HN","Control","Probe_D8","M",5.7,0.0896,0.095,0.0887392294741012,"SE"
"539","210614-1","E2HN","HFD","Probe_D8","F",14.7,0.2336,0.247474747474747,0.23069326486273,"SE"
"540","210614-2","E2HN","HFD","Probe_D8","F",8.8,0.1955,0.150684931506849,0.156612993671393,"SE"
"541","210614-3","E2HN","HFD","Probe_D8","F",15,0.2599,0.263157894736842,0.252134264648816,"SE"
"542","210614-4","E2HN","HFD","Probe_D8","F",12.3,0.3188,0.21025641025641,0.223939308794605,"SE"
"543","210614-5","E2HN","HFD","Probe_D8","F",13.3,0.2692,0.226575809199319,0.219755102040816,"SE"
"544","210614-6","E2HN","HFD","Probe_D8","M",22.3,0.4812,0.37228714524207,0.395984200131666,"SE"
"545","210614-7","E2HN","HFD","Probe_D8","M",16.5,0.239,0.283505154639175,0.232061365181086,"SE"
"546","210118-11","E3HN","HFD","Probe_D8","F",9.9,0.1623,0.165275459098497,0.185591766723842,"SE"
"547","210118-12","E3HN","HFD","Probe_D8","F",0.6,0.007,0.01,0.00810560444650301,"SE"
"548","210118-13","E3HN","HFD","Probe_D8","M",2.4,0.0434,0.04,0.0428050103560509,"SE"
"549","210222_1","E3HN","Control","Probe_D8","F",17,0.4071,0.293609671848014,0.313491452333282,"SE"
"550","210222_2","E3HN","Control","Probe_D8","F",17.8,0.4091,0.311188811188811,0.351339745791824,"SE"
"551","210222_3","E3HN","Control","Probe_D8","M",4.3,0.0891,0.0912951167728238,0.113028035012051,"SE"
"552","210222_4","E3HN","Control","Probe_D8","M",12.5,0.231,0.216637781629116,0.224511614345417,"SE"
"553","210222_5","E3HN","Control","Probe_D8","M",5.3,0.113,0.0904436860068259,0.112729449321628,"SE"
"554","210222_6","E3HN","Control","Probe_D8","M",20.2,0.4784,0.336666666666667,0.356217423678332,"SE"
"555","210614-8","E3HN","HFD","Probe_D8","M",14.8,0.2149,0.247078464106845,0.20323434840174,"SE"
"556","210614-9","E3HN","HFD","Probe_D8","M",8.6,0.2007,0.14453781512605,0.161114232961387,"SE"
"557","210614-10","E3HN","HFD","Probe_D8","M",0,0,0,0,"SE"
"558","210614-11","E3HN","HFD","Probe_D8","M",8.3,0.2041,0.139261744966443,0.170338841595727,"SE"
"559","210614-12","E3HN","HFD","Probe_D8","M",18.3,0.3795,0.306532663316583,0.311909262759924,"SE"
"560","210614-13","E3HN","HFD","Probe_D8","F",10.7,0.2272,0.178333333333333,0.196914543248397,"SE"
"561","210614-14","E3HN","HFD","Probe_D8","F",27.2,0.4774,0.478031634446397,0.463405164045816,"SE"
"562","210614-15","E3HN","HFD","Probe_D8","F",18.2,0.3936,0.311643835616438,0.314402108794632,"SE"
"563","210614-16","E3HN","HFD","Probe_D8","F",13.5,0.3277,0.228813559322034,0.247750812731534,"SE"
"564","210614-31","E3HN","HFD","Probe_D8","F",16.7,0.3324,0.278333333333333,0.286873219987917,"SE"
"565","210614-17","E3HN","Control","Probe_D8","F",18.8,0.4318,0.317032040472175,0.325763862693323,"SE"
"566","210614-18","E3HN","Control","Probe_D8","F",15.4,0.2401,0.258823529411765,0.202821422537591,"SE"
"567","210614-19","E3HN","Control","Probe_D8","F",15.3,0.3371,0.260204081632653,0.285532779942402,"SE"
"568","210614-20","E3HN","Control","Probe_D8","F",16.2,0.4009,0.27318718381113,0.290338933951333,"SE"
"569","210614-21","E3HN","Control","Probe_D8","M",18.6,0.4294,0.312605042016807,0.339768950783352,"SE"
"570","210614-22","E3HN","Control","Probe_D8","M",16.3,0.3368,0.273949579831933,0.288504368682542,"SE"
"571","210614-23","E3HN","Control","Probe_D8","M",16.9,0.3767,0.282136894824708,0.273486278495717,"SE"
"572","210614-24","E3HN","Control","Probe_D8","M",13.8,0.2901,0.250453720508167,0.274533926374562,"SE"
"573","210614-25","E3HN","Control","Probe_D8","M",17.1,0.371,0.298951048951049,0.301748678324522,"SE"
"574","210614-26","E3HN","Control","Probe_D8","M",20.7,0.4395,0.344425956738769,0.325796886582654,"SE"
"575","210614-27","E3HN","Control","Probe_D8","M",10.4,0.2553,0.180242634315425,0.186663742048695,"SE"
"576","210614-28","E3HN","Control","Probe_D8","M",13.2,0.3006,0.227586206896552,0.269306575882458,"SE"
"577","210614-29","E3HN","Control","Probe_D8","M",10.5,0.2404,0.179794520547945,0.190566785572731,"SE"
"578","210614-30","E3HN","Control","Probe_D8","M",14.2,0.3108,0.244827586206897,0.246490601950987,"SE"
"579","201026_1","E4HN","Control","Probe_D8","F",10.6,0.1919,0.176372712146423,0.172123060364158,"SE"
"580","201026_2","E4HN","Control","Probe_D8","F",12.1,0.2916,0.201666666666667,0.222425629290618,"SE"
"581","201026_3","E4HN","Control","Probe_D8","M",11.5,0.2731,0.191666666666667,0.205415569763069,"SE"
"582","201026_4","E4HN","Control","Probe_D8","M",10.4,0.1814,0.173333333333333,0.170073129570598,"SE"
"583","210118-1","E4HN","HFD","Probe_D8","M",10.7,0.1782,0.178333333333333,0.226343198272577,"SE"
"584","210118-2","E4HN","HFD","Probe_D8","M",15.4,0.2183,0.256239600665557,0.225237309120924,"SE"
"585","210118-3","E4HN","HFD","Probe_D8","M",13.6,0.2192,0.226289517470882,0.264000963507166,"SE"
"586","210118-4","E4HN","HFD","Probe_D8","F",13,0.2729,0.216666666666667,0.262909441233141,"SE"
"587","210118-5","E4HN","HFD","Probe_D8","F",7.6,0.1347,0.126666666666667,0.153224889091116,"SE"
"588","210118-6","E4HN","HFD","Probe_D8","F",6.6,0.1127,0.110183639398998,0.119486853265479,"SE"
"589","210118-7","E4HN","HFD","Probe_D8","F",21.6,0.3918,0.36,0.385402321463703,"SE"
"590","210118-8","E4HN","HFD","Probe_D8","F",24,0.4255,0.399334442595674,0.421955573185244,"SE"
"591","210118-9","E4HN","HFD","Probe_D8","F",12.7,0.2577,0.211666666666667,0.250218467812409,"SE"
"592","210118-10","E4HN","HFD","Probe_D8","F",14.5,0.2938,0.242070116861436,0.269887929450671,"SE"
"741","190715_10","E22","Control","Probe_D8","M",7.3,0.1366,0.121666666666667,0.125252154777187,"NW"
"742","190715_5","E22","Control","Probe_D8","M",6.4,0.1584,0.106666666666667,0.123701679031628,"NW"
"743","190715_6","E22","Control","Probe_D8","M",8.8,0.1602,0.146666666666667,0.123888330368881,"NW"
"744","190715_7","E22","Control","Probe_D8","F",9.1,0.1917,0.151666666666667,0.170097604259095,"NW"
"745","190715_8","E22","Control","Probe_D8","F",6.5,0.1335,0.108333333333333,0.102566072526122,"NW"
"746","190715_9","E22","Control","Probe_D8","M",13.7,0.2748,0.228333333333333,0.223997391587871,"NW"
"747","191028_3","E22","Control","Probe_D8","F",14.9,0.3187,0.248333333333333,0.252695845226768,"NW"
"748","191028_4","E22","Control","Probe_D8","F",9.7,0.1866,0.161397670549085,0.183048852266039,"NW"
"749","191028_5","E22","Control","Probe_D8","F",3.1,0.0778,0.0515806988352745,0.0605494591018756,"NW"
"750","191028_6","E22","Control","Probe_D8","M",17,0.337,0.283333333333333,0.280086436170213,"NW"
"751","191028_7","E22","Control","Probe_D8","M",27.7,0.5596,0.461666666666667,0.454257650783343,"NW"
"752","210222_16","E22","Control","Probe_D8","M",8.3,0.1987,0.201946472019465,0.216519559768988,"NW"
"753","210222_17","E22","Control","Probe_D8","F",15.4,0.3471,0.262350936967632,0.260605150536827,"NW"
"754","210503-18","E22","Control","Probe_D8","M",9.6,0.2427,0.187134502923977,0.201193732902263,"NW"
"755","210503-19","E22","Control","Probe_D8","M",3.6,0.0897,0.096514745308311,0.110918758501298,"NW"
"756","210503-20","E22","Control","Probe_D8","M",11,0.245,0.212765957446809,0.22863008585293,"NW"
"757","210503-21","E22","Control","Probe_D8","F",8,0.1919,0.152091254752852,0.161613609567121,"NW"
"758","210503-22","E22","Control","Probe_D8","F",6.1,0.1249,0.117760617760618,0.114189065642713,"NW"
"759","190715_1","E33","Control","Probe_D8","M",14,0.332,0.233333333333333,0.239745811669555,"NW"
"760","190715_2","E33","Control","Probe_D8","M",9.6,0.2265,0.16,0.161670235546039,"NW"
"761","190715_3","E33","Control","Probe_D8","M",9.3,0.1812,0.154742096505824,0.164130434782609,"NW"
"762","190909_2","E33","Control","Probe_D8","M",14.2,0.3684,0.236666666666667,0.255620316402997,"NW"
"763","190909_3","E33","Control","Probe_D8","F",6.2,0.1321,0.103678929765886,0.119428623090137,"NW"
"764","190909_4","E33","Control","Probe_D8","F",8.5,0.2137,0.146804835924007,0.153102163633758,"NW"
"765","190909_8","E33","Control","Probe_D8","M",7.4,0.1848,0.123333333333333,0.12914948633727,"NW"
"766","190909_9","E33","Control","Probe_D8","F",8.9,0.1518,0.148580968280467,0.141117411917821,"NW"
"767","210118-15","E33","HFD","Probe_D8","F",7.2,0.0906,0.12,0.106890042472865,"NW"
"768","210118-16","E33","HFD","Probe_D8","F",6.8,0.129,0.113522537562604,0.118686171680927,"NW"
"769","210118-17","E33","HFD","Probe_D8","F",6.4,0.126,0.10648918469218,0.103000081746097,"NW"
"770","210118-18","E33","HFD","Probe_D8","F",5.9,0.1127,0.0983333333333333,0.0959393887801141,"NW"
"771","210118-19","E33","HFD","Probe_D8","F",3.2,0.0651,0.0533333333333333,0.0553759782238857,"NW"
"772","210118-20","E33","HFD","Probe_D8","F",17.4,0.3117,0.29,0.27882637087396,"NW"
"773","210118-21","E33","HFD","Probe_D8","F",9.4,0.1861,0.156666666666667,0.162221059972106,"NW"
"774","210118-22","E33","HFD","Probe_D8","M",6.5,0.1304,0.108333333333333,0.116961162436093,"NW"
"775","210118-23","E33","HFD","Probe_D8","M",0.7,0.0173,0.0116666666666667,0.0204370939161252,"NW"
"776","210118-24","E33","HFD","Probe_D8","M",5,0.071,0.0833333333333333,0.071811469606554,"NW"
"777","210118-25","E33","HFD","Probe_D8","M",3.8,0.0393,0.0633333333333333,0.0529435538192106,"NW"
"778","210118-26","E33","HFD","Probe_D8","M",9.4,0.1494,0.156928213689482,0.151983723296033,"NW"
"779","210118-27","E33","HFD","Probe_D8","M",12.8,0.2336,0.213333333333333,0.232391563867887,"NW"
"780","210201_1","E33","Control","Probe_D8","F",3.4,0.0755,0.0566666666666667,0.0639667881047191,"NW"
"781","210201_2","E33","Control","Probe_D8","F",5.3,0.1342,0.0883333333333333,0.0855430902600714,"NW"
"782","210201_3","E33","Control","Probe_D8","F",3.6,0.0837,0.06,0.0703716159408105,"NW"
"783","210201_4","E33","Control","Probe_D8","F",5.8,0.1465,0.0966666666666667,0.0990065553828479,"NW"
"784","210201_5","E33","Control","Probe_D8","F",3.6,0.095,0.0601001669449082,0.0663268868253857,"NW"
"785","210222_7","E33","Control","Probe_D8","F",3.9,0.0881,0.11271676300578,0.117451006532462,"NW"
"786","210222_8","E33","Control","Probe_D8","F",5.9,0.1545,0.124472573839662,0.143440720453068,"NW"
"787","210222_9","E33","Control","Probe_D8","F",9.2,0.2147,0.159722222222222,0.161769138034961,"NW"
"788","210222_10","E33","Control","Probe_D8","F",5.4,0.0945,0.102661596958175,0.0918099679393763,"NW"
"789","210222_11","E33","Control","Probe_D8","F",12.2,0.3055,0.259574468085106,0.270785321751462,"NW"
"790","210222_12","E33","Control","Probe_D8","F",3.2,0.0582,0.0539629005059022,0.0545403429856621,"NW"
"791","210222_13","E33","Control","Probe_D8","M",5.7,0.0999,0.103636363636364,0.0987251704713905,"NW"
"792","210222_14","E33","Control","Probe_D8","M",15.5,0.3028,0.270979020979021,0.282805641169328,"NW"
"793","210222_15","E33","Control","Probe_D8","M",19.4,0.3336,0.323333333333333,0.337583485124469,"NW"
"794","210503-1","E33","Control","Probe_D8","M",6.9,0.1678,0.115,0.114664479978133,"NW"
"795","210503-2","E33","Control","Probe_D8","M",16.1,0.3991,0.311411992263056,0.327964499958912,"NW"
"796","210503-3","E33","Control","Probe_D8","M",6.3,0.1478,0.112299465240642,0.130484682616756,"NW"
"797","210503-4","E33","Control","Probe_D8","M",15,0.2886,0.316455696202532,0.301158301158301,"NW"
"798","210503-5","E33","Control","Probe_D8","M",3.5,0.0677,0.0621669626998224,0.0731180473053245,"NW"
"799","210503-6","E33","Control","Probe_D8","M",12,0.21,0.247422680412371,0.252221955320682,"NW"
"800","210503-7","E33","Control","Probe_D8","F",16.5,0.3274,0.275,0.290944636985693,"NW"
"801","210503-8","E33","Control","Probe_D8","F",9,0.2245,0.205949656750572,0.217961165048544,"NW"
"802","210503-9","E33","Control","Probe_D8","F",20.8,0.4757,0.370106761565836,0.365838652618626,"NW"
"803","210503-10","E33","Control","Probe_D8","F",8.9,0.2002,0.152136752136752,0.155157715260017,"NW"
"804","210503-11","E33","Control","Probe_D8","F",17.8,0.3251,0.428915662650602,0.39306008946923,"NW"
"805","210503-12","E33","Control","Probe_D8","F",20.5,0.4323,0.386064030131827,0.380881057268722,"NW"
"806","210503-13","E33","Control","Probe_D8","F",11,0.2243,0.195035460992908,0.190617829523243,"NW"
"807","210503-14","E33","Control","Probe_D8","F",8.9,0.1897,0.204597701149425,0.198826118855466,"NW"
"808","210503-15","E33","Control","Probe_D8","F",17.6,0.3869,0.362886597938144,0.341422520296505,"NW"
"809","210503-16","E33","Control","Probe_D8","F",9.8,0.2036,0.355072463768116,0.340183792815372,"NW"
"810","210503-17","E33","Control","Probe_D8","F",3.8,0.0774,0.105555555555556,0.116251126464404,"NW"
"811","061019_1","E44","Control","Probe_D8","M",6.8,0.142,0.113333333333333,0.118028426564708,"NW"
"812","061019_10","E44","Control","Probe_D8","F",14.6,0.3545,0.242928452579035,0.296702376966856,"NW"
"813","061019_2","E44","Control","Probe_D8","M",15.6,0.21,0.26,0.222669918354363,"NW"
"814","061019_3","E44","Control","Probe_D8","M",15.2,0.3081,0.252911813643927,0.235838946723821,"NW"
"815","061019_4","E44","Control","Probe_D8","M",16.8,0.2733,0.28,0.245707093410051,"NW"
"816","061019_5","E44","Control","Probe_D8","M",12.5,0.2928,0.208333333333333,0.208102345415778,"NW"
"817","061019_6","E44","Control","Probe_D8","F",13,0.2696,0.216666666666667,0.217700258397933,"NW"
"818","061019_7","E44","Control","Probe_D8","F",11.1,0.2237,0.185308848080134,0.193595845954132,"NW"
"819","061019_8","E44","Control","Probe_D8","F",20.3,0.4124,0.338333333333333,0.341701880851769,"NW"
"820","061019_9","E44","Control","Probe_D8","F",5.8,0.1339,0.0965058236272879,0.103766274023559,"NW"
"821","210201_6","E44","Control","Probe_D8","F",9.8,0.2323,0.163333333333333,0.170108377270064,"NW"
"822","210201_7","E44","Control","Probe_D8","F",7.1,0.1715,0.118530884808013,0.129943930898621,"NW"
"823","210201_8","E44","Control","Probe_D8","F",4.6,0.128,0.0767946577629382,0.0836710681134789,"NW"
"824","210201_9","E44","Control","Probe_D8","F",4.8,0.1227,0.08,0.0862384031487208,"NW"
"825","210201_10","E44","Control","Probe_D8","F",6.1,0.1253,0.101497504159734,0.108353510895884,"NW"
"826","210201_11","E44","Control","Probe_D8","M",7.3,0.1292,0.121666666666667,0.124722463558259,"NW"
"827","210201_12","E44","Control","Probe_D8","M",8.8,0.141,0.146666666666667,0.191654206877803,"NW"
"828","210201_13","E44","Control","Probe_D8","M",12.1,0.2835,0.201666666666667,0.229443185496925,"NW"
"829","210201_14","E44","Control","Probe_D8","M",18.7,0.3548,0.311148086522463,0.304941985388913,"NW"
"830","210201_15","E44","Control","Probe_D8","M",12.7,0.2169,0.211666666666667,0.238063878827791,"NW"
"831","210201_16","E44","Control","Probe_D8","M",6.6,0.1602,0.11,0.142818935544263,"NW"
"832","210201_17","E44","Control","Probe_D8","M",9.7,0.2056,0.161666666666667,0.181177299964751,"NW"
"833","210201_18","E44","Control","Probe_D8","M",7.4,0.1445,0.123333333333333,0.12470872529559,"NW"
"834","210201_19","E2HN","Control","Probe_D8","M",22.8,0.3901,0.38,0.386352381895613,"NW"
"835","210614-1","E2HN","HFD","Probe_D8","F",8.4,0.1315,0.141414141414141,0.129863717163737,"NW"
"836","210614-2","E2HN","HFD","Probe_D8","F",7.6,0.173,0.13013698630137,0.138588480333253,"NW"
"837","210614-3","E2HN","HFD","Probe_D8","F",10.4,0.1696,0.182456140350877,0.16453240201785,"NW"
"838","210614-4","E2HN","HFD","Probe_D8","F",16.8,0.417,0.287179487179487,0.29291935937061,"NW"
"839","210614-5","E2HN","HFD","Probe_D8","F",16.2,0.3391,0.275979557069847,0.276816326530612,"NW"
"840","210614-6","E2HN","HFD","Probe_D8","M",5.6,0.1054,0.0934891485809683,0.086734693877551,"NW"
"841","210614-7","E2HN","HFD","Probe_D8","M",13.3,0.2826,0.228522336769759,0.274395572385669,"NW"
"842","210118-11","E3HN","HFD","Probe_D8","F",1.3,0.0049,0.0217028380634391,0.00560320182961692,"NW"
"843","210118-12","E3HN","HFD","Probe_D8","F",11.3,0.1388,0.188333333333333,0.160722556739231,"NW"
"844","210118-13","E3HN","HFD","Probe_D8","M",14.2,0.2476,0.236666666666667,0.244205542952954,"NW"
"845","210222_1","E3HN","Control","Probe_D8","F",3.8,0.0834,0.0656303972366148,0.0642230093947328,"NW"
"846","210222_2","E3HN","Control","Probe_D8","F",7,0.143,0.122377622377622,0.122810030917211,"NW"
"847","210222_3","E3HN","Control","Probe_D8","M",8.2,0.1412,0.174097664543524,0.179119624508436,"NW"
"848","210222_4","E3HN","Control","Probe_D8","M",11,0.1913,0.190641247833622,0.185926717854019,"NW"
"849","210222_5","E3HN","Control","Probe_D8","M",13.9,0.2209,0.237201365187713,0.22037110933759,"NW"
"850","210222_6","E3HN","Control","Probe_D8","M",8,0.1664,0.133333333333333,0.123901712583768,"NW"
"851","210614-8","E3HN","HFD","Probe_D8","M",23.5,0.4357,0.392320534223706,0.412048420654435,"NW"
"852","210614-9","E3HN","HFD","Probe_D8","M",17.2,0.3468,0.289075630252101,0.278397688046881,"NW"
"853","210614-10","E3HN","HFD","Probe_D8","M",41.9,0.7755,0.698333333333333,0.753351466873907,"NW"
"854","210614-11","E3HN","HFD","Probe_D8","M",14.9,0.3111,0.25,0.259639459188783,"NW"
"855","210614-12","E3HN","HFD","Probe_D8","M",9.1,0.1908,0.152428810720268,0.156817621435029,"NW"
"856","210614-13","E3HN","HFD","Probe_D8","F",16.8,0.3194,0.28,0.276824406309586,"NW"
"857","210614-14","E3HN","HFD","Probe_D8","F",0,0,0,0,"NW"
"858","210614-15","E3HN","HFD","Probe_D8","F",6.1,0.1392,0.104452054794521,0.111190989695663,"NW"
"859","210614-16","E3HN","HFD","Probe_D8","F",10.7,0.2542,0.18135593220339,0.192182656687079,"NW"
"860","210614-31","E3HN","HFD","Probe_D8","F",10,0.2117,0.166666666666667,0.182704755329248,"NW"
"861","210614-17","E3HN","Control","Probe_D8","F",11.5,0.2508,0.193929173693086,0.189211618257261,"NW"
"862","210614-18","E3HN","Control","Probe_D8","F",12.4,0.2653,0.208403361344538,0.224108802162527,"NW"
"863","210614-19","E3HN","Control","Probe_D8","F",14.2,0.2741,0.241496598639456,0.23217008300864,"NW"
"864","210614-20","E3HN","Control","Probe_D8","F",16.1,0.365,0.27150084317032,0.264339513325608,"NW"
"865","210614-21","E3HN","Control","Probe_D8","M",10.3,0.1875,0.173109243697479,0.148362082608008,"NW"
"866","210614-22","E3HN","Control","Probe_D8","M",7.4,0.1347,0.12436974789916,0.115384615384615,"NW"
"867","210614-23","E3HN","Control","Probe_D8","M",8.8,0.2251,0.146911519198664,0.163423842021199,"NW"
"868","210614-24","E3HN","Control","Probe_D8","M",6.8,0.1445,0.123411978221416,0.13674647487461,"NW"
"869","210614-25","E3HN","Control","Probe_D8","M",7.1,0.1551,0.124125874125874,0.126148840992273,"NW"
"870","210614-26","E3HN","Control","Probe_D8","M",18.7,0.381,0.311148086522463,0.2824314306894,"NW"
"871","210614-27","E3HN","Control","Probe_D8","M",19.1,0.4508,0.331022530329289,0.329604445419317,"NW"
"872","210614-28","E3HN","Control","Probe_D8","M",11.9,0.2341,0.205172413793103,0.209729439168608,"NW"
"873","210614-29","E3HN","Control","Probe_D8","M",18.7,0.4086,0.320205479452055,0.323900118906064,"NW"
"874","210614-30","E3HN","Control","Probe_D8","M",13.8,0.2923,0.237931034482759,0.231818542311048,"NW"
"875","201026_1","E4HN","Control","Probe_D8","F",13,0.2603,0.21630615640599,0.233473854157324,"NW"
"876","201026_2","E4HN","Control","Probe_D8","F",13.5,0.2574,0.225,0.196338672768879,"NW"
"877","201026_3","E4HN","Control","Probe_D8","M",6.9,0.1668,0.115,0.125460699511094,"NW"
"878","201026_4","E4HN","Control","Probe_D8","M",9.2,0.1343,0.153333333333333,0.125914119632477,"NW"
"879","210118-1","E4HN","HFD","Probe_D8","M",1.1,0.0114,0.0183333333333333,0.0144798679029595,"NW"
"880","210118-2","E4HN","HFD","Probe_D8","M",5.1,0.0898,0.0848585690515807,0.0926537350392076,"NW"
"881","210118-3","E4HN","HFD","Probe_D8","M",7.3,0.1026,0.121464226289517,0.123569794050343,"NW"
"882","210118-4","E4HN","HFD","Probe_D8","F",7.2,0.1276,0.12,0.122928709055877,"NW"
"883","210118-5","E4HN","HFD","Probe_D8","F",3.2,0.0573,0.0533333333333333,0.0651802980320783,"NW"
"884","210118-6","E4HN","HFD","Probe_D8","F",6,0.086,0.10016694490818,0.0911789652247667,"NW"
"885","210118-7","E4HN","HFD","Probe_D8","F",0,0,0,0,"NW"
"886","210118-8","E4HN","HFD","Probe_D8","F",3.3,0.047,0.0549084858569052,0.0466084886949623,"NW"
"887","210118-9","E4HN","HFD","Probe_D8","F",6.6,0.1384,0.11,0.134381978832896,"NW"
"888","210118-10","E4HN","HFD","Probe_D8","F",10.3,0.1884,0.17195325542571,0.173066323718538,"NW"
"1037","190715_10","E22","Control","Probe_D8","M",5.2,0.0763,0.0866666666666667,0.0699614890885751,"NE"
"1038","190715_5","E22","Control","Probe_D8","M",6.8,0.1441,0.113333333333333,0.112534166341273,"NE"
"1039","190715_6","E22","Control","Probe_D8","M",7.1,0.1621,0.118333333333333,0.125357667620447,"NE"
"1040","190715_7","E22","Control","Probe_D8","F",8.9,0.1942,0.148333333333333,0.172315882874889,"NE"
"1041","190715_8","E22","Control","Probe_D8","F",6.4,0.1479,0.106666666666667,0.113629379225569,"NE"
"1042","190715_9","E22","Control","Probe_D8","M",14.8,0.2568,0.246666666666667,0.209325073361591,"NE"
"1043","191028_3","E22","Control","Probe_D8","F",10.4,0.216,0.173333333333333,0.171265461465271,"NE"
"1044","191028_4","E22","Control","Probe_D8","F",1.1,0.0258,0.0183028286189684,0.0253090052972337,"NE"
"1045","191028_5","E22","Control","Probe_D8","F",3,0.0714,0.0499168053244592,0.0555685267335979,"NE"
"1046","191028_6","E22","Control","Probe_D8","M",15.7,0.2772,0.261666666666667,0.230385638297872,"NE"
"1047","191028_7","E22","Control","Probe_D8","M",7.5,0.1476,0.125,0.119814920042211,"NE"
"1048","210222_16","E22","Control","Probe_D8","M",3.8,0.0989,0.0924574209245742,0.107769423558897,"NE"
"1049","210222_17","E22","Control","Probe_D8","F",15.9,0.3416,0.270868824531516,0.256475711389744,"NE"
"1050","210503-18","E22","Control","Probe_D8","M",5.6,0.1357,0.10916179337232,0.112492746414656,"NE"
"1051","210503-19","E22","Control","Probe_D8","M",11.1,0.2272,0.297587131367292,0.280944726103623,"NE"
"1052","210503-20","E22","Control","Probe_D8","M",4,0.0721,0.0773694390715667,0.0672825681224337,"NE"
"1053","210503-21","E22","Control","Probe_D8","F",5.2,0.1255,0.0988593155893536,0.105693110998821,"NE"
"1054","210503-22","E22","Control","Probe_D8","F",9.3,0.2033,0.17953667953668,0.185865788992503,"NE"
"1055","190715_1","E33","Control","Probe_D8","M",20.4,0.4482,0.34,0.3236568457539,"NE"
"1056","190715_2","E33","Control","Probe_D8","M",10.8,0.2569,0.18,0.183369022127052,"NE"
"1057","190715_3","E33","Control","Probe_D8","M",5.1,0.1037,0.0848585690515807,0.0939311594202898,"NE"
"1058","190909_2","E33","Control","Probe_D8","M",15.8,0.3693,0.263333333333333,0.256244796003331,"NE"
"1059","190909_3","E33","Control","Probe_D8","F",16.8,0.2463,0.280936454849498,0.222674260916734,"NE"
"1060","190909_4","E33","Control","Probe_D8","F",13,0.3092,0.224525043177893,0.221521707981086,"NE"
"1061","190909_8","E33","Control","Probe_D8","M",21,0.4818,0.35,0.336711160807883,"NE"
"1062","190909_9","E33","Control","Probe_D8","F",34.5,0.5882,0.575959933222037,0.546806730501069,"NE"
"1063","210118-15","E33","HFD","Probe_D8","F",0,0,0,0,"NE"
"1064","210118-16","E33","HFD","Probe_D8","F",5,0.0907,0.0834724540901502,0.0834483393136443,"NE"
"1065","210118-17","E33","HFD","Probe_D8","F",6.6,0.1367,0.10981697171381,0.111746914084852,"NE"
"1066","210118-18","E33","HFD","Probe_D8","F",9.1,0.1907,0.151666666666667,0.16233932067762,"NE"
"1067","210118-19","E33","HFD","Probe_D8","F",3.4,0.0711,0.0566666666666667,0.0604797550187138,"NE"
"1068","210118-20","E33","HFD","Probe_D8","F",5.5,0.1111,0.0916666666666667,0.0993827712675552,"NE"
"1069","210118-21","E33","HFD","Probe_D8","F",4.1,0.0996,0.0683333333333333,0.0868200836820084,"NE"
"1070","210118-22","E33","HFD","Probe_D8","M",11.6,0.243,0.193333333333333,0.217956767423087,"NE"
"1071","210118-23","E33","HFD","Probe_D8","M",4,0.0724,0.0666666666666667,0.0855286473715298,"NE"
"1072","210118-24","E33","HFD","Probe_D8","M",7.9,0.1271,0.131666666666667,0.128552644887226,"NE"
"1073","210118-25","E33","HFD","Probe_D8","M",13.5,0.1666,0.225,0.224437558938435,"NE"
"1074","210118-26","E33","HFD","Probe_D8","M",0,0,0,0,"NE"
"1075","210118-27","E33","HFD","Probe_D8","M",16.7,0.247,0.278333333333333,0.245722244329487,"NE"
"1076","210201_1","E33","Control","Probe_D8","F",1.4,0.0276,0.0233333333333333,0.023383885452851,"NE"
"1077","210201_2","E33","Control","Probe_D8","F",4.7,0.1167,0.0783333333333333,0.0743880673125956,"NE"
"1078","210201_3","E33","Control","Probe_D8","F",2.3,0.0396,0.0383333333333333,0.0332940978644695,"NE"
"1079","210201_4","E33","Control","Probe_D8","F",10.2,0.266,0.17,0.179766168818004,"NE"
"1080","210201_5","E33","Control","Probe_D8","F",16.8,0.4069,0.280467445742905,0.284088528939468,"NE"
"1081","210222_7","E33","Control","Probe_D8","F",0.5,0.0036,0.0144508670520231,0.00479936008532196,"NE"
"1082","210222_8","E33","Control","Probe_D8","F",4.9,0.1081,0.10337552742616,0.100362083372017,"NE"
"1083","210222_9","E33","Control","Probe_D8","F",5.5,0.1347,0.0954861111111111,0.101491862567812,"NE"
"1084","210222_10","E33","Control","Probe_D8","F",11,0.2219,0.209125475285171,0.215583406198387,"NE"
"1085","210222_11","E33","Control","Probe_D8","F",1.9,0.0363,0.0404255319148936,0.0321751462506648,"NE"
"1086","210222_12","E33","Control","Probe_D8","F",5.8,0.1415,0.0978077571669477,0.13260238028301,"NE"
"1087","210222_13","E33","Control","Probe_D8","M",11.7,0.216,0.212727272727273,0.21345982804625,"NE"
"1088","210222_14","E33","Control","Probe_D8","M",7.7,0.1408,0.134615384615385,0.131502755206874,"NE"
"1089","210222_15","E33","Control","Probe_D8","M",2.4,0.0366,0.04,0.037037037037037,"NE"
"1090","210503-1","E33","Control","Probe_D8","M",9.5,0.23,0.158333333333333,0.15716823834905,"NE"
"1091","210503-2","E33","Control","Probe_D8","M",11.2,0.2598,0.216634429400387,0.213493302654285,"NE"
"1092","210503-3","E33","Control","Probe_D8","M",7.1,0.1341,0.126559714795009,0.118389688355257,"NE"
"1093","210503-4","E33","Control","Probe_D8","M",2.8,0.0626,0.0590717299578059,0.0653240112699572,"NE"
"1094","210503-5","E33","Control","Probe_D8","M",12.6,0.1519,0.223801065719361,0.16405659358462,"NE"
"1095","210503-6","E33","Control","Probe_D8","M",9.5,0.1508,0.195876288659794,0.181119385058852,"NE"
"1096","210503-7","E33","Control","Probe_D8","F",10,0.1888,0.166666666666667,0.167777481560473,"NE"
"1097","210503-8","E33","Control","Probe_D8","F",14.7,0.3197,0.336384439359268,0.310388349514563,"NE"
"1098","210503-9","E33","Control","Probe_D8","F",8.4,0.2063,0.149466192170818,0.158655694839652,"NE"
"1099","210503-10","E33","Control","Probe_D8","F",12.7,0.2632,0.217094017094017,0.20398356971247,"NE"
"1100","210503-11","E33","Control","Probe_D8","F",4.7,0.0937,0.113253012048193,0.113287389674767,"NE"
"1101","210503-12","E33","Control","Probe_D8","F",16.8,0.3585,0.31638418079096,0.315859030837004,"NE"
"1102","210503-13","E33","Control","Probe_D8","F",9.2,0.199,0.163120567375887,0.169117022180675,"NE"
"1103","210503-14","E33","Control","Probe_D8","F",12.4,0.274,0.285057471264368,0.287181637144953,"NE"
"1104","210503-15","E33","Control","Probe_D8","F",6.1,0.1459,0.125773195876289,0.12875044122838,"NE"
"1105","210503-16","E33","Control","Probe_D8","F",0,0,0,0,"NE"
"1106","210503-17","E33","Control","Probe_D8","F",9.3,0.1675,0.258333333333333,0.251577050165215,"NE"
"1107","061019_1","E44","Control","Probe_D8","M",17.7,0.3425,0.295,0.284681240129665,"NE"
"1108","061019_10","E44","Control","Probe_D8","F",5,0.1214,0.0831946755407654,0.101606963508537,"NE"
"1109","061019_2","E44","Control","Probe_D8","M",2.7,0.0616,0.045,0.0653165093839466,"NE"
"1110","061019_3","E44","Control","Probe_D8","M",4.1,0.0944,0.0682196339434276,0.0722596448254746,"NE"
"1111","061019_4","E44","Control","Probe_D8","M",5.6,0.1268,0.0933333333333333,0.113998022116336,"NE"
"1112","061019_5","E44","Control","Probe_D8","M",5.8,0.1244,0.0966666666666667,0.0884150675195451,"NE"
"1113","061019_6","E44","Control","Probe_D8","F",5.4,0.1367,0.09,0.110384366925065,"NE"
"1114","061019_7","E44","Control","Probe_D8","F",7.3,0.1513,0.121869782971619,0.13093898745132,"NE"
"1115","061019_8","E44","Control","Probe_D8","F",11.8,0.2531,0.196666666666667,0.20971082939763,"NE"
"1116","061019_9","E44","Control","Probe_D8","F",14.1,0.2588,0.234608985024958,0.200557966522009,"NE"
"1117","210201_6","E44","Control","Probe_D8","F",21.9,0.4739,0.365,0.347026947861746,"NE"
"1118","210201_7","E44","Control","Probe_D8","F",15.7,0.3577,0.262103505843072,0.271025913017124,"NE"
"1119","210201_8","E44","Control","Probe_D8","F",13.8,0.3394,0.230383973288815,0.221859066544646,"NE"
"1120","210201_9","E44","Control","Probe_D8","F",4.7,0.1074,0.0783333333333333,0.0754849592353107,"NE"
"1121","210201_10","E44","Control","Probe_D8","F",11.2,0.2452,0.186356073211314,0.212037357315808,"NE"
"1122","210201_11","E44","Control","Probe_D8","M",4.9,0.0932,0.0816666666666667,0.0899700743314992,"NE"
"1123","210201_12","E44","Control","Probe_D8","M",27.8,0.3183,0.463333333333333,0.432649177653935,"NE"
"1124","210201_13","E44","Control","Probe_D8","M",11.5,0.2594,0.191666666666667,0.209938491421172,"NE"
"1125","210201_14","E44","Control","Probe_D8","M",2.6,0.0642,0.043261231281198,0.0551783412118608,"NE"
"1126","210201_15","E44","Control","Probe_D8","M",13,0.1357,0.216666666666667,0.14894084074196,"NE"
"1127","210201_16","E44","Control","Probe_D8","M",10.2,0.1732,0.17,0.154408487117768,"NE"
"1128","210201_17","E44","Control","Probe_D8","M",7,0.1222,0.116666666666667,0.10768417342263,"NE"
"1129","210201_18","E44","Control","Probe_D8","M",6,0.1062,0.1,0.0916544403210495,"NE"
"1130","210201_19","E2HN","Control","Probe_D8","M",6.9,0.0955,0.115,0.094582549272061,"NE"
"1131","210614-1","E2HN","HFD","Probe_D8","F",17.2,0.3252,0.28956228956229,0.321153466324314,"NE"
"1132","210614-2","E2HN","HFD","Probe_D8","F",16.5,0.3195,0.282534246575342,0.255948089401586,"NE"
"1133","210614-3","E2HN","HFD","Probe_D8","F",9.1,0.1283,0.159649122807018,0.124466433837796,"NE"
"1134","210614-4","E2HN","HFD","Probe_D8","F",13.6,0.2952,0.232478632478632,0.207361618432144,"NE"
"1135","210614-5","E2HN","HFD","Probe_D8","F",16.3,0.3338,0.277683134582624,0.272489795918367,"NE"
"1136","210614-6","E2HN","HFD","Probe_D8","M",18.1,0.3146,0.302170283806344,0.258887425938117,"NE"
"1137","210614-7","E2HN","HFD","Probe_D8","M",2.7,0.058,0.0463917525773196,0.0563161471987572,"NE"
"1138","210118-11","E3HN","HFD","Probe_D8","F",9.1,0.0683,0.151919866444073,0.0781017724413951,"NE"
"1139","210118-12","E3HN","HFD","Probe_D8","F",6.2,0.0797,0.103333333333333,0.0922880963408986,"NE"
"1140","210118-13","E3HN","HFD","Probe_D8","M",2.5,0.0393,0.0416666666666667,0.0387612190551336,"NE"
"1141","210222_1","E3HN","Control","Probe_D8","F",6.4,0.1267,0.110535405872193,0.0975666101955952,"NE"
"1142","210222_2","E3HN","Control","Probe_D8","F",13.2,0.1729,0.230769230769231,0.148488491927173,"NE"
"1143","210222_3","E3HN","Control","Probe_D8","M",5.1,0.0913,0.10828025477707,0.115818850691361,"NE"
"1144","210222_4","E3HN","Control","Probe_D8","M",11.7,0.1911,0.202772963604853,0.185732335503936,"NE"
"1145","210222_5","E3HN","Control","Probe_D8","M",10.3,0.1367,0.175767918088737,0.136372705506784,"NE"
"1146","210222_6","E3HN","Control","Probe_D8","M",12.3,0.2706,0.205,0.201489203276247,"NE"
"1147","210614-8","E3HN","HFD","Probe_D8","M",6.9,0.1074,0.115191986644407,0.101569888405523,"NE"
"1148","210614-9","E3HN","HFD","Probe_D8","M",17.9,0.3465,0.300840336134454,0.278156859597014,"NE"
"1149","210614-10","E3HN","HFD","Probe_D8","M",11,0.1663,0.183333333333333,0.16155041771906,"NE"
"1150","210614-11","E3HN","HFD","Probe_D8","M",21.2,0.3356,0.355704697986577,0.28008679686196,"NE"
"1151","210614-12","E3HN","HFD","Probe_D8","M",17,0.3233,0.284757118927973,0.265718747431577,"NE"
"1152","210614-13","E3HN","HFD","Probe_D8","F",19.5,0.3678,0.325,0.318772750910036,"NE"
"1153","210614-14","E3HN","HFD","Probe_D8","F",0.7,0.0044,0.0123022847100176,0.0042710153368278,"NE"
"1154","210614-15","E3HN","HFD","Probe_D8","F",19.7,0.3932,0.337328767123288,0.314082594456426,"NE"
"1155","210614-16","E3HN","HFD","Probe_D8","F",15.8,0.3214,0.267796610169492,0.242987827927724,"NE"
"1156","210614-31","E3HN","HFD","Probe_D8","F",24.6,0.4067,0.41,0.350996806766203,"NE"
"1157","210614-17","E3HN","Control","Probe_D8","F",11.1,0.2408,0.187183811129848,0.181667295360241,"NE"
"1158","210614-18","E3HN","Control","Probe_D8","F",13.1,0.2757,0.220168067226891,0.232894069944247,"NE"
"1159","210614-19","E3HN","Control","Probe_D8","F",17.9,0.3272,0.304421768707483,0.277147213281382,"NE"
"1160","210614-20","E3HN","Control","Probe_D8","F",7.2,0.1563,0.12141652613828,0.113195249130939,"NE"
"1161","210614-21","E3HN","Control","Probe_D8","M",12.7,0.2617,0.21344537815126,0.20707390409875,"NE"
"1162","210614-22","E3HN","Control","Probe_D8","M",16.8,0.3206,0.282352941176471,0.274627377077266,"NE"
"1163","210614-23","E3HN","Control","Probe_D8","M",17.3,0.3988,0.28881469115192,0.289531000435603,"NE"
"1164","210614-24","E3HN","Control","Probe_D8","M",3.9,0.062,0.0707803992740472,0.0586732279738809,"NE"
"1165","210614-25","E3HN","Control","Probe_D8","M",0.1,0,0.00174825174825175,0,"NE"
"1166","210614-26","E3HN","Control","Probe_D8","M",14,0.3483,0.232945091514143,0.258191252779837,"NE"
"1167","210614-27","E3HN","Control","Probe_D8","M",16.8,0.3797,0.291161178509532,0.277619360970973,"NE"
"1168","210614-28","E3HN","Control","Probe_D8","M",20.8,0.3239,0.358620689655172,0.290180971152123,"NE"
"1169","210614-29","E3HN","Control","Probe_D8","M",12.1,0.2479,0.207191780821918,0.196512088783195,"NE"
"1170","210614-30","E3HN","Control","Probe_D8","M",6.1,0.1319,0.105172413793103,0.104607819811246,"NE"
"1171","201026_1","E4HN","Control","Probe_D8","F",15.3,0.2795,0.254575707154742,0.250695129608037,"NE"
"1172","201026_2","E4HN","Control","Probe_D8","F",16.2,0.3568,0.27,0.272158657513349,"NE"
"1173","201026_3","E4HN","Control","Probe_D8","M",14.5,0.3237,0.241666666666667,0.243474990597969,"NE"
"1174","201026_4","E4HN","Control","Probe_D8","M",30.3,0.5432,0.505,0.509281830114382,"NE"
"1175","210118-1","E4HN","HFD","Probe_D8","M",13,0.1365,0.216666666666667,0.173377365680173,"NE"
"1176","210118-2","E4HN","HFD","Probe_D8","M",12.9,0.1945,0.214642262895175,0.200680973999175,"NE"
"1177","210118-3","E4HN","HFD","Probe_D8","M",10,0.1064,0.166389351081531,0.128146453089245,"NE"
"1178","210118-4","E4HN","HFD","Probe_D8","F",4.2,0.0734,0.07,0.0707129094412331,"NE"
"1179","210118-5","E4HN","HFD","Probe_D8","F",14.2,0.207,0.236666666666667,0.235468092367194,"NE"
"1180","210118-6","E4HN","HFD","Probe_D8","F",10.7,0.1503,0.178631051752922,0.159351145038168,"NE"
"1181","210118-7","E4HN","HFD","Probe_D8","F",1.2,0.0131,0.02,0.012886090891206,"NE"
"1182","210118-8","E4HN","HFD","Probe_D8","F",5.4,0.0721,0.0898502495840266,0.0714994049980167,"NE"
"1183","210118-9","E4HN","HFD","Probe_D8","F",16.4,0.2685,0.273333333333333,0.26070492280804,"NE"
"1184","210118-10","E4HN","HFD","Probe_D8","F",7.2,0.1133,0.120200333889816,0.104078633106743,"NE"
