QA,PumpGroup,NameGroup,Source,CIVM_ID,Treatment,BadeaID,OldBadeaID,Geno,Sex_other,IDStripped,TestDate,Age_Substracted,DOB,Weight,Perfusion ,Age_Months,Age_Imaging,Age_Years,Age_Label,Specimens ID,DWI,GRE,T1,T2,Notes,AgeExVivoMRI,Diet,Age_Handling,Unnamed: 28,age
,1,original_2019_scans,In House,190610_1,Control,190610_1,190610_1,APOE44,male,190610,6/10/19,14,4/3/18,30.7,8/8/15,16.2,16,1.35,,190610_1:1,N57437,N57439,,,,16.2,Control,,,14
,2,original_2019_scans,In House,190610_6,Control,190610_6,190610_6,APOE44,female,190610,6/10/19,14,4/3/18,25.6,8/8/15,16.2,16,1.35,,190610_6:1,N57442,N57443,140,28,,16.2,Control,,,14
,3,original_2019_scans,In House,190610_2:1,Control,190610_2,190610_2,APOE44,male,190610,6/10/19,14,4/3/18,32.1,8/8/15,16.2,16,1.35,,190610_2:1,N57446,N57445,140,25,,16.2,Control,,,14
,4,original_2019_scans,In House,190610_7:1,Control,190610_7,190610_7,APOE44,female,190610,6/10/19,14,4/3/18,28.7,8/8/15,16.2,16,1.35,,190610_7:1,N57447,N57448,115,26,,16.2,Control,,,14
,5,original_2019_scans,In House,190610_3:1,Control,190610_3,190610_3,APOE44,male,190610,6/10/19,14,4/3/18,31.6,8/8/15,16.2,16,1.35,,190610_3:1,N57449,N57450,115,26,,16.2,Control,,,14
,6,original_2019_scans,In House,190610_8:1,Control,190610_8,190610_8,APOE44,female,190610,6/10/19,14,4/3/18,25.7,8/8/15,16.2,16,1.35,,190610_8:1,N57451,N57517,117,28,,16.2,Control,,,14
,7,original_2019_scans,In House,190715_7:1,Control,190715_7,190715_7,APOE22,female,190715,7/15/19,13,5/26/18,27.5,9/12/15,15.57,16,1.3,,190715_7:1,N57496,N57497,102,22,,15.57,Control,,,14
,8,original_2019_scans,In House,190715_6:1,Control,190715_6,190715_6,APOE22,male,190715,7/15/19,13,5/26/18,30.3,9/12/15,15.57,16,1.3,,190715_6:1,N57498,N57499,115,23,,15.57,Control,,,14
,9,original_2019_scans,In House,190715_8:1,Control,190715_8,190715_8,APOE22,female,190715,7/15/19,13,5/26/18,28,9/12/15,15.57,16,1.3,,190715_8:1,N57500,N57501,108,22,,15.57,Control,,,14
,10,original_2019_scans,In House,190715_9:1,Control,190715_9,190715_9,APOE22,male,190715,7/15/19,13,5/26/18,29.3,9/12/15,15.57,16,1.3,,190715_9:1,N57502,N57503,114,24,,15.57,Control,,,14
,11,original_2019_scans,In House,190715_10:1,Control,190715_10,190715_10,APOE22,male,190715,7/15/19,13,5/26/18,32.3,9/12/15,16.57,17,1.38,,190715_10:1,N57513,N57514,112,24,,16.57,Control,,,14
,12,original_2019_scans,In House,190610_4:1,Control,190610_4,190610_4,APOE44,male,190610,6/10/19,14,4/3/18,30.6,8/8/15,16.2,16,1.35,,190610_4:1,N57515,N57516,114,26,,16.2,Control,,,14
,13,original_2019_scans,In House,190610_9:1,Control,190610_9,190610_9,APOE44,female,190610,6/10/19,14,4/3/18,24.6,8/8/15,16.2,16,1.35,,190610_9:1,N57518,N57519,114,28,,16.2,Control,,,14
,14,original_2019_scans,In House,190610_5:1,Control,190610_5,190610_5,APOE44,male,190610,6/10/19,14,4/3/18,32.2,8/8/15,16.2,16,1.35,,190610_5:1,N57520,N57521,111,26,,16.2,Control,,,14
,15,original_2019_scans,In House,190610_10:1,Control,190610_10,190610_10,APOE44,female,190610,6/10/19,14,4/3/18,29.6,8/8/15,16.2,16,1.35,,190610_10:1,N57522,N57523,111,26,,16.2,Control,,,14
,16,original_2019_scans,In House,190715_1:1,Control,190715_1,190715_1,APOE33,male,190715,6/10/19,13,4/26/18,32.7,9/12/15,16.57,17,1.38, ,190715_1:1,N57546,N57547,113,26, ,16.57,Control,,,14
,17,original_2019_scans,In House,190715_2:1,Control,190715_2,190715_2,APOE33,male,190715,6/10/19,13,4/26/18,36.9,9/12/15,16.57,17,1.38, ,190715_2:1,N57548,N57549,113,26, ,16.57,Control,,,14
,18,original_2019_scans,In House,190715_3:1,Control,190715_3,190715_3,APOE33,male,190715,6/10/19,13,4/26/18,32.4,9/12/15,16.57,17,1.38, ,190715_3:1,N57550,N57551,116,26, ,16.57,Control,,,14
,19,original_2019_scans,In House,190715_5:1,Control,190715_5,190715_5,APOE22,male,190715,6/10/19,12,5/26/18,32,9/12/15,17.73,18,1.48,,190715_5:1,N57552,N57553,115,27,,17.73,Control,,,13
,20,original_2019_scans,In House,190715_4:1,Control,190715_4,190715_4,HN,female,190715,6/10/19,14,3/21/18,27.8,9/12/15,17.73,18,1.48,,190715_4:1,N57554,N57555,114,26,,17.73,Control,,,15
,21,original_2019_scans,In House,190909_9:1,Control,190909_9,190909_9,HN,male,190909,9/9/19,17,3/21/18,33.4,10/11/15,17.53,18,1.46,,190909_9:1,N57559,N57560,149,26,,17.53,Control,,,18
,22,original_2019_scans,In House,190909_10:1,Control,190909_10,190909_10,APOE33,male,190909,9/9/19,16,4/26/18,36.4,10/11/15,17.53,18,1.46, ,190909_10:1,N57580,N57581,125,27, ,17.53,Control,,,17
,23,original_2019_scans,In House,190909_11:1,Control,190909_11,190909_11,APOE33,female,190909,9/9/19,16,4/26/18,36.2,10/11/15,17.53,18,1.46, ,190909_11:1,N57582,N57583,108,24, ,17.53,Control,,,17
,24,original_2019_scans,In House,190909_12:1,Control,190909_12,190909_12,APOE33,female,190909,9/9/19,16,4/26/18,30.4,10/11/15,17.53,18,1.46, ,190909_12:1,N57584,N57585,108,24, ,17.53,Control,,,17
,24,original_2019_scans,In House,190909_13:1,Control,190909_13,190909_13,APOE33,male,190909,9/9/19,16,4/26/18,34,10/11/15,17.53,18,1.46, ,190909_13:1,N57587,N57588,114,25, ,17.53,Control,,,17
,25,original_2019_scans,In House,190909_14:1,Control,190909_14,190909_14,APOE33,female,190909,9/9/19,16,4/26/18,28.1,10/9/15,17.47,17,1.46, ,190909_14:1,N57590,N57591,111,17, ,17.47,Control,,,17
,26,original_2019_scans,In House,191028_7:1,Control,191028_7,191028_7,APOE22,male,191028,10/28/19,18,4/26/18,28,12/3/15,15.27,15,1.27,,191028_7:1,N57692,N57693,108,24,,15.27,Control,,,18
,27,original_2019_scans,In House,191028_3:1,Control,191028_3,191028_3,APOE22,female,191028,10/28/19,18,4/26/18,22.3,12/3/15,15.27,15,1.27,,191028_3:1,N57694,N57695,105,24,,15.27,Control,,,18
,28,original_2019_scans,In House,191028_6:1,Control,191028_6,191028_6,APOE22,male,191028,10/28/19,18,4/26/18,30.3,12/3/15,15.27,15,1.27,,191028_6:1,N57700,N57701,120,26,,15.27,Control,,,18
,29,original_2019_scans,In House,191028_4:1,Control,191028_4,191028_4,APOE22,female,191028,10/28/19,18,4/26/18,24,12/3/15,15.27,15,1.27,,191028_4:1,N57702,N57703,106,24,,15.27,Control,,,18
,30,original_2019_scans,In House,191028_5:1,Control,191028_5,191028_5,APOE22,female,191028,10/28/19,18,4/26/18,22.5,12/3/15,15.27,15,1.27,,191028_5:1,N57709,N57710,106,24,,15.27,Control,,,18
,I,1,In House,200331-14,Control,200331_14,24,APOE44,male,200331,3/31/20,18,9/11/18,32.2,4/23/16,19.4,19,1.62,TRUE,200331-14:1,N58302_m00-m48,N58301,115,26,,19.4,Control,,,66
,I,2,In House,200331-15,Control,200331_15,25,APOE44,male,200331,3/31/20,18,9/11/18,34.1,4/23/16,19.4,19,1.62,TRUE,200331-15:1,N58305_m00-m48,N58306,126,25,,19.4,Control,,,66
,I,3,In House,200331-16,Control,200331_16,26,APOE44,male,200331,3/31/20,16,11/5/18,33.4,4/23/16,17.6,18,1.47,TRUE,200331-16:1,N58303_m00-m48,N58304,119,26,,17.6,Control,,,64
,I,4,In House,200331-17,Control,200331_17,27,APOE44,female,200331,3/31/20,18,9/11/18,25.7,4/23/16,19.4,19,1.62,TRUE,200331-17:1,N58309_m00-m48,N58308,110,24,,19.4,Control,,,66
,I,5,In House,200331-18,Control,200331_18,28,APOE44,male,200331,3/31/20,18,9/11/18,32.2,4/23/16,19.4,19,1.62,TRUE,200331-18:1,N58310_m00-m48,N58311,110,26,,19.4,Control,,,66
,I,6,In House,200331-20,Control,200331_20,30,APOE44,male,200331,3/31/20,18,9/11/18,31.9,4/23/16,19.4,19,1.62,TRUE,200331-20:1,N58355_m00-m48,N58358,109,27,,19.4,Control,,,66
,I,7,In House,200302-10,Control,200302_10,8,APOE22,male,200302,3/2/20,17,10/1/18,33.2,4/23/16,18.73,19,1.56,TRUE,200302-10:1,N58344_m00-m48,N58348,104,25,,18.73,Control,,,65
,I,8,In House,200302-11,Control,200302_11,9,APOE22,male,200302,3/2/20,17,10/1/18,34.8,4/23/16,18.73,19,1.56,TRUE,200302-11:1,N58346_m00-m48,N58349,116,25,,18.73,Control,,,65
,I,9,In House,200302-12,Control,200302_12,10,APOE22,male,200302,3/2/20,17,10/1/18,36.5,4/23/16,18.73,19,1.56,TRUE,200302-12:1,N58350_m00-m48,N58356,111,25,,18.73,Control,,,65
,II,1,In House,200302-3,Control,200302_3,1,APOE22,male,200302,3/2/20,16,10/22/18,31,5/7/16,18.5,19,1.54,TRUE,200302-3:1,N58394_m00-m48,N58395,112,28,,18.5,Control,,,65
,II,2,In House,200302-4,Control,200302_4,2,APOE22,male,200302,3/2/20,16,10/22/18,30.8,5/7/16,18.5,19,1.54,TRUE,200302-4:1,N58396_m00-m48,N58397,111,28,,18.5,Control,,,65
,II,3,In House,200302-5,Control,200302_5,3,APOE22,male,200302,3/2/20,16,10/22/18,31.5,5/7/16,18.5,19,1.54,TRUE,200302-5:1,N58398_m00-m48,N58399,112,27,,18.5,Control,,,65
,II,4,In House,200302-6,Control,200302_6,4,APOE22,female,200302,3/2/20,16,10/22/18,27.6,5/7/16,18.5,19,1.54,TRUE,200302-6:1,N58359_m00-m48,N58360,112,26,,18.5,Control,,,65
,II,5,In House,200302-7,Control,200302_7,5,APOE22,female,200302,3/2/20,16,10/22/18,27.3,5/7/16,18.5,19,1.54,TRUE,200302-7:1,N58361_m00-m48,N58362,109,26,,18.5,Control,,,65
,II,6,In House,200302-8,Control,200302_8,6,APOE22,female,200302,3/2/20,16,10/22/18,27.5,5/7/16,18.5,19,1.54,TRUE,200302-8:1,N58404_m00-m48,N58405,107,27,18.5,18.5,Control,,,65
,II,7,In House,200302-9,Control,200302_9,7,APOE22,female,200302,3/2/20,16,10/22/18,28,5/7/16,18.5,19,1.54,TRUE,200302-9:1,N58402_m00-m48,N58403,105,27,18.5,18.5,Control,,,65
,III,1,In House,200331-1,Control,200331_1,11,APOE22,female,200331,3/31/20,16,11/23/18,25.8,5/7/16,17.47,17,1.46,TRUE,200331-1:1,N58516_m00-m48,N58517,97,24,17.47,17.47,Control,,,64
,III,2,In House,200331-2,Control,200331_2,12,APOE22,female,200331,3/31/20,16,11/23/18,25.6,5/28/16,18.17,18,1.51,TRUE,200331-2:1,N58608_m00-m48,N58612,88,25,18.17,18.17,Control,,,64
,III,3,In House,200331-3,Control,200331_3,13,APOE22,female,200331,3/31/20,16,11/23/18,26.9,5/28/16,18.17,18,1.51,TRUE,200331-3:1,,,,,18.17,18.17,Control,,,64
,III,4,In House,200331-4,Control,200331_4,14,APOE22,female,200331,3/31/20,16,11/23/18,27,5/28/16,18.17,18,1.51,TRUE,200331-4:1,N58606_m00-m48,N58607,88,25,18.17,18.17,Control,,,64
,III,5,In House,200331-5,Control,200331_5,15,APOE22,female,200331,3/31/20,16,11/23/18,25.9,5/28/16,18.17,18,1.51,TRUE,200331-5:1,N58604_m00-m48,N58605,96,25,18.17,18.17,Control,,,64
,III,6,In House,200331-7,Control,200331_7,17,APOE22,female,200331,3/31/20,16,11/23/18,29.3,5/28/16,18.17,18,1.51,TRUE,200331-7:1,N58512_m00-m48,N58513,93,26,18.17,18.17,Control,,,64
,III,7,In House,200331-8,Control,200331_8,18,APOE22,female,200331,3/31/20,16,11/23/18,26.6,5/28/16,18.17,18,1.51,TRUE,200331-8:1,N58477_m00-m48,N58478,95,24,18.17,18.17,Control,,,64
,III,8,In House,200331-9,Control,200331_9,19,APOE22,female,200331,3/31/20,16,11/23/18,27.9,5/28/16,18.17,18,1.51,TRUE,200331-9:1,N58500_m00-m48,N58501,100,25,18.17,18.17,Control,,,64
,III,9,In House,200331-10,Control,200331_10,20,APOE22,female,200331,3/31/20,16,11/23/18,25.7,5/28/16,18.17,18,1.51,TRUE,200331-10:1,N58510_m00-m48,N58511,94,25,18.17,18.17,Control,,,64
,III,10,In House,200331-11,Control,200331_11,21,APOE22,male,200331,3/31/20,16,11/23/18,28.6,5/28/16,18.17,18,1.51,TRUE,200331-11:1,N58406_m00-m48,N58407,104,27,18.17,18.17,Control,,,64
,III,11,In House,200331-12,Control,200331_12,22,APOE22,male,200331,3/31/20,16,11/23/18,30.9,5/28/16,18.17,18,1.51,TRUE,200331-12:1,N58408_m00-m48,N58409,117,27,18.17,18.17,Control,,,64
,III,12,In House,200331-13,Control,200331_13,23,APOE22,male,200331,3/31/20,16,11/23/18,26.6,5/28/16,18.17,18,1.51,TRUE,200331-13:1,N58514_m00-m48,N58515,95,27,18.17,18.17,Control,,,64
,IV,1,In House,201015-1           ,Control,201015_1,?,APOE33HN,male,201015,10/15/20,10,12/11/19,32,10/14/16,10.1,10,0.84,FALSE,201015-1:1,N58655_m00-m48,N58667,99,24,10.1,10.1,Control,,,58
,IX,1,In House,210624-1,Control,210503_1,210503_1,APOE33,male,210503,5/3/21,18,10/12/19,33.5,6/30/17,20.6,21,1.72,TRUE,210624-1:1,,,,,,20.6,Control,18.93333333,,67
,IX,2,In House,210624-2,Control,210503_2,210503_2,APOE33,male,210503,5/3/21,18,10/12/19,39,6/30/17,20.6,21,1.72,TRUE,210624-2:1,,,,,,20.6,Control,18.93333333,,67
,IX,3,In House,210624-3,Control,210503_3,210503_3,APOE33,male,210503,5/3/21,18,10/12/19,40.3,6/30/17,20.6,21,1.72,TRUE,210624-3:1,,,,,,20.6,Control,18.93333333,,67
,IX,4,In House,210624-4,Control,210503_4,210503_4,APOE33,male,210503,5/3/21,18,11/1/19,31.3,6/30/17,19.97,20,1.66,TRUE,210624-4:1,,,,,,19.97,Control,18.26666667,,66
,IX,5,In House,210624-5,Control,210503_5,210503_5,APOE33,male,210503,5/3/21,18,11/1/19,33.3,6/30/17,19.97,20,1.66,TRUE,210624-5:1,,,,,,19.97,Control,18.26666667,,66
,IX,6,In House,210624-6,Control,210503_6,210503_6,APOE33,male,210503,5/3/21,18,11/1/19,32.9,6/30/17,19.97,20,1.66,TRUE,210624-6:1,N58952_m00-m48,N58953,126,28,,19.97,Control,18.26666667,,66
,IX,7,In House,210624-7,Control,210503_7,210503_7,APOE33,female,210503,5/3/21,18,11/1/19,27.5,6/30/17,19.97,20,1.66,TRUE,210624-7:1,,,,,,19.97,Control,18.26666667,,66
,IX,8,In House,210624-8,Control,210503_8,210503_8,APOE33,female,210503,5/3/21,18,11/1/19,32.1,6/30/17,19.97,20,1.66,TRUE,210624-8:1,,,,,,19.97,Control,18.26666667,,66
,IX,9,In House,210624-9,Control,210503_9,210503_9,APOE33,female,210503,5/3/21,18,11/1/19,30.3,6/30/17,19.97,20,1.66,TRUE,210624-9:1,,,,,,19.97,Control,18.26666667,,66
,IX,10,In House,210624-10,Control,210503_11,210503_11,APOE33,female,210503,5/3/21,18,11/1/19,30.6,6/30/17,19.97,20,1.66,TRUE,210624-10:1,,,,,,19.97,Control,18.26666667,,66
,IX,11,In House,210624-11,Control,210503_12,210503_12,APOE33,female,210503,5/3/21,17,11/7/19,30.7,6/30/17,19.77,20,1.65,TRUE,210624-11:1,,,,,,19.77,Control,18.06666667,,66
,IX,12,In House,210624-12,Control,210503_13,210503_13,APOE33,female,210503,5/3/21,17,11/7/19,30.5,6/23/17,19.2,19,1.6,,210624-12:1,,,,,"Abdominal tumor.  6/30/21 die during image? Did not draw the blood. 7/1/21 dessection find uterus, ovary or kidney tumor. Save haed in formalin+0.5% ProHance",#VALUE!,Control,18.06666667,,66
,IX,13,In House,210624-13,Control,210503_14,210503_14,APOE33,female,210503,5/3/21,17,11/7/19,27.7,6/23/17,19.2,19,1.6,,210624-13:1,,,,,6/30/21 Die during image. Did not draw the blood. 7/1/21 Save haed in formalin+0.5% ProHance,#VALUE!,Control,18.06666667,,66
,IX,14,In House,210624-14,Control,210503_15,210503_15,APOE33,female,210503,5/3/21,17,11/7/19,36.5,6/30/17,19.77,20,1.65,TRUE,210624-14:1,,,,,,19.77,Control,18.06666667,,66
,IX,15,In House,210624-15,Control,210503_16,210503_16,APOE33,female,210503,5/3/21,17,11/7/19,30.1,6/23/17,19.2,19,1.6,,210624-15:1,,,,,"6/30/21 MRI find brain tumor. 7/1/21 wt 30.4g. Lip-I (IV) injection for Micro Ct , 7/6/21 Die during CT. Did not draw the blood. Save haed in formalin+0.5% ProHance",#VALUE!,Control,18.06666667,,66
,IX,16,In House,210624-16,Control,210503_17,210503_17,APOE33,female,210503,5/3/21,21,7/7/19,35.1,6/23/17,19.2,19,1.6,,210624-16:1,died during imaging,,,,7/1/21 Die during image. Did not draw the blood. 7/2/21 Save haed in formalin+0.5% ProHance,#VALUE!,Control,22.16666667,,70
,V,1,In House,210113-1           ,Control,201026_1,201026_1,APOE44HN,female,201026,10/26/20,17,4/28/19,28.4,1/14/17,20.53,21,1.71,TRUE,210113-1:1,N58706_m00-m48,N58707,105,27,20.53,20.53,Control,18.2,,66
,V,2,In House,210113-2           ,Control,201026_2,201026_2,APOE44HN,female,201026,10/26/20,14,8/11/19,31,1/14/17,17.1,17,1.43,TRUE,210113-2:1,N58708_m00-m48,N58709,107,26,17.1,17.1,Control,14.7,,62
,V,3,In House,210113-3           ,Control,201026_3,201026_3,APOE44HN,male,201026,10/26/20,10,11/29/19,31.8,1/14/17,13.5,14,1.13,FALSE,210113-3:1,N58712_m00-m48,N58713,116,27,13.5,13.5,Control,11.03,,59
,V,4,In House,210113-4           ,Control,201026_4,201026_4,APOE44HN,male,201026,10/26/20,17,4/28/19,28,1/14/17,20.53,21,1.71,TRUE,210113-4:1,N58714_m00-m48,N58715,111,27,20.53,20.53,Control,18.2,,66
,VI,1,In House,210216-1           ,Control,210216_1,?,APOE22HN,male,210216,2/16/21,8,6/15/20,29.5,2/15/17,8,8,0.67,FALSE,210216-1:1,,,,,8,8,Control,,,56
,VII,1,In House,210118-1           ,HFD,201012_1,201012_1,APOE44HN,male,201012,10/12/20,8,1/14/20,36.4,3/1/17,13.57,14,1.13,FALSE,210118-1:1,N58732_m00-m48,N58736,102,26,13.57,13.57,HFD,11.87,,57
,VII,2,In House,210118-2           ,HFD,201012_2,201012_2,APOE44HN,male,201012,10/12/20,8,1/14/20,35.4,3/1/17,13.57,14,1.13,FALSE,210118-2:1,N58733_m00-m48,N58737,109,26,13.57,13.57,HFD,11.87,,57
,VII,3,In House,210118-3           ,HFD,201012_3,201012_3,APOE44HN,male,201012,10/12/20,8,1/20/20,46.8,3/1/17,13.37,13,1.11,FALSE,210118-3:1,N58734_m00-m48,N58738,113,25,13.37,13.37,HFD,11.67,,57
,VII,4,In House,210118-8           ,HFD,201012_8,201012_8,APOE44HN,female,201012,10/12/20,9,12/24/19,41.2,3/1/17,14.23,14,1.19,FALSE,210118-8:1,N58735_m00-m48,N58739,130,28,14.23,14.23,HFD,12.53,,58
,VII,5,In House,210118-10           ,HFD,201012_10,201012_10,APOE44HN,female,201012,10/12/20,9,12/24/19,34.5,3/1/17,14.23,14,1.19,FALSE,210118-10:1,N58740_m00-m48,N58741,102,26,14.23,14.23,HFD,12.53,,58
,VII,6,In House,210118-11           ,HFD,201012_11,201012_11,APOE33HN,female,201012,10/12/20,10,11/19/19,44.1,3/1/17,15.4,15,1.28,FALSE,210118-11:1,N58742_m00-m48,N58743,106,26,15.4,15.4,HFD,13.7,,59
,VII,7,In House,210118-12           ,HFD,201012_12,201012_12,APOE33HN,female,201012,10/12/20,10,12/8/19,36.6,3/1/17,14.77,15,1.23,FALSE,210118-12:1,N58745_m00-m48,N59113,106,26,14.77,14.77,HFD,13.07,,58
,VII,8,In House,210118-13           ,HFD,201012_13,201012_13,APOE33HN,male,201012,10/12/20,7,2/19/20,31.4,3/1/17,12.4,12,1.03,FALSE,210118-13:1,N58747_m00-m48,N58748,106,26,12.4,12.4,HFD,11.03,,56
,VII,9,In House,210118-15           ,HFD,201012_15,201012_15,APOE33,female,201012,10/12/20,9,12/31/19,42.5,3/1/17,14.03,14,1.17,FALSE,210118-15:1,N58749_m00-m48,N58750,106,26,14.03,14.03,HFD,12.33,,58
,VII,10,In House,210118-16           ,HFD,201012_16,201012_16,APOE33,female,201012,10/12/20,9,12/31/19,41.2,3/1/17,14.03,14,1.17,FALSE,210118-16:1,N58751_m00-m48,N58752,107,26,14.03,14.03,HFD,12.33,,58
,VII,11,In House,210118-4           ,HFD,201012_4,201012_4,APOE44HN,female,201012,10/12/20,9,12/24/19,38.8,3/14/17,14.67,15,1.22,FALSE,210118-4:1,N58779_m00-m48,N58782,104,27,14.67,14.67,HFD,11.87,,58
,VII,12,In House,210118-5           ,HFD,201012_5,201012_5,APOE44HN,female,201012,10/12/20,9,12/24/19,39.8,3/14/17,14.67,15,1.22,FALSE,210118-5:1,N58780_m00-m48,N58781,110,28,,14.67,HFD,11.87,,58
,VII,13,In House,210118-6           ,HFD,201012_6,201012_6,APOE44HN,female,201012,10/12/20,9,12/24/19,39.7,3/14/17,14.67,15,1.22,FALSE,210118-6:1,N58784_m00-m48,N58785,97,27,,14.67,HFD,11.87,,58
,VII,14,In House,210118-7           ,HFD,201012_7,201012_7,APOE44HN,female,201012,10/12/20,9,12/24/19,32.8,3/14/17,14.67,15,1.22,FALSE,210118-7:1,N58788_m00-m48,N58789,104,26,,14.67,HFD,12.53,,58
,VII,15,In House,210118-9           ,HFD,201012_9,201012_9,APOE44HN,female,201012,10/12/20,9,12/24/19,31.9,3/15/17,14.7,15,1.23,FALSE,210118-9:1,N58790_m00-m48,N58791,113,27,,14.7,HFD,12.53,,58
,VII,16,In House,210118-17           ,HFD,201012_17,201012_17,APOE33,female,201012,10/12/20,9,12/31/19,41.3,3/14/17,14.47,14,1.21,FALSE,210118-17:1,N58792_m00-m48,N58793,106,27,,14.47,HFD,12.33,,58
,VII,17,In House,210118-18           ,HFD,201012_18,201012_18,APOE33,female,201012,10/12/20,9,12/31/19,44.3,3/14/17,14.47,14,1.21,FALSE,210118-18:1,N58794_m00-m48,N58795,109,27,,14.47,HFD,12.33,,58
,VII,18,In House,210118-19           ,HFD,201012_19,201012_19,APOE33,female,201012,10/12/20,9,1/1/20,40.3,3/14/17,14.43,14,1.2,FALSE,210118-19:1,N58829_m00-m48,N58830,104,24,d,14.43,HFD,12.3,,57
,VII,19,In House,210118-20           ,HFD,201012_20,201012_20,APOE33,female,201012,10/12/20,9,1/1/20,46.9,3/14/17,14.43,14,1.2,FALSE,210118-20:1,N58813_m00-m48,N58814,106,27,,14.43,HFD,12.3,,57
,VII,20,In House,210118-21           ,HFD,201012_21,201012_21,APOE33,female,201012,10/12/20,9,1/1/20,33.8,3/15/17,14.47,14,1.21,FALSE,210118-21:1,N58815_m00-m48,N58816,104,27,d,14.47,HFD,12.3,,57
,VII,21,In House,210118-22           ,HFD,201012_22,201012_22,APOE33,male,201012,10/12/20,9,1/1/20,46,3/15/17,14.47,14,1.21,FALSE,210118-22:1,N58821_m00-m48,N58822,105,26,d,14.47,HFD,12.3,,57
,VII,22,In House,210118-23           ,HFD,201012_23,201012_23,APOE33,male,201012,10/12/20,9,1/1/20,42,3/15/17,14.47,14,1.21,FALSE,210118-23:1,N58819_m00-m48,N58820,107,26,d,14.47,HFD,12.3,,57
,VII,23,In House,210118-24           ,HFD,201012_24,201012_24,APOE33,male,201012,10/12/20,9,12/31/19,43.8,3/15/17,14.5,15,1.21,FALSE,210118-24:1,N58831_m00-m48,N58832,108,27,d,14.5,HFD,12.33,,58
,VII,24,In House,210118-25           ,HFD,201012_25,201012_25,APOE33,male,201012,10/12/20,9,12/31/19,43.9,3/15/17,14.5,15,1.21,FALSE,210118-25:1,N58851_m00-m48,N58852,111,28,d,14.5,HFD,12.33,,58
,VII,25,In House,210118-26           ,HFD,201012_26,201012_26,APOE33,male,201012,10/12/20,9,12/31/19,54,3/15/17,14.5,15,1.21,FALSE,210118-26:1,N58853_m00-m48,N58854,100,29,d,14.5,HFD,12.33,,58
,VII,26,In House,210118-27           ,HFD,201012_27,201012_27,APOE33,male,201012,10/12/20,9,12/31/19,43.1,3/15/17,14.5,15,1.21,FALSE,210118-27:1,N58855_m00-m48,N58856,106,26,d,14.5,HFD,12.33,,58
,VIII,1,In House,210201-2,Control,210201_2,210201_2,APOE33,female,210201,2/1/21,13,1/1/20,31.2,6/8/17,17.23,17,1.44,TRUE,210201-2:1,N59003-m00-m48,N59004,64,26, ,17.23,Control,13.2,,61
,VIII,2,In House,210201-3,Control,210201_3,210201_3,APOE33,female,210201,2/1/21,13,1/1/20,34.6,6/8/17,17.23,17,1.44,TRUE,210201-3:1,,,,,,17.23,Control,13.2,,61
,VIII,3,In House,210201-4,Control,210201_4,210201_4,APOE33,female,210201,2/1/21,13,1/1/20,33.6,6/8/17,17.23,17,1.44,TRUE,210201-4:1,,,,,,17.23,Control,13.2,,61
,VIII,4,In House,210201-5,Control,210201_5,210201_5,APOE33,female,210201,2/1/21,13,1/1/20,28.5,6/8/17,17.23,17,1.44,TRUE,210201-5:1,,,,,,17.23,Control,13.2,,61
,VIII,5,In House,210201-6,Control,210201_6,210201_6,APOE44,female,210201,2/1/21,10,3/3/20,26.3,6/2/17,14.97,15,1.25,FALSE,210201-6:1,N58913_m00-m48,N58914,112,26,,14.97,Control,11.13333333,,59
,VIII,6,In House,210201-7,Control,210201_7,210201_7,APOE44,female,210201,2/1/21,10,3/3/20,25.7,6/2/17,14.97,15,1.25,FALSE,210201-7:1,N58915_m00-m48,N58916,110,25,,14.97,Control,11.13333333,,59
,VIII,7,In House,210201-8,Control,210201_8,210201_8,APOE44,female,210201,2/1/21,10,3/3/20,25.2,6/2/17,14.97,15,1.25,FALSE,210201-8:1,N58909_m00-m48,N58910,113,25,AD,14.97,Control,11.13333333,,59
,VIII,8,In House,210201-9,Control,210201_9,210201_9,APOE44,female,210201,2/1/21,10,3/3/20,25.6,6/2/17,14.97,15,1.25,FALSE,210201-9:1,N58906_m00-m48,N58907,113,25,AD,14.97,Control,11.13333333,,59
,VIII,9,In House,210201-10,Control,210201_10,210201_10,APOE44,female,210201,2/1/21,10,3/3/20,24.9,6/2/17,14.97,15,1.25,FALSE,210201-10:1,N58883_m00-m48,N58884,107,26,d,14.97,Control,11.13333333,,59
,VIII,10,In House,210201-11,Control,210201_11,210201_11,APOE44,male,210201,2/1/21,10,3/17/20,29.2,5/26/17,14.3,14,1.19,FALSE,210201-11:1,N58887_m00-m48,N58888,104,24,D,14.3,Control,10.66666667,,59
,VIII,11,In House,210201-12,Control,210201_12,210201_12,APOE44,male,210201,2/1/21,10,3/17/20,30.9,5/26/17,14.3,14,1.19,FALSE,210201-12:1,N58885_m00-m48,N58886,107,25,D,14.3,Control,10.66666667,,59
,VIII,12,In House,210201-13,Control,210201_13,210201_13,APOE44,male,210201,2/1/21,10,3/17/20,27.9,5/26/17,14.3,14,1.19,FALSE,210201-13:1,N58919_m00-m48,N58920,109,27,,14.3,Control,10.66666667,,59
,VIII,13,In House,210201-14,Control,210201_14,210201_14,APOE44,male,210201,2/1/21,10,3/3/20,30.3,5/26/17,14.77,15,1.23,FALSE,210201-14:1,,,,,,14.77,Control,11.13333333,,59
,VIII,14,In House,210201-15,Control,210201_15,210201_15,APOE44,male,210201,2/1/21,10,3/3/20,31.2,5/26/17,14.77,15,1.23,FALSE,210201-15:1,N58879_m00-m48,N58880,93,25,D,14.77,Control,11.13333333,,59
,VIII,15,In House,210201-16,Control,210201_16,210201_16,APOE44,male,210201,2/1/21,10,3/3/20,34.1,5/26/17,14.77,15,1.23,FALSE,210201-16:1,N58881_m00-m48,N58882,102,25,D,14.77,Control,11.13333333,,59
,VIII,16,In House,210201-17,Control,210201_17,210201_17,APOE44,male,210201,2/1/21,12,1/7/20,32.8,6/2/17,16.83,17,1.4,TRUE,210201-17:1,N58889_m00-m48,N58890,109,27,AD,16.83,Control,13,,61
,VIII,17,In House,210201-18,Control,210201_18,210201_18,APOE44,male,210201,2/1/21,12,1/7/20,30.6,6/2/17,16.83,17,1.4,TRUE,210201-18:1,,,,,,16.83,Control,13,,61
,VIII,18,In House,210201-19,Control,210201_19,210201_19,APOE22HN,male,210201,2/1/21,10,3/14/20,27,5/24/17,14.33,14,1.19,FALSE,210201-19:1,N58877_m00-m48,N58878,106,28,D,14.33,Control,10.76666667,,59
,VIII,19,In House,210222-1,Control,210222_1,210222_1,APOE33HN,female,210222,2/22/21,11,3/9/20,29.8,5/24/17,14.5,15,1.21,FALSE,210222-1:1,,,,,,14.5,Control,11.63333333,,59
Sep2022scans,VIII,20,In House,210222-2,Control,210222_2,210222_2,APOE33HN,female,210222,2/22/21,11,3/9/20,28.9,5/24/17,14.5,15,1.21,FALSE,210222-2:1,N60129_m00-m48,N60130,94,32,,14.5,Control,11.63333333,,59
Sep2022scans,VIII,21,In House,210222-3,Control,210222_3,210222_3,APOE33HN,male,210222,2/22/21,11,3/9/20,32.3,5/24/17,14.5,15,1.21,FALSE,210222-3:1,N60131_m00-m48,N60132,93,30,,14.5,Control,11.63333333,,59
Sep2022scans,VIII,22,In House,210222-4,Control,210222_4,210222_4,APOE33HN,male,210222,2/22/21,11,3/9/20,35.9,5/24/17,14.5,15,1.21,FALSE,210222-4:1,N60127_m00-m48,N60128,94,29,,14.5,Control,11.63333333,,59
,VIII,23,In House,210222-5,Control,210222_5,210222_5,APOE33HN,male,210222,2/22/21,11,3/9/20,32.8,5/24/17,14.5,15,1.21,FALSE,210222-5:1,,,,,,14.5,Control,11.63333333,,59
Sep2022scans,VIII,24,In House,210222-6,Control,210222_6,210222_6,APOE33HN,male,210222,2/22/21,11,3/9/20,33.8,5/24/17,14.5,15,1.21,FALSE,210222-6:1,N60139_m00-m48,N60140,89,30,,14.5,Control,11.63333333,,59
,VIII,25,In House,210222-7,Control,210222_7,210222_7,APOE33,female,210222,2/22/21,12,2/22/20,40.9,6/7/17,15.5,16,1.29,FALSE,210222-7:1,N58917_m00-m48,N58918,103,29, ,15.5,Control,12.16666667,,60
,VIII,26,In House,210222-8,Control,210222_8,210222_8,APOE33,female,210222,2/22/21,12,2/22/20,29,6/7/17,15.5,16,1.29,FALSE,210222-8:1,N58995-m00-m48,N58996,103,26, ,15.5,Control,12.16666667,,60
,VIII,27,In House,210222-9,Control,210222_9,210222_9,APOE33,female,210222,2/22/21,12,2/22/20,33.2,6/7/17,15.5,16,1.29,FALSE,210222-9:1,N59005-m00-m48,N59006,103,27, ,15.5,Control,12.16666667,,60
,VIII,28,In House,210222-10,Control,210222_10,210222_10,APOE33,female,210222,2/22/21,11,3/7/20,28.9,6/7/17,15,15,1.25,FALSE,210222-10:1,N58857_m00-m48,N58858,107,25, ,15,Control,11.7,,59
,VIII,29,In House,210222-11,Control,210222_11,210222_11,APOE33,female,210222,2/22/21,11,3/7/20,28.1,6/7/17,15,15,1.25,FALSE,210222-11:1,N58859_m00-m48,N58860,99,25, ,15,Control,11.7,,59
,VIII,30,In House,210222-12,Control,210222_12,210222_12,APOE33,female,210222,2/22/21,11,3/7/20,26.8,6/8/17,15.03,15,1.25,FALSE,210222-12:1,N58861_m00-m48,N58862,108,27, ,15.03,Control,11.7,,59
,VIII,31,In House,210222-13,Control,210222_13,210222_13,APOE33,male,210222,2/22/21,11,3/7/20,33.8,6/8/17,15.03,15,1.25,FALSE,210222-13:1, , , , , ,15.03,Control,11.7,,59
,VIII,32,In House,210222-14,Control,210222_14,210222_14,APOE33,male,210222,2/22/21,11,3/7/20,34.6,6/8/17,15.03,15,1.25,FALSE,210222-14:1,N59065_m00-m48,N59064,100,26, ,15.03,Control,11.7,,59
,VIII,33,In House,210222-15,Control,210222_15,210222_15,APOE33,male,210222,2/22/21,11,3/7/20,35.7,6/8/17,15.03,15,1.25,FALSE,210222-15:1,N59066_m00-m48,N59067,107,27, ,15.03,Control,11.7,,59
,VIII,34,In House,210222-16,Control,210222_16,210222_16,APOE22,male,210222,2/22/21,12,2/17/20,/, 6/7/2021,15.03,15,1.25,,210222-16:1,N59080_m00-m48,N59081,79,20,Did not draw the blood ,15.03,Control,12.36666667,,12
,VIII,35,In House,210222-17,Control,210222_17,210222_17,APOE22,female,210222,2/22/21,12,2/16/20,28.3,6/7/17,15.7,16,1.31,FALSE,210222-17:1,,,,,,15.7,Control,12.36666667,,60
,X,1,In House,210730-4,HFD,210112_2,210112_2,APOE44HN,female,210112,1/12/21,9,4/5/20,56.2,7/30/2021                                                 Micro Ct image                                           8/17/21                                                                        ,,0,#VALUE!,,210730-4:1,,,,,,#VALUE!,HFD,12.2,,57
,X,2,In House,210817-1,HFD,210112_4,210112_4,APOE44HN,female,210112,1/12/21,9,4/5/20,52.6,8/16/17,16.37,16,1.36,TRUE,210817-1:1,N58948_m00-m48,N58949,114,27,,16.37,HFD,12.2,,57
,X,3,In House,210817-2,Control,210112_5,210112_5,APOE44HN,male,210112,1/12/21,8,4/14/20,28.4,8/16/17,16.07,16,1.34,TRUE,210817-2:1,N59072_m00-m48,N59073,109,27,,16.07,Control,11.9,,57
,X,4,In House,210817-3,Control,210112_6,210112_6,APOE44HN,male,210112,1/12/21,8,4/14/20,29.5,8/16/17,16.07,16,1.34,TRUE,210817-3:1,N58935_m00-m48,N58936,111,28,,16.07,Control,11.9,,57
,X,5,In House,210817-4,Control,210112_7,210112_7,APOE44HN,male,210112,1/12/21,8,4/14/20,33.4,8/16/17,16.07,16,1.34,TRUE,210817-4:1,N59039_m00-m48,N59040,109,28,,16.07,Control,11.9,,57
,X,6,In House,210817-5,HFD,210112_9,210112_9,APOE44HN,male,210112,1/12/21,8,4/20/20,45.3,8/16/17,15.87,16,1.32,FALSE,210817-5:1,N58946_m00-m48,N58947,117,28,,15.87,HFD,11.7,,57
,X,7,In House,210730-3,HFD,210112_11,210112_11,APOE44HN,male,210112,1/12/21,8,4/20/20,51.1,8/16/17,15.87,16,1.32,FALSE,210730-3:1,N58954_m00-m48,N58955,108,27,,15.87,HFD,11.7,,57
,X,8,In House,210817-6,Control,210112_14,210112_14,APOE44HN,female,210112,1/12/21,8,4/20/20,30.2,8/16/17,15.87,16,1.32,FALSE,210817-6:1,N59033_m00-m48,N59034,109,28,,15.87,Control,11.7,,57
,X,9,In House,210817-7,Control,210112_15,210112_15,APOE44HN,female,210112,1/12/21,8,4/20/20,26.5,8/16/17,15.87,16,1.32,FALSE,210817-7:1,N59022_m00-m48,N59023,102,28,,15.87,Control,11.7,,57
,X,10,In House,210817-8,Control,210112_16,210112_16,APOE44HN,female,210112,1/12/21,8,4/20/20,25.5,8/16/17,15.87,16,1.32,FALSE,210817-8:1,N59035_m00-m48,N59036,107,27,,15.87,Control,11.7,,57
,X,11,In House,210817-9,Control,210112_17,210112_17,APOE44HN,female,210112,1/12/21,8,4/28/20,25.5,8/16/17,15.6,16,1.3,FALSE,210817-9:1,N59026_m00-m48,N59027,103,26,,15.6,Control,11.43333333,,57
,X,12,In House,210730-5,HFD,210112_18,210112_18,APOE33HN,male,210112,1/12/21,8,4/27/20,51.8,8/17/17,15.67,16,1.31,FALSE,210730-5:1,N59109_m00-m48,N59110,107,27,,15.67,HFD,11.46666667,,57
,X,13,In House,210817-10,HFD,210112_19,210112_19,APOE33HN,male,210112,1/12/21,8,4/27/20,53.6,8/18/17,15.7,16,1.31,FALSE,210817-10:1,N59097_m00-m48,N59098,110,26,,15.7,HFD,11.46666667,,57
,X,14,In House,210817-11,HFD,210112_20,210112_20,APOE33HN,male,210112,1/12/21,8,4/27/20,66.2,8/17/17,15.67,16,1.31,FALSE,210817-11:1,N59099_m00-m48,N59100,109,26,,15.67,HFD,11.46666667,,57
,X,15,In House,210730-6,HFD,210112_21,210112_21,APOE33HN,female,210112,1/12/21,8,4/27/20,57.7,8/17/17,15.67,16,1.31,FALSE,210730-6:1,N59116_m00-m48,N59117,107,26,,15.67,HFD,11.46666667,,57
,X,16,In House,210817-12,HFD,210112_23,210112_23,APOE33HN,female,210112,1/12/21,10,3/9/20,54.3,8/17/17,17.27,17,1.44,TRUE,210817-12:1,N59118_m00-m48,N59119,108,26,,17.27,HFD,13.06666667,,58
,X,17,In House,210817-13,HFD,210112_24,210112_24,APOE33HN,female,210112,1/12/21,8,4/28/20,52.2,8/17/17,15.63,16,1.3,FALSE,210817-13:1,N59120_m00-m48,N59121,109,27,,15.63,HFD,11.46666667,,57
,X,18,In House,210817-14,HFD,210112_25,210112_25,APOE44,male,210112,1/12/21,9,4/5/20,51.2,8/17/17,16.4,16,1.37,TRUE,210817-14:1,,,,,,16.4,HFD,12.2,,57
,X,19,In House,210730-7,HFD,210112_26,210112_26,APOE44,male,210112,1/12/21,9,4/5/20,50.3,8/18/17,16.43,16,1.37,TRUE,210730-7:1,,,,,,16.43,HFD,12.2,,57
,X,20,In House,210730-8,HFD,210112_27,210112_27,APOE44,female,210112,1/12/21,9,4/5/20,50.7,8/17/17,16.4,16,1.37,TRUE,210730-8:1,,,,,,16.4,HFD,12.2,,57
,X,21,In House,210817-15,HFD,210112_28,210112_28,APOE44,female,210112,1/12/21,9,4/5/20,45.1,8/17/17,16.4,16,1.37,TRUE,210817-15:1,,,,,,16.4,HFD,12.2,,57
,X,22,In House,210817-16,HFD,210112_29,210112_29,APOE44,female,210112,1/12/21,8,4/15/20,34.6,8/17/17,16.07,16,1.34,TRUE,210817-16:1,,,,,,16.07,HFD,11.86666667,,57
,X,23,In House,210817-17,HFD,210112_1,210112_1,APOE44HN,female,210112,1/12/21,9,4/5/20,49.3,8/18/17,16.43,16,1.37,TRUE,210817-17:1,,,,,,16.43,HFD,12.2,,57
,X,24,In House,210817-18,Control,210112_8,210112_8,APOE44HN,male,210112,1/12/21,8,4/14/20,26.6,8/17/17,16.1,16,1.34,TRUE,210817-18:1,N59041_m00-m48,N59042,105,26,,16.1,Control,11.9,,57
,X,25,In House,210817-19,HFD,210112_12,210112_12,APOE44HN,male,210112,1/12/21,8,4/20/20,49.9,8/18/17,15.93,16,1.33,FALSE,210817-19:1,N58941_m00-m48,N58942,109,26,,15.93,HFD,11.7,,57
,XI,1,In House,211001-1,Control,210503_18,210503_18,APOE22,male,210503,5/3/21,11,5/11/20,38.6,9/30/17,16.63,17,1.39,TRUE,211001-1:1,,,,,,16.63,Control,11.86666667,,60
,XI,2,In House,211001-2,Control,210503_19,210503_19,APOE22,male,210503,5/3/21,11,5/11/20,33.1,9/30/17,16.63,17,1.39,TRUE,211001-2:1,,,,,,16.63,Control,11.86666667,,60
,XI,3,In House,211001-3,Control,210503_20,210503_20,APOE22,male,210503,5/3/21,11,5/11/20,36.2,9/30/17,16.63,17,1.39,TRUE,211001-3:1,,,,,,16.63,Control,11.86666667,,60
,XI,4,In House,211001-4,Control,210503_21,210503_21,APOE22,female,210503,5/3/21,11,5/11/20,28.8,9/30/17,16.63,17,1.39,TRUE,211001-4:1,,,,,,16.63,Control,11.86666667,,60
,XI,5,In House,211001-5,Control,210503_22,210503_22,APOE22,female,210503,5/3/21,11,5/11/20,25.8,9/30/17,16.63,17,1.39,TRUE,211001-5:1,,,,,,16.63,Control,11.86666667,,60
july2022scans,XI,6,In House,211001-6,HFD,210614_2,210614_2,APOE22HN,female,210614,6/14/21,11,6/28/20,40.9,9/30/17,15.07,15,1.26,FALSE,211001-6:1,N60056_m00-m48,N60057,100,33,MRSOLUTIONS,15.07,HFD,11.66666667,,60
july2022scans,XI,7,In House,211001-7,HFD,210614_3,210614_3,APOE22HN,female,210614,6/14/21,11,6/28/20,33.9,9/30/17,15.07,15,1.26,FALSE,211001-7:1,N60058_m00-m48,N60059,97,31,MRSOLUTIONS,15.07,HFD,11.66666667,,60
july2022scans,XI,8,In House,211001-8,HFD,210614_4,210614_4,APOE22HN,female,210614,6/14/21,11,6/28/20,27.3,9/30/17,15.07,15,1.26,FALSE,211001-8:1,N60060_m00-m48,N60061,99,30,MRSOLUTIONS,15.07,HFD,11.66666667,,60
july2022scans,XI,9,In House,211001-9,HFD,210614_5,210614_5,APOE22HN,female,210614,6/14/21,11,6/28/20,28.2,9/30/17,15.07,15,1.26,FALSE,211001-9:1,N60062_m00-m48,N60063,85,31,MRSOLUTIONS,15.07,HFD,11.66666667,,60
july2022scans,XI,10,In House,210730-2,HFD,210614_1,210614_1,APOE22HN,female,210614,6/14/21,11,6/28/20,36.6,9/30/17,15.07,15,1.26,FALSE,210730-2:1,N60068_m00-m48,N60069,87,30,MRSOLUTIONS,15.07,HFD,11.66666667,,60
,XI,11,In House,211001-10,HFD,210614_8,210614_8,APOE33HN,male,210614,6/14/21,11,6/19/20,52.1,10/5/17,15.77,16,1.333333333,,211001-10:1,N59136_m00-m48,N59137,108,27,,15.77,HFD,11.96666667,,60
,XI,12,In House,211001-11,HFD,210614_9,210614_9,APOE33HN,male,210614,6/14/21,11,6/19/20,47.3,10/5/17,15.77,16,1.333333333,,211001-11:1,N59140_m00-m48,N59139,106,26,,15.77,HFD,11.96666667,,60
,XI,13,In House,211001-12,HFD,210614_10,210614_10,APOE33HN,male,210614,6/14/21,11,6/19/20,46.4,10/5/17,15.77,16,1.333333333,,211001-12:1,,,,,,15.77,HFD,11.96666667,,60
,XI,14,In House,211001-13,HFD,210614_11,210614_11,APOE33HN,male,210614,6/14/21,11,6/19/20,45.2,10/5/17,15.77,16,1.333333333,,211001-13:1,,,,,,15.77,HFD,11.96666667,,60
,XI,15,In House,211001-14,HFD,210614_12,210614_12,APOE33HN,male,210614,6/14/21,11,6/19/20,47.1,10/5/17,15.77,16,1.333333333,,211001-14:1,,,,,,15.77,HFD,11.96666667,,60
,XI,16,In House,211001-15,Control,210614_22,210614_22,APOE33HN,male,210614,6/14/21,11,6/19/20,34.6,10/5/17,15.77,16,1.333333333,,211001-15:1,,,,,,15.77,Control,11.96666667,,60
,XI,17,In House,211001-16,Control,210614_23,210614_23,APOE33HN,male,210614,6/14/21,11,6/19/20,33,10/5/17,15.77,16,1.333333333,,211001-16:1,,,,,,15.77,Control,11.96666667,,60
,XI,18,In House,211001-17,Control,210614_24,210614_24,APOE33HN,male,210614,6/14/21,11,6/19/20,35,10/5/17,15.77,16,1.333333333,,211001-17:1,,,,,,15.77,Control,11.96666667,,60
,XI,19,In House,211001-18,Control,210614_25,210614_25,APOE33HN,male,210614,6/14/21,11,6/19/20,32.8,10/5/17,15.77,16,1.333333333,,211001-18:1,,,,,,15.77,Control,11.96666667,,60
,XI,20,In House,211001-19,Control,210614_26,210614_26,APOE33HN,male,210614,6/14/21,11,6/19/20,36.8,10/5/17,15.77,16,1.333333333,,211001-19:1,,,,,,15.77,Control,11.96666667,,60
,XI,21,In House,211001-20,HFD,210614_13,210614_13,APOE33HN,female,210614,6/14/21,11,6/19/20,44.8,10/7/17,15.83,16,1.333333333,,211001-20:1,N59141_m00-m48,N59142,111,26,,15.83,HFD,11.96666667,,60
,XI,22,In House,211001-21,HFD,210614_14,210614_14,APOE33HN,female,210614,6/14/21,11,6/19/20,53.8,10/7/17,15.83,16,1.333333333,,211001-21:1,,,,,,15.83,HFD,11.96666667,,60
,XI,23,In House,211001-22,HFD,210614_15,210614_15,APOE33HN,female,210614,6/14/21,11,6/19/20,46,10/7/17,15.83,16,1.333333333,,211001-22:1,,,,,,15.83,HFD,11.96666667,,60
,XI,24,In House,211001-23,HFD,210614_16,210614_16,APOE33HN,female,210614,6/14/21,11,6/19/20,47.1,10/7/17,15.83,16,1.333333333,,211001-23:1,,,,,,15.83,HFD,11.96666667,,60
,XI,25,In House,211001-24,HFD,210614_31,210614_31,APOE33HN,female,210614,6/14/21,11,6/19/20,52,10/7/17,15.83,16,1.333333333,,211001-24:1,,,,,,15.83,HFD,11.96666667,,60
august2022scans,XI,26,In House,210730-1,HFD,210614_6,210614_6,APOE22HN,male,210614,6/14/21,11,6/28/20,38.1,10/4/17,15.43,15,1.25,,210730-1:1,N60095_m00-m48,N60096,97,31,,15.43,HFD,11.66666667,,60
,XI,27,In House,211001-25,HFD,210614_7,210614_7,APOE22HN,male,210614,6/14/21,11,6/28/20,31.2,10/4/17,15.43,15,1.25,,211001-25:1,,,,,,15.43,HFD,11.66666667,,60
Sep2022scans,XI,28,In House,211001-26,Control,210614_17,210614_17,APOE33HN,female,210614,6/14/21,11,6/15/20,26.7,10/4/17,15.87,16,1.333333333,,211001-26:1,N60133_m00-m48,N60134,96,31,,15.87,Control,12.1,,60
Sep2022scans,XI,29,In House,211001-27,Control,210614_18,210614_18,APOE33HN,female,210614,6/14/21,11,6/15/20,26.8,10/4/17,15.87,16,1.333333333,,211001-27:1,N60137_m00-m48,N60138,93,32,,15.87,Control,12.1,,60
,XI,30,In House,211001-28,Control,210614_19,210614_19,APOE33HN,female,210614,6/14/21,11,6/15/20,28.7,10/4/17,15.87,16,1.333333333,,211001-28:1,,,,,,15.87,Control,12.1,,60
,XI,31,In House,211001-29,Control,210614_20,210614_20,APOE33HN,female,210614,6/14/21,11,6/15/20,30,10/4/17,15.87,16,1.333333333,,211001-29:1,,,,,,15.87,Control,12.1,,60
November2022scans,XI,32,In House,211001-30,Control,210614_21,210614_21,APOE33HN,female,210614,6/14/21,11,6/15/20,34.3,10/4/17,15.87,16,1.333333333,,211001-30:1,N60198_m00-m48,N60199,90,30,,15.87,Control,12.1,,60
,XI,33,In House,211001-31,Control,210614_27,210614_27,APOE33HN,male,210614,6/14/21,11,6/27/20,31.8,10/4/17,15.47,15,1.25,,211001-31:1,,,,,,15.47,Control,11.7,,60
,XI,34,In House,211001-32,Control,210614_28,210614_28,APOE33HN,male,210614,6/14/21,11,6/27/20,33.3,10/4/17,15.47,15,1.25,,211001-32:1,,,,,,15.47,Control,11.7,,60
,XI,35,In House,211001-33,Control,210614_29,210614_29,APOE33HN,male,210614,6/14/21,11,6/27/20,32,10/4/17,15.47,15,1.25,,211001-33:1,,,,,,15.47,Control,11.7,,60
,XI,36,In House,211001-34,Control,210614_30,210614_30,APOE33HN,male,210614,6/14/21,11,6/27/20,29.5,10/4/17,15.47,15,1.25,,211001-34:1,,,,,,15.47,Control,11.7,,60
,XI,37,Colton lab,211001-35,,211001_35,Cage1414913_1,CVN,male,211001,10/1/21,12,9/6/20,28.6,10/6/17,,,,,211001-35:1,,,,,,,,,,61
,XI,38,Colton lab,211001-36,,211001_36,Cage1248386_1,CVN,male,211001,10/1/21,12,9/12/20,29.1,10/6/17,,,,,211001-36:1,,,,,,,,,,61
,XI,39,Colton lab,211001-37,,211001_37,Cage1248386_2,CVN,male,211001,10/1/21,12,9/12/20,28.5,10/6/17,,,,,211001-37:1,,,,,,,,,,61
,XI,40,Colton lab,211001-38,,211001_38,Cage1248386_3,CVN,male,211001,10/1/21,12,9/12/20,29.6,10/6/17,,,,,211001-38:1,,,,,,,,,,61
,XI,41,Colton lab,211001-39,,211001_39,Cage1248386_4,CVN,male,211001,10/1/21,12,9/12/20,26.1,10/6/17,,,,,211001-39:1,,,,,,,,,,61
,XI,42,Colton lab,211001-40,,211001_40,Cage1170422_1,CVN,male,211001,10/1/21,12,9/27/20,31.9,10/6/17,,,,,211001-40:1,,,,,,,,,,61
,XI,43,Colton lab,211001-41,,211001_41,Cage1170422_2,CVN,male,211001,10/1/21,12,9/27/20,32.4,10/6/17,,,,,211001-41:1,,,,,,,,,,61
,XI,44,Colton lab,211001-42,,211001_42,Cage1170422_3,CVN,male,211001,10/1/21,12,9/27/20,30.6,10/6/17,,,,,211001-42:1,,,,,,,,,,61
,XI,45,Colton lab,211001-43,,211001_43,Cage1170422_4,CVN,male,211001,10/1/21,12,9/27/20,29.3,10/6/17,,,,,211001-43:1,,,,,,,,,,61
,XI,46,Colton lab,211001-44,,211001_44,Cage1170422_5,CVN,male,211001,10/1/21,12,9/27/20,32.4,10/6/17,,,,,211001-44:1,,,,,,,,,,61
,XII,1,In House,210809-1,Control,210809_2,210809_2,APOE33HN,female,210809,8/9/21,11,8/23/20,22.3,11/9/17,14.77,15,1.25,,210809-1:1,,,,,,14.77,Control,11.66666667,,60
,XII,2,In House,210809-2,Control,210809_3,210809_3,APOE33HN,female,210809,8/9/21,11,8/23/20,24.4,11/9/17,14.77,15,1.25,,210809-2:1,,,,,,14.77,Control,11.66666667,,60
,XII,3,In House,210809-3,Control,210809_4,210809_4,APOE33HN,female,210809,8/9/21,11,9/2/20,30.1,11/9/17,14.43,15,1.25,,210809-3:1,,,,,,14.43,Control,11.33333333,,59
august2022scans,XII,4,In House,210809-4,HFD,210809_5,210809_5,APOE22HN,male,210809,8/9/21,11,8/15/20,34.7,11/9/17,15.03,15,1.25,,210809-4:1,N60103_m00-m48,N60104,96,30,,15.03,HFD,11.93333333,,60
august2022scans,XII,5,In House,210809-5,HFD,210809_6,210809_6,APOE22HN,male,210809,8/9/21,11,8/15/20,42,11/9/17,15.03,15,1.25,,210809-5:1,N60097_m00-m48,N60098,96,30,,15.03,HFD,11.93333333,,60
,XII,6,In House,210809-6,HFD,210809_7,210809_7,APOE22HN,male,210809,8/9/21,11,8/15/20,30.9,11/9/17,15.03,15,1.25,,210809-6:1,,,,,,15.03,HFD,11.93333333,,60
,XII,7,In House,210809-7,HFD,210809_8,210809_8,APOE22HN,male,210809,8/9/21,11,8/15/20,44.9,11/9/17,15.03,15,1.25,,210809-7:1,,,,,,15.03,HFD,11.93333333,,60
October2022scan,XII,8,In House,210906-1,Control,210906_1,210906_1,APOE22HN,female,210906,9/6/21,12,9/6/20,23.5,11/10/17,14.33,14,1.166666667,,210906-1:1,N60163_m00-m48,N60164,81,28,,14.33,Control,12.13333333,,60
October2022scan,XII,9,In House,210906-2,Control,210906_2,210906_2,APOE22HN,female,210906,9/6/21,12,9/6/20,22,11/10/17,14.33,14,1.166666667,,210906-2:1,N60169_m00-m48,N60170,84,31,,14.33,Control,12.13333333,,60
November2022scans,XII,10,In House,210906-3,Control,210906_3,210906_3,APOE22HN,female,210906,9/6/21,12,9/6/20,27,11/10/17,14.33,14,1.166666667,,210906-3:1,N60190_m00-m48,N60191,82,28,,14.33,Control,12.13333333,,60
November2022scans,XII,11,In House,210906-4,Control,210906_4,210906_4,APOE22HN,female,210906,9/6/21,12,9/6/20,26.1,11/9/17,14.3,14,1.166666667,,210906-4:1,N60188_m00-m48,N60189,88,29,,14.3,Control,12.13333333,,60
November2022scans,XII,12,In House,210906-5,Control,210906_5,210906_5,APOE22HN,female,210906,9/6/21,12,9/6/20,26.1,11/10/17,14.33,14,1.166666667,,210906-5:1,N60200_m00-m48,N60201,81,29,,14.33,Control,12.13333333,,60
November2022scans,XII,13,In House,210906-6,Control,210906_6,210906_6,APOE22HN,male,210906,9/6/21,11,9/27/20,34.5,11/10/17,13.63,14,1.166666667,,210906-6:1,N60192_m00-m48,N60193,88,29,,13.63,Control,11.43333333,,60
,XII,14,In House,210906-7,Control,210906_7,210906_7,APOE22HN,female,210906,9/6/21,11,9/20/20,25.7,11/9/17,13.83,14,1.166666667,,210906-7:1,,,,,,13.83,Control,11.66666667,,60
,XII,15,In House,210906-8,Control,210906_8,210906_8,APOE22HN,female,210906,9/6/21,11,9/20/20,27.8,11/9/17,13.83,14,1.166666667,,210906-8:1,,,,,,13.83,Control,11.66666667,,60
,XII,16,In House,210906-9,HFD,210906_9,210906_9,APOE44,female,210906,9/6/21,11,9/7/20,37.3,11/16/17,14.5,15,1.25,,210906-9:1,,,,,,14.5,HFD,12.1,,60
,XII,17,In House,210906-10,HFD,210906_10,210906_10,APOE44,female,210906,9/6/21,11,9/7/20,42.7,11/16/17,14.5,15,1.25,,210906-10:1,,,,,,14.5,HFD,12.1,,60
,XII,18,In House,210906-11,HFD,210906_11,210906_11,APOE44,female,210906,9/6/21,11,9/7/20,29.4,11/16/17,14.5,15,1.25,,210906-11:1,,,,,,14.5,HFD,12.1,,60
,XII,19,In House,210906-12,HFD,210906_12,210906_12,APOE44,female,210906,9/6/21,11,9/7/20,36.3,11/16/17,14.5,15,1.25,,210906-12:1,,,,,,14.5,HFD,12.1,,60
,XII,20,In House,210906-13,HFD,210906_13,210906_13,APOE44,female,210906,9/6/21,11,9/7/20,33,11/16/17,14.5,15,1.25,,210906-13:1,,,,,,14.5,HFD,12.1,,60
,XII,21,In House,210906-14,HFD,210906_14,210906_14,APOE44,female,210906,9/6/21,11,10/2/20,28.2,11/16/17,13.67,14,1.166666667,,210906-14:1,,,,,,13.67,HFD,11.26666667,,59
,XII,22,In House,210906-15,HFD,210906_15,210906_15,APOE44,female,210906,9/6/21,11,10/2/20,35.2,11/17/17,13.7,14,1.166666667,,210906-15:1,,,,,,13.7,HFD,11.26666667,,59
,XII,23,In House,210906-16,HFD,210906_16,210906_16,APOE44,female,210906,9/6/21,11,10/2/20,33.5,11/17/17,13.7,14,1.166666667,,210906-16:1,,,,,,13.7,HFD,11.26666667,,59
,XII,24,In House,210906-17,HFD,210906_17,210906_17,APOE44,female,210906,9/6/21,11,10/2/20,25.7,11/17/17,13.7,14,1.166666667,,210906-17:1,,,,,,13.7,HFD,11.26666667,,59
,XII,25,In House,210906-18,HFD,210906_18,210906_18,APOE44,female,210906,9/6/21,11,10/2/20,34.5,11/17/17,13.7,14,1.166666667,,210906-18:1,,,,,,13.7,HFD,11.26666667,,59
,XII,26,In House,211004-1,Control,211004_1,211004_1,APOE33,male,211004,10/4/21,11,10/14/20,37.1,11/1/17,13.17,13,1.083333333, ,211004-1:1,N58997-m00-m48,N58998,103,26, ,13.17,Control,12.2,,60
,XII,27,In House,211004-2,Control,211004_2,211004_2,APOE33,male,211004,10/4/21,11,10/14/20,36.3,11/1/17,13.17,13,1.083333333, ,211004-2:1,N58999-m00-m48,N59000,97,23, ,13.17,Control,12.2,,60
,XII,28,In House,211004-3,Control,211004_3,211004_3,APOE33,male,211004,10/4/21,12,10/2/20,37.2,11/1/17,12.77,13,1.083333333, ,211004-3:1,N59010-m00-m48,N59011,83,21, ,12.77,Control,11.8,,60
,XII,29,In House,211004-4,Control,211004_19,211004_19,APOE44,male,211004,10/4/21,17,4/5/20,31,11/16/17,19.67,20,1.666666667,,211004-4:1,,,,,,19.67,Control,18.2,,66
,XII,30,In House,211004-5,Control,211004_20,211004_20,APOE44,female,211004,10/4/21,17,4/5/20,29.3,11/16/17,19.67,20,1.666666667,,211004-5:1,,,,,,19.67,Control,18.2,,66
,XII,31,In House,211004-6,Control,211004_21,211004_21,APOE44HN,male,211004,10/4/21,17,4/20/20,29.2,11/16/17,19.17,19,1.583333333,,211004-6:1,,,,,,19.17,Control,17.7,,66
,XII,32,In House,211004-7,HFD,211004_5,211004_5,APOE33,female,211004,10/4/21,12,10/2/20,46.6,11/30/17,14.13,14,1.166666667,,211004-7:1,,,,,,14.13,HFD,12.2,,60
,XII,33,In House,211004-8,HFD,211004_9,211004_9,APOE33,female,211004,10/4/21,11,10/14/20,42.6,11/30/17,13.73,14,1.166666667,,211004-8:1,,,,,,13.73,HFD,11.8,,60
,XII,34,In House,211004-9,HFD,211004_14,211004_14,APOE44HN,male,211004,10/4/21,12,10/4/20,43.1,11/30/17,14.07,14,1.166666667,,211004-9:1,N59078_m00-m48,N59079,105,24,,14.07,HFD,12.13333333,,60
,XII,35,In House,211004-10,HFD,211004_15,211004_15,APOE44HN,male,211004,10/4/21,12,10/4/20,40.7,11/30/17,14.07,14,1.166666667,,211004-10:1,,,,,,14.07,HFD,12.13333333,,60
,XII,36,In House,211004-11,HFD,211004_16,211004_16,APOE44HN,male,211004,10/4/21,12,10/4/20,43.5,11/30/17,14.07,14,1.166666667,,211004-11:1,,,,,,14.07,HFD,12.13333333,,60
,XII,37,In House,211004-12,HFD,211004_17,211004_17,APOE44HN,male,211004,10/4/21,12,10/4/20,45.3,11/30/17,14.07,14,1.166666667,,211004-12:1,,,,,,14.07,HFD,12.13333333,,60
,XII,38,In House,211004-13,Control,211004_10,211004_10,APOE44HN,female,211004,10/4/21,12,10/4/20,25.6,11/30/17,14.07,14,1.166666667,,211004-13:1,N59076_m00-m48,N59077,103,24,,14.07,Control,12.13333333,,60
October2022scan,XII,39,In House,211004-14,Control,211004_11,211004_11,APOE44HN,female,211004,10/4/21,12,10/4/20,27.4,11/30/17,14.07,14,1.166666667,,211004-14:1,N60157_m00-m48,N60158,109,32,,14.07,Control,12.13333333,,60
October2022scan,XII,40,In House,211004-15,Control,211004_12,211004_12,APOE44HN,female,211004,10/4/21,12,10/4/20,21.3,12/1/17,14.1,14,1.166666667,,211004-15:1,N60159_m00-m48,N60160,93,32,,14.1,Control,12.13333333,,60
,XII,41,In House,211004-16,Control,211004_13,211004_13,APOE44HN,female,211004,10/4/21,12,10/4/20,22.8,12/1/17,14.1,14,1.166666667,,211004-16:1,,,,,,14.1,Control,12.13333333,,60
july2022scans,XIII,1,In House,211122-1,HFD,211122_1,211122-1,APOE22HN,female,211122,11/22/21,12,11/15/20,37,1/19/22,14.33,14,1.166666667,,211122-1:1,N60064_m00-m48,N60065,80,29,MRSOLUTIONS,14.33,HFD,12.4,,12
august2022scans,XIII,2,In House,211122-2,HFD,211122_2,211122-2,APOE22HN,female,211122,11/22/21,12,11/15/20,38,1/19/22,14.33,14,1.166666667,,211122-2:1,N60101_m00-m48,N60102,88,30,,14.33,HFD,12.4,,12
,XIII,3,In House,211122-3,HFD,211122_3,211122-3,APOE22HN,female,211122,11/22/21,12,11/15/20,39,1/19/22,14.33,14,1.166666667,,211122-3:1,,,,,,14.33,HFD,12.4,,12
august2022scans,XIII,4,In House,211122-4,HFD,211122_4,211122-4,APOE22HN,female,211122,11/22/21,12,11/19/20,34,1/19/22,14.2,14,1.166666667,,211122-4:1,N60093_m00-m48,N60094,85,30,,14.2,HFD,12.3,,12
,XIII,5,In House,211122-5,HFD,211122_5,211122-5,APOE22HN,female,211122,11/22/21,12,11/7/20,32,1/19/22,14.6,15,1.25,,211122-5:1,,,,,,14.6,HFD,12.66666667,,12
,XIII,6,In House,211122-6,HFD,211122_6,211122-6,APOE22HN,female,211122,11/22/21,12,11/7/20,38,1/19/22,14.6,15,1.25,,211122-6:1,,,,,,14.6,HFD,12.66666667,,12
,XIII,7,In House,211122-7,HFD,211122_7,211122-7,APOE22HN,female,211122,11/22/21,12,11/11/20,45,1/20/22,14.5,15,1.25,,211122-7:1,,,,,,14.5,HFD,12.53333333,,12
,XIII,8,In House,211122-8,HFD,211122_8,211122-8,APOE22HN,female,211122,11/22/21,12,11/11/20,33,1/20/22,14.5,15,1.25,,211122-8:1,,,,,,14.5,HFD,12.53333333,,12
October2022scan,XIII,9,In House,211122-9,Control,211122_9,211122-9,APOE22HN,male,211122,11/22/21,12,11/7/20,29,1/20/22,14.63,15,1.25,,211122-9:1,N60161_m00-m48,N60162,84,29,,14.63,Control,12.66666667,,12
October2022scan,XIII,10,In House,211122-10,Control,211122_10,211122-10,APOE22HN,male,211122,11/22/21,12,11/7/20,31,1/20/22,14.63,15,1.25,,211122-10:1,N60167_m00-m48,N60168,90,31,,14.63,Control,12.66666667,,12
November2022scans,XIII,11,In House,211122-11,Control,211122_11,211122-11,APOE22HN,male,211122,11/22/21,12,11/7/20,31,1/20/22,14.63,15,1.25,,211122-11:1,N60194_m00-m48,N60195,87,31,,14.63,Control,12.66666667,,12
,XIII,12,In House,211122-12,Control,211122_12,211122-12,APOE22HN,male,211122,11/22/21,12,11/7/20,30,1/20/22,14.63,15,1.25,,211122-12:1,,,,,,14.63,Control,12.66666667,,12
,XIII,13,In House,211122-13,Control,211122_13,211122-13,APOE22HN,male,211122,11/22/21,12,11/17/20,33,1/26/22,14.5,15,1.25,,211122-13:1,,,,,,14.5,Control,12.33333333,,12
,XIII,14,In House,211122-14,Control,211122_14,211122-14,APOE22HN,male,211122,11/22/21,12,11/17/20,31,1/26/22,14.5,15,1.25,,211122-14:1,,,,,,14.5,Control,12.33333333,,12
,XIII,15,In House,211122-15,Control,211122_15,211122-15,APOE22HN,male,211122,11/22/21,12,11/19/20,29,1/26/22,14.43,14,1.166666667,,211122-15:1,,,,,,14.43,Control,12.26666667,,12
,XIII,16,In House,211122-16,Control,211122_16,211122-16,APOE22HN,male,211122,11/22/21,12,11/19/20,32,1/27/22,14.47,14,1.166666667,,211122-16:1,,,,,,14.47,Control,12.26666667,,12
,XIII,17,In House,211122-23,Control,211122_23,211122-23,APOE22HN,male,211122,11/22/21,18,5/11/20,31,1/26/22,20.83,21,1.75,,211122-23:1,,,,,,20.83,Control,18.66666667,,18
,XIII,18,In House,211122-24,Control,211122_24,211122-24,APOE22HN,male,211122,11/22/21,17,6/16/20,31,1/26/22,19.63,20,1.666666667,,211122-24:1,,,,,,19.63,Control,17.46666667,,17
,XIII,19,In House,211122-25,Control,211122_25,211122-25,APOE22HN,male,211122,11/22/21,17,6/16/20,33,1/27/22,19.67,20,1.666666667,,211122-25:1,,,,,,19.67,Control,17.46666667,,17
,XIII,20,In House,211122-26,Control,211122_26,211122-26,APOE22HN,female,211122,11/22/21,17,6/16/20,32,1/27/22,19.67,20,1.666666667,,211122-26:1,,,,,,19.67,Control,17.46666667,,17
,XIII,21,In House,211122-27,Control,211122_27,211122-27,APOE22HN,female,211122,11/22/21,17,6/16/20,27,1/27/22,19.67,20,1.666666667,,211122-27:1,,,,,,19.67,Control,17.46666667,,17
,XIII,22,In House,211122-28,Control,211122_28,211122-28,APOE22HN,female,211122,11/22/21,20,3/10/20,26,1/27/22,22.93,23,1.916666667,,211122-28:1,,,,,,22.93,Control,20.73333333,,20
august2022scans,XIV,1,In House,220110_1,HFD,220110_1,220110_1,APOE22HN,male,220110,1/10/22,12,1/6/21,47,2/23/22,13.77,14,1.166666667,,220110_1:1,N60088_m00-m48,N60089,43,27,,13.77,HFD,12.3,,12
july2022scans,XIV,2,In House,220110_2,HFD,220110_2,220110_2,APOE22HN,male,220110,1/10/22,12,1/6/21,39,2/23/22,13.77,14,1.166666667,,220110_2:1,N60070_m00-m48,N60071,50,27,MRSOLUTIONS,13.77,HFD,12.3,,12
july2022scans,XIV,3,In House,220110_3,HFD,220110_3,220110_3,APOE22HN,male,220110,1/10/22,12,1/6/21,37,2/23/22,13.77,14,1.166666667,,220110_3:1,N60072_m00-m48,N60073,60,22,MRSOLUTIONS,13.77,HFD,12.3,,12
august2022scans,XIV,4,In House,220110_4,HFD,220110_4,220110_4,APOE22HN,male,220110,1/10/22,12,1/6/21,48,2/23/22,13.77,14,1.166666667,,220110_4:1,N60092_m00-m48,N60091,45,27,MRSOLUTIONS,13.77,HFD,12.3,,12
,XIV,5,In House,220110_5,Control,220110_5,220110_5,APOE22HN,male,220110,1/10/22,12,1/6/21,29,2/23/22,13.77,14,1.166666667,,220110_5:1,,,,,,13.77,Control,12.3,,12
,XIV,6,In House,220110_6,Control,220110_6,220110_6,APOE22HN,male,220110,1/10/22,12,1/6/21,31,2/23/22,13.77,14,1.166666667,,220110_6:1,,,,,,13.77,Control,12.3,,12
,XIV,7,In House,220110_7,Control,220110_7,220110_7,APOE22HN,male,220110,1/10/22,11,1/26/21,33,2/23/22,13.1,13,1.083333333,,220110_7:1,,,,,,13.1,Control,11.63333333,,12
,XIV,8,In House,220110_8,Control,220110_8,220110_8,APOE22HN,female,220110,1/10/22,12,1/4/21,27,2/24/22,13.87,14,1.166666667,,220110_8:1,,,,,,13.87,Control,12.36666667,,12
,XIV,9,In House,220110_9,Control,220110_9,220110_9,APOE22HN,female,220110,1/10/22,12,1/4/21,26,2/24/22,13.87,14,1.166666667,,220110_9:1,,,,,,13.87,Control,12.36666667,,12
,XIV,10,In House,220110_10,Control,220110_10,220110_10,APOE22HN,female,220110,1/10/22,12,1/4/21,27,2/24/22,13.87,14,1.166666667,,220110_10:1,,,,,,13.87,Control,12.36666667,,12
,XIV,11,In House,220110_11,HFD,220110_11,220110_11,APOE44,male,220110,1/10/22,12,1/7/21,48,2/24/22,13.77,14,1.166666667,,220110_11:1,,,,,,13.77,HFD,12.26666667,,12
,XIV,12,In House,220110_12,HFD,220110_12,220110_12,APOE44,male,220110,1/10/22,12,1/7/21,49,2/24/22,13.77,14,1.166666667,,220110_12:1,,,,,,13.77,HFD,12.26666667,,12
,XV,1,In House,220207-1,HFD,220207_1,220207-1,APOE33HN,male,220207,2/7/22,17,8/10/20,48,4/13/22,20.37,20,1.666666667,,220207-1:1,,,,,,20.36666667,HFD,18.43333333,,18
,XV,2,In House,220207-2,HFD,220207_2,220207-2,APOE33HN,male,220207,2/7/22,17,8/10/20,38,4/13/22,20.37,20,1.666666667,,220207-2:1,,,,,,20.36666667,HFD,18.43333333,,18
,XV,3,In House,220207-3,HFD,220207_3,220207-3,APOE33HN,male,220207,2/7/22,17,8/10/20,34,4/13/22,20.37,20,1.666666667,,220207-3:1,,,,,,20.36666667,HFD,18.43333333,,18
,XV,4,In House,220207-4,HFD,220207_4,220207-4,APOE33HN,male,220207,2/7/22,17,8/10/20,42,4/13/22,20.37,20,1.666666667,,220207-4:1,,,,,,20.36666667,HFD,18.43333333,,18
,XV,9,In House,220207-9,Control,220207_9,220207-9,APOE33HN,female,220207,2/7/22,17,8/10/20,27,4/6/22,20.13,20,1.666666667,,220207-9:1,,,,,,20.13,Control,18.43333333,,18
,XV,10,In House,220207-10,Control,220207_10,220207-10,APOE33HN,female,220207,2/7/22,17,8/10/20,29,4/6/22,20.13,20,1.666666667,,220207-10:1,,,,,,20.13,Control,18.43333333,,18
,XV,11,In House,220207-11,Control,220207_11,220207-11,APOE33HN,female,220207,2/7/22,17,8/10/20,37,4/6/22,20.13,20,1.666666667,,220207-11:1,,,,,,20.13,Control,18.43333333,,18
,XV,12,In House,220207-12,Control,220207_12,220207-12,APOE33HN,female,220207,2/7/22,17,8/10/20,34,4/6/22,20.13,20,1.666666667,,220207-12:1,,,,,,20.13,Control,18.43333333,,18
,XV,13,In House,220207-13,Control,220207_13,220207-13,APOE33HN,female,220207,2/7/22,17,8/10/20,29,4/6/22,20.13,20,1.666666667,,220207-13:1,,,,,,20.13,Control,18.43333333,,18
,XV,14,In House,220207-14,HFD,220207_14,220207-14,APOE33HN,female,220207,2/7/22,17,8/10/20,58,4/6/22,20.13,20,1.666666667,,220207-14:1,,,,,,20.13,HFD,18.43333333,,18
,XV,15,In House,220207-15,HFD,220207_15,220207-15,APOE33HN,female,220207,2/7/22,17,8/10/20,51,4/6/22,20.13,20,1.666666667,,220207-15:1,,,,,,20.13,HFD,18.43333333,,18
,XV,16,In House,220207-16,HFD,220207_16,220207-16,APOE33HN,female,220207,2/7/22,17,8/10/20,56,4/6/22,20.13,20,1.666666667,,220207-16:1,,,,,,20.13,HFD,18.43333333,,18
,XV,17,In House,220207-17,HFD,220207_17,220207-17,APOE33HN,female,220207,2/7/22,17,8/10/20,50,4/6/22,20.13,20,1.666666667,,220207-17:1,,,,,,20.13,HFD,18.43333333,,18
,XV,19,In House,220207-19,Control,220207_19,220207-19,APOE33HN,male,220207,2/7/22,17,8/14/20,33,4/14/22,20.27,20,1.666666667,,220207-19:1,,,,,,20.26666667,Control,18.3,,18
,XV,20,In House,220207-20,Control,220207_20,220207-20,APOE33HN,male,220207,2/7/22,17,8/14/20,38,4/14/22,20.27,20,1.666666667,,220207-20:1,,,,,,20.26666667,Control,18.3,,18
,XV,21,In House,220207-21,Control,220207_21,220207-21,APOE33HN,male,220207,2/7/22,17,8/14/20,37,4/14/22,20.27,20,1.666666667,,220207-21:1,,,,,,20.26666667,Control,18.3,,18
,XV,22,In House,220207-22,Control,220207_22,220207-22,APOE33HN,male,220207,2/7/22,17,9/7/20,34,4/14/22,19.47,19,1.583333333,,220207-22:1,,,,,,19.46666667,Control,17.5,,17
,XV,23,In House,220207-23,Control,220207_23,220207-23,APOE33HN,male,220207,2/7/22,17,9/7/20,32,4/14/22,19.47,19,1.583333333,,220207-23:1,,,,,,19.46666667,Control,17.5,,17
,XV,24,In House,220207-24,HFD,220207_24,220207-24,APOE33HN,male,220207,2/7/22,17,8/20/20,33,4/13/22,20.03,20,1.666666667,,220207-24:1,,,,,,20.03333333,HFD,18.1,,18
,XV,25,In House,220207-25,HFD,220207_25,220207-25,APOE33HN,male,220207,2/7/22,17,8/20/20,32,4/13/22,20.03,20,1.666666667,,220207-25:1,,,,,,20.03333333,HFD,18.1,,18
,XVI,1,In House,220307-1,Control,220307_1,220307-1,APOE33HN,female,220307,3/7/22,18,8/24/20,32,5/11/22,20.83,21,1.75,,220307-1:1,,,,,,20.83333333,Control,18.9,,19
,XVI,2,In House,220307-2,Control,220307_2,220307-2,APOE33HN,female,220307,3/7/22,18,8/24/20,26,5/11/22,20.83,21,1.75,,220307-2:1,,,,,,20.83333333,Control,18.9,,19
,XVI,3,In House,220307-4,Control,220307_4,220307-4,APOE33HN,female,220307,3/7/22,18,8/24/20,26,5/11/22,20.83,21,1.75,,220307-4:1,,,,,,20.83333333,Control,18.9,,19
,XVI,4,In House,220307-5,Control,220307_5,220307-5,APOE33HN,female,220307,3/7/22,18,8/24/20,25,5/11/22,20.83,21,1.75,,220307-5:1,,,,,,20.83333333,Control,18.9,,19
,XVI,5,In House,220307-6,Control,220307_6,220307-6,APOE22HN,male,220307,3/7/22,16,10/12/20,29,5/18/22,19.43,19,1.583333333,,220307-6:1,,,,,,19.43333333,Control,17.26666667,,17
,XVI,6,In House,220307-7,Control,220307_7,220307-7,APOE22HN,male,220307,3/7/22,16,10/12/20,31,5/18/22,19.43,19,1.583333333,,220307-7:1,,,,,,19.43333333,Control,17.26666667,,17
,XVI,7,In House,220307-8,Control,220307_8,220307-8,APOE22HN,male,220307,3/7/22,16,10/12/20,30,5/18/22,19.43,19,1.583333333,,220307-8:1,,,,,,19.43333333,Control,17.26666667,,17
,XVI,8,In House,220307-9,Control,220307_9,220307-9,APOE22HN,female,220307,3/7/22,16,10/12/20,27,5/18/22,19.43,19,1.583333333,,220307-9:1,,,,,,19.43333333,Control,17.26666667,,17
,XVI,9,In House,220307-10,Control,220307_10,220307-10,APOE22HN,female,220307,3/7/22,16,10/12/20,26,5/19/22,19.47,19,1.583333333,,220307-10:1,,,,,,19.46666667,Control,17.26666667,,17
,XVI,10,In House,220307-11,Control,220307_11,220307-11,APOE22HN,female,220307,3/7/22,16,10/12/20,21,5/19/22,19.47,19,1.583333333,,220307-11:1,,,,,,19.46666667,Control,17.26666667,,17
,XVI,11,In House,220307-12,Control,220307_12,220307-12,APOE22HN,female,220307,3/7/22,16,10/12/20,26,5/19/22,19.47,19,1.583333333,,220307-12:1,,,,,,19.46666667,Control,17.26666667,,17
,XVI,12,In House,220307-13,Control,220307_13,220307-13,APOE22HN,female,220307,3/7/22,16,10/12/20,28,5/19/22,19.47,19,1.583333333,,220307-13:1,,,,,,19.46666667,Control,17.26666667,,17
,XVI,13,In House,220307-14,Control,220307_14,220307-14,APOE33HN,male,220307,3/7/22,18,8/10/20,33,5/12/22,21.33,21,1.75,,220307-14:1,,,,,,21.33333333,Control,19.36666667,,19
,XVI,14,In House,220307-15,Control,220307_15,220307-15,APOE33HN,male,220307,3/7/22,18,8/10/20,32,5/12/22,21.33,21,1.75,,220307-15:1,,,,,,21.33333333,Control,19.36666667,,19
,XVI,15,In House,220307-16,Control,220307_16,220307-16,APOE33HN,male,220307,3/7/22,18,8/10/20,33,5/12/22,21.33,21,1.75,,220307-16:1,,,,,,21.33333333,Control,19.36666667,,19
,XVI,16,In House,220307-17,Control,220307_17,220307-17,APOE33HN,male,220307,3/7/22,18,8/10/20,32,5/12/22,21.33,21,1.75,,220307-17:1,,,,,,21.33333333,Control,19.36666667,,19
,XVII,1,In House,220404-1,HFD,220404_1,220404-1,APOE22,female,220404,4/4/22,11,4/5/21,30,6/22/22,14.8,15,1.22,,220404-1:1,,,,,,14.8,HFD,12.36666667,,12
,XVII,2,In House,220404-2,HFD,220404_2,220404-2,APOE22,female,220404,4/4/22,11,4/5/21,37,6/22/22,14.8,15,1.22,,220404-2:1,,,,,,14.8,HFD,12.36666667,,12
,XVII,3,In House,220404-3,HFD,220404_3,220404-3,APOE22,female,220404,4/4/22,11,4/5/21,40,6/22/22,14.8,15,1.22,,220404-3:1,,,,,,14.8,HFD,12.36666667,,12
,XVII,4,In House,220404-4,HFD,220404_4,220404-4,APOE22,female,220404,4/4/22,11,4/5/21,39,6/22/22,14.8,15,1.22,,220404-4:1,,,,,,14.8,HFD,12.36666667,,12
,XVII,5,In House,220404-5,HFD,220404_5,220404-5,APOE22,female,220404,4/4/22,9,6/20/21,29,6/22/22,12.26666667,12,1.01,,220404-5:1,,,,,,12.26666667,HFD,9.833333333,,10
,XVII,6,In House,220404-6,HFD,220404_6,220404-6,APOE22,male,220404,4/4/22,11,4/5/21,43,6/22/22,14.8,15,1.22,,220404-6:1,,,,,,14.8,HFD,12.36666667,,12
,XVII,7,In House,220404-7,HFD,220404_7,220404-7,APOE22,male,220404,4/4/22,11,4/5/21,51,6/22/22,14.8,15,1.22,,220404-7:1,,,,,,14.8,HFD,12.36666667,,12
,XVII,8,In House,220404-8,HFD,220404_8,220404-8,APOE22,male,220404,4/4/22,11,4/17/21,41,6/23/22,14.4,14,1.18,,220404-8:1,,,,,,14.4,HFD,11.96666667,,12
,XVII,9,In House,220404-9,HFD,220404_9,220404-9,APOE22,male,220404,4/4/22,11,4/17/21,39,6/23/22,14.4,14,1.18,,220404-9:1,,,,,,14.4,HFD,11.96666667,,12
,XVII,10,In House,220404-10,HFD,220404_10,220404-10,APOE22,male,220404,4/4/22,11,4/17/21,48,6/23/22,14.4,14,1.18,,220404-10:1,,,,,,14.4,HFD,11.96666667,,12
,XVII,11,In House,220404-11,Control,220404_11,220404-11,APOE22HN,male,220404,4/4/22,18,9/24/20,32,6/23/22,21.23333333,21,1.75,,220404-11:1,,,,,,21.23333333,Control,18.8,,19
,XVII,13,In House,220404-13,Control,220404_13,220404-13,APOE22HN,male,220404,4/4/22,18,9/24/20,35,6/23/22,21.23333333,21,1.75,,220404-13:1,,,,,,21.23333333,Control,18.8,,19
,XVlll,1,In House,220509-1,HFD,220509_1,220509-1,APOE22,male,220509,5/9/22,18,11/9/20,40,7/13/22,20.23333333,20,1.67,,220509-1:1,,,,,,,HFD,18.2,,18
,XVlll,2,In House,220509-4,HFD,220509_4,220509-4,APOE22,female,220509,5/9/22,18,11/9/20,27,7/13/22,20.23333333,20,1.67,,220509-4:1,,,,,,,HFD,18.2,,18
died during surgery/ was perfused,XVlll,3,In House,220509-6,HFD,220509_6,220509-6,APOE22,female,220509,5/9/22,18,11/9/20,42,7/6/22,20.23333333,20,1.67,,220509-6:1,,,,,,,HFD,18.2,,18
,XVlll,4,In House,220509-7,HFD,220509_7,220509-7,APOE33,male,220509,5/9/22,19,10/3/20,52,7/14/22,21.46666667,21,1.77,,220509-7:1,,,,,,,HFD,19.43333333,,19
,XVlll,5,In House,220509-8,HFD,220509_8,220509-8,APOE33,female,220509,5/9/22,18,11/5/20,34,7/14/22,20.36666667,20,1.68,,220509-8:1,,,,,,,HFD,18.33333333,,18
,XVlll,6,In House,220509-10,HFD,220509_10,220509-10,APOE33,female,220509,5/9/22,18,11/5/20,28,7/14/22,20.36666667,20,1.68,,220509-10:1,,,,,,,HFD,18.33333333,,18
,XVlll,7,In House,220509-11,Control,220509_11,220509-11,APOE44,female,220509,5/9/22,17,11/30/20,29,7/14/22,19.53333333,20,1.61,,220509-11:1,,,,,,,Control,17.5,,18
,XVlll,8,In House,220509-12,Control,220509_12,220509-12,APOE22,female,220509,5/9/22,11,6/2/21,25,7/13/22,13.4,13,1.1,,220509-12:1,,,,,,,Control,11.36666667,,11
,XVlll,9,In House,220509-13,Control,220509_13,220509-13,APOE22,female,220509,5/9/22,11,6/9/21,26,7/13/22,13.16666667,13,1.08,,220509-13:1,,,,,,,Control,11.13333333,,11
,XVlll,10,In House,220509-14,Control,220509_14,220509-14,APOE22,female,220509,5/9/22,11,6/9/21,26,7/13/22,13.16666667,13,1.08,,220509-14:1,,,,,,,Control,11.13333333,,11
,XVlll,1,In House,220606-1,Control,220606_1,220606-1,APOE33HN,male,220606,6/6/22,17,1/6/21,33,8/11/22,19.4,19,1.6,,220606-1:1,,,,,,,Control,17.2,,17
,XVlll,2,In House,220606-2,Control,220606_2,220606-2,APOE44HN,female,220606,6/6/22,18,11/30/20,30,8/11/22,20.63333333,21,1.7,,220606-2:1,,,,,,,Control,18.43333333,,19
,XVlll,3,In House,220606-3,Control,220606_3,220606-3,APOE44HN,female,220606,6/6/22,18,11/30/20,32,8/11/22,20.63333333,21,1.7,,220606-3:1,,,,,,,Control,18.43333333,,19
,XVlll,4,In House,220606-4,Control,220606_4,220606-4,APOE44HN,female,220606,6/6/22,18,11/30/20,28,8/11/22,20.63333333,21,1.7,,220606-4:1,,,,,,,Control,18.43333333,,19
,XVlll,5,In House,220606-5,Control,220606_5,220606-5,APOE44HN,female,220606,6/6/22,18,11/30/20,32,8/10/22,20.6,21,1.69,,220606-5:1,,,,,,,Control,18.43333333,,19
,XVlll,6,In House,220606-6,Control,220606_6,220606-6,APOE44HN,female,220606,6/6/22,18,11/30/20,26,8/10/22,20.6,21,1.69,,220606-6:1,,,,,,,Control,18.43333333,,19
,XVlll,7,In House,220606-15,HFD,220606_7,220606-7,APOE44,male,220606,6/6/22,18,11/30/20,40,8/10/22,20.6,21,1.69,,220606-15:1,,,,,,,HFD,18.43333333,,19
,XVlll,8,In House,220606-16,HFD,220606_8,220606-8,APOE44,male,220606,6/6/22,18,11/30/20,48,8/10/22,20.6,21,1.69,,220606-16:1,,,,,,,HFD,18.43333333,,19
,XVlll,9,In House,220606-17,Control,220606_9,220606-9,APOE44,female,220606,6/6/22,18,11/30/20,28,8/10/22,20.6,21,1.69,,220606-17:1,,,,,,,Control,18.43333333,,19
,XVlll,10,In House,220606-18,Control,220606_10,220606-10,APOE44,female,220606,6/6/22,18,11/30/20,26,8/10/22,20.6,21,1.69,,220606-18:1,,,,,,,Control,18.43333333,,19
,XVlll,11,In House,220606-19,Control,220606_11,220606-11,APOE22,male,220606,6/6/22,11,6/9/21,30,8/17/22,14.27,14,1.188888889,,220606-19:1,,,,,,,Control,12.06666667,,12
,XVlll,12,In House,220606-20,Control,220606_12,220606-12,APOE22,male,220606,6/6/22,11,6/9/21,31,8/17/22,14.27,14,1.188888889,,220606-20:1,,,,,,,Control,12.06666667,,12
,XVlll,13,In House,220606-21,Control,220606_13,220606-13,APOE22,male,220606,6/6/22,11,6/9/21,31,8/17/22,14.27,14,1.188888889,,220606-21:1,,,,,,,Control,12.06666667,,12
,XVlll,14,In House,220606-22,Control,220606_14,220606-14,APOE22,male,220606,6/6/22,11,6/9/21,33,8/17/22,14.27,14,1.188888889,,220606-22:1,,,,,,,Control,12.06666667,,12
July22cohort,XIX,1,In House,220704-2,HFD,220704_2,220704-2,APOE44,female,220704,7/4/22,17,1/7/21,46,9/7/22,20.2,20,1.67,,220704-2:1,,,,,,,HFD,18.1,Died during in vivo MRI imaging,18
July22cohort,XIX,2,In House,220704-4,HFD,220704_3,220704-3,APOE44,female,220704,7/4/22,17,1/7/21,41,9/8/22,20.2,20,1.67,,220704-4:1,,,,,,,HFD,18.1,,18
July22cohort,XIX,3,In House,220704-5,HFD,220704_4,220704-4,APOE44,female,220704,7/4/22,17,1/7/21,29,9/8/22,20.2,20,1.67,,220704-5:1,,,,,,,HFD,18.1,,18
July22cohort,XIX,4,In House,220704-11,HFD,220704_6,220704-6,APOE22HN,female,220704,7/4/22,18,12/17/20,45,9/15/22,21.23333333,21,1.744444444,,220704-11:1,,,,,,,HFD,18.8,,19
July22cohort,XIX,5,In House,220704-7,HFD,220704_7,220704-7,APOE22HN,female,220704,7/4/22,18,12/17/20,36,9/15/22,21.23333333,21,1.744444444,,220704-7:1,,,,,,,HFD,18.8,,19
July22cohort,XIX,6,In House,220704-8,HFD,220704_8,220704-8,APOE22HN,female,220704,7/4/22,18,12/20/20,33,9/15/22,21.13333333,21,1.736111111,,220704-8:1,,,,,,,HFD,18.7,,19
July22cohort,XIX,7,In House,220704-1,HFD,220704_9,220704-9,APOE22HN,female,220704,7/4/22,18,12/20/20,39,9/16/22,21.16,21,1.74,,220704-1:1,,,,,,,HFD,18.7,,19
July22cohort,XIX,8,In House,220704-10,HFD,220704_10,220704-10,APOE22HN,male,220704,7/4/22,18,12/17/20,46,9/1/22,20.96,21,1.72,,220704-10:1,,,,,,,HFD,18.8,Died during Survival surgery,19
July22cohort,XIX,9,In House,220704-14,HFD,220704_12,220704-12,APOE22HN,male,220704,7/4/22,18,12/17/20,48,9/7/22,20.96,21,1.72,,220704-14:1,,,,,,,HFD,18.8,,19
July22cohort,XIX,10,In House,220704-15,HFD,220704_13,220704-13,APOE22HN,male,220704,7/4/22,18,12/17/20,42,9/7/22,20.96,21,1.72,,220704-15:1,,,,,,,HFD,18.8,,19
July22cohort,XIX,11,In House,220704-16,HFD,220704_14,220704-14,APOE22HN,male,220704,7/4/22,18,12/17/20,40,9/7/22,20.96,21,1.72,,220704-16:1,,,,,,,HFD,18.8,,19
July22cohort,XIX,12,In House,220704-17,HFD,220704_15,220704-15,APOE33HN,female,220704,7/4/22,17,1/6/21,47,9/7/22,20.3,20,1.67,,220704-17:1,,,,,,,HFD,18.1,,18
July22cohort,XIX,13,In House,220704-18,HFD,220704_16,220704-16,APOE33HN,female,220704,7/4/22,17,1/6/21,21,9/7/22,20.3,20,1.67,,220704-18:1,,,,,,,HFD,18.1,,18
July22cohort,XIX,14,In House,220704-19,HFD,220704_17,220704-17,APOE33HN,female,220704,7/4/22,17,1/6/21,39,9/7/22,20.3,20,1.67,,220704-19:1,,,,,,,HFD,18.1,,18
August22cohort,,1,In House,220808-18,Control,220808_1,220808-1,APOE44HN,male,220808,8/8/22,12,7/12/21,22,10/12/22,15.26666667,15,1.25,,220808-18:1,,,,,,,Control,13.06666667,,13
August22cohort,,2,In House,220808-19,Control,220808_2,220808-2,APOE44HN,male,220808,8/8/22,12,7/12/21,18,10/12/22,15.26666667,15,1.25,,220808-19:1,,,,,,,Control,13.06666667,,13
August22cohort,,3,In House,220808-20,Control,220808_3,220808-3,APOE44HN,male,220808,8/8/22,12,7/12/21,20,10/13/22,15.26666667,15,1.25,,220808-20:1,,,,,,,Control,13.06666667,,13
August22cohort,,4,In House,220808-21,Control,220808_4,220808-4,APOE44HN,male,220808,8/8/22,12,7/12/21,27,10/13/22,15.26666667,15,1.25,,220808-21:1,,,,,,,Control,13.06666667,,13
August22cohort,,5,In House,220808-22,Control,220808_5,220808-5,APOE44HN,male,220808,8/8/22,12,7/12/21,30,10/13/22,15.26666667,15,1.25,,220808-22:1,,,,,,,Control,13.06666667,,13
August22cohort,,6,In House,220808-6,Control,220808_6,220808-6,APOE22HN,female,220808,8/8/22,19,1/6/21,27,10/12/22,21.5,22,1.7,,220808-6:1,,,,,,,Control,19.3,,19
August22cohort,,7,In House,220808-7,Control,220808_7,220808-7,APOE22HN,female,220808,8/8/22,19,1/6/21,24,10/12/22,21.5,22,1.7,,220808-7:1,,,,,,,Control,19.3,,19
August22cohort,,8,In House,220808-8,Control,220808_8,220808-8,APOE22HN,female,220808,8/8/22,19,1/6/21,28,10/12/22,21.5,22,1.7,,220808-8:1,,,,,,,Control,19.3,,19
August22cohort,,9,In House,220808-9,HFD,220808_9,220808-9,APOE22HN,female,220808,8/8/22,17,2/23/21,41,10/5/22,19.3,19,1.59,,220808-9:1,,,,,,,HFD,17.7,,18
August22cohort,,10,In House,220808-10,HFD,220808_10,220808-10,APOE22HN,female,220808,8/8/22,17,2/28/21,25,10/5/22,19.1,19,1.57,,220808-10:1,,,,,,,HFD,17.53333333,,18
August22cohort,,11,In House,220808-11,HFD,220808_11,220808-11,APOE22HN,female,220808,8/8/22,17,2/28/21,39,10/5/22,19.1,19,1.57,,220808-11:1,,,,,,,HFD,17.53333333,,18
August22cohort,,12,In House,220808-12,HFD,220808_12,220808-12,APOE22HN,female,220808,8/8/22,17,2/28/21,32,10/5/22,19.1,19,1.57,,220808-12:1,,,,,,,HFD,17.53333333,,18
August22cohort,,13,In House,220808-13,HFD,220808_13,220808-13,APOE22HN,male,220808,8/8/22,18,1/23/21,37,10/5/22,20.4,20,1.68,,220808-13:1,,,,,,,HFD,18.73333333,,19
August22cohort,,14,In House,220808-14,HFD,220808_14,220808-14,APOE22HN,male,220808,8/8/22,18,1/23/21,49,10/5/22,20.4,20,1.68,,220808-14:1,,,,,,,HFD,18.73333333,,19
August22cohort,,15,In House,220808-15,HFD,220808_15,220808-15,APOE22HN,male,220808,8/8/22,18,1/23/21,47,10/6/22,20.4,20,1.68,,220808-15:1,,,,,,,HFD,18.73333333,,19
August22cohort,,16,In House,220808-16,HFD,220808_16,220808-16,APOE22HN,male,220808,8/8/22,18,1/23/21,38,10/6/22,20.4,20,1.68,,220808-16:1,,,,,,,HFD,18.73333333,,19
August22cohort,,17,In House,220808-17,HFD,220808_17,220808-17,APOE22HN,male,220808,8/8/22,18,1/23/21,46,10/6/22,20.4,20,1.68,,220808-17:1,,,,,,,HFD,18.73333333,,19
September2022cohort,,1,In House,220905-7,HFD,220905_1,220905-1,APOE44,male,220905,9/5/22,17,3/6/21,45,11/2/22,20.2,20,1.66,,220905-7:1,,,,,,,HFD,18.3,,18
September2022cohort,,2,In House,220905-8,HFD,220905_2,220905-2,APOE44,female,220905,9/5/22,17,3/6/21,37,11/2/22,20.2,20,1.66,,220905-8:1,,,,,,,HFD,18.3,,18
September2022cohort,,3,In House,220905-9,HFD,220905_3,220905-3,APOE44,male,220905,9/5/22,17,3/6/21,36,11/2/22,20.2,20,1.66,,220905-9:1,,,,,,,HFD,18.3,,18
September2022cohort,,4,In House,220905-10,Control,220905_10,220905-10,APOE22HN,male,220905,9/5/22,18,2/28/21,32,11/2/22,20.4,20,1.67,,220905-10:1,,,,,,,Control,18.5,,19
September2022cohort,,5,In House,220905-11,Control,220905_11,220905-11,APOE22HN,male,220905,9/5/22,18,2/28/21,32,11/2/22,20.4,20,1.67,,220905-11:1,,,,,,,Control,18.5,,19
September2022cohort,,6,In House,220905-12,Control,220905_12,220905-12,APOE22HN,male,220905,9/5/22,18,2/28/21,33,11/2/22,20.4,20,1.67,,220905-12:1,,,,,,,Control,18.5,,19
October2022cohort,,1,In House,221003-3,HFD,221003_1,221003-1,APOE22 ,female,221003,10/3/22,12,9/15/21,21,11/17/22,14.26666667,14,1.172222222,,221003-3:1,,,,,,,HFD,12.76666667,Found Already dead before perfusion,13
October2022cohort,,2,In House,221003-4,HFD,221003_2,221003-2,APOE22 ,female,221003,10/3/22,12,9/15/21,33,11/17/22,14.26666667,14,1.172222222,,221003-4:1,,,,,,,HFD,12.76666667,,13
October2022cohort,,3,In House,221003-5,HFD,221003_3,221003-3,APOE22 ,female,221003,10/3/22,12,9/15/21,38,11/17/22,14.26666667,14,1.172222222,,221003-5:1,,,,,,,HFD,12.76666667,,13
October2022cohort,,4,In House,221003-6,HFD,221003_4,221003-4,APOE22 ,female,221003,10/3/22,12,9/15/21,34,11/17/22,14.26666667,14,1.172222222,,221003-6:1,,,,,,,HFD,12.76666667,,13
October2022cohort,,5,In House,221003-7,HFD,221003_5,221003-5,APOE22 ,male,221003,10/3/22,12,9/30/21,47,11/17/22,13.76666667,14,1.130555556,,221003-7:1,,,,,,,HFD,12.26666667,,13
October2022cohort,,6,In House,221003-8,HFD,221003_6,221003-6,APOE22 ,male,221003,10/3/22,12,9/30/21,42,11/17/22,13.76666667,14,1.130555556,,221003-8:1,,,,,,,HFD,12.26666667,Died during in vivo scanning,13
October2022cohort,,7,In House,221003-9,HFD,221003_7,221003-7,APOE22 ,male,221003,10/3/22,12,9/15/21,44,11/17/22,14.26666667,14,1.172222222,,221003-9:1,,,,,,,HFD,12.76666667,,13
Died,,,In House,,HFD,210112_10,210112-10,APOE44HN,male,210112,1/12/21,8,4/21/20,,8/17/21,,,,,,,,,,,,HFD,11.7,,9
,,,In House,,Control,210112_13,210112-13,APOE44HN,female,210112,1/12/21,8,4/21/20,,8/17/21,,,,,,,,,,,,Control,11.7,,9
,,,In House,,Control,210201_1,210201-1,APOE33,female,210201,2/1/21,12,1/2/20,,6/9/21,,,,,,,,,,,,Control,13.2,,13
Died,,,In House,,Control,210503_10,210503-10,APOE33,female,210503,5/3/21,18,11/2/19,,,,,,,,,,,,,,Control,,,18
Died,,,In House,,Control,210809_1,210809-1,APOE33HN,female,210809,8/9/21,11,8/20/20,,11/10/21,,,,,,,,,,,,Control,11.8,,12
RNA,,,In House,,HFD,210906_19,210906-19,APOE44,male,210906,8/9/21,10,10/3/20,,1/6/22,,,,,,,,,,,,HFD,11.26666667,,10
RNA,,,In House,,HFD,210906_20,210906-20,APOE44,male,210906,8/9/21,10,10/3/20,,1/6/22,,,,,,,,,,,,HFD,11.26666667,,10
RNA,,,In House,,HFD,210906_21,210906-21,APOE44,male,210906,8/9/21,10,10/3/20,,1/6/22,,,,,,,,,,,,HFD,11.26666667,,10
RNA,,,In House,,HFD,210906_22,210906-22,APOE44,male,210906,8/9/21,10,10/3/20,,1/6/22,,,,,,,,,,,,HFD,11.27,,10
RNA,,,In House,,Control,210906_23,210906-23,APOE44,female,210906,8/9/21,10,9/30/20,,1/6/22,,,,,,,,,,,,Control,11.37,,11
RNA,,,In House,,Control,210906_24,210906-24,APOE44,female,210906,8/9/21,10,9/30/20,,1/6/22,,,,,,,,,,,,Control,11.37,,11
Died,,,In House,,HFD,220207_18,220207-18,APOE33HN,female,220207,2/7/22,17,8/10/20,,,,,,,,,,,,,,HFD,18.43,,18
Died,,,In House,,Control,220404_12,220404-12,APOE22HN,male,220404,4/4/22,18,9/24/20,,,,,,,,,,,,,,Control,18.8,,19
,,,,,,,,,,,,,,,,,,,,,,,,,,,,,,
,,,,,,,,,,,,,,,,,,,,,,,,,,,,,,
,,,,,,,,,,,,,,,,,,,,,,,,,,,,,,
,,,,,,,,,,,,12,,,,,,,,,,,,,,,,,,
,,,,,,,,,,,,,,,,,,,,,,,,,,,,,,
,,,,,,,,,,,,,,,,,,,,,,,,,,,,,,
,,,,,,,,,,,,,,,,,,,,,,,,,,,,,,
,,,,,,,,,,,,12,,,,,,,,,,,,,,,,,,